wavelength_nm,surface_mirror_PM,surface_mirror_SM,surface_mirror_TM,surface_mirror_FSM,surface_EOL,surface_filter_H_alpha,surface_detector,subsystem_telescope,subsystem_photometric_instrument,instrument_photometer
250.0,0.9212727272727274,0.0,0.0,0.0,0.0,0.0,0.0,0.0,0.0,0.0
250.5,0.9212054545454547,0.0,0.0,0.0,0.0,0.0,0.0,0.0,0.0,0.0
251.0,0.9211381818181819,0.0,0.0,0.0,0.0,0.0,0.0,0.0,0.0,0.0
251.5,0.9210909090909092,0.0,0.0,0.0,0.0,0.0,0.0,0.0,0.0,0.0
252.0,0.9210909090909092,0.0,0.0,0.0,0.0,0.0,0.0,0.0,0.0,0.0
252.5,0.9210909090909092,0.0,0.0,0.0,0.0,0.0,0.02633748723186926,0.0,0.0,0.0
253.0,0.9210909090909092,0.0,0.0,0.0,0.0,0.0,0.026746067415730337,0.0,0.0,0.0
253.5,0.9210909090909092,0.0,0.0,0.0,0.0,0.0,0.02715464759959142,0.0,0.0,0.0
254.0,0.9210909090909092,0.0,0.0,0.0,0.0,0.0,0.027563227783452496,0.0,0.0,0.0
254.5,0.9211509090909091,0.0,0.0,0.0,0.0,0.0,0.027971807967313578,0.0,0.0,0.0
255.0,0.9212181818181819,0.0,0.0,0.0,0.0,0.0,0.028380388151174656,0.0,0.0,0.0
255.5,0.9212854545454546,0.0,0.0,0.0,0.0,0.0,0.028788968335035737,0.0,0.0,0.0
256.0,0.9213527272727273,0.0,0.0,0.0,0.0,0.0,0.029197548518896815,0.0,0.0,0.0
256.5,0.92142,0.0,0.0,0.0,0.0,0.0,0.029606128702757896,0.0,0.0,0.0
257.0,0.9214872727272728,0.0,0.0,0.0,0.0,0.0,0.030022058823529377,0.0,0.0,0.0
257.5,0.9215545454545455,0.0,0.0,0.0,0.0,0.0,0.030634803921568598,0.0,0.0,0.0
258.0,0.9216218181818183,0.0,0.0,0.0,0.0,0.0,0.03124754901960782,0.0,0.0,0.0
258.5,0.921689090909091,0.0,0.0,0.0,0.0,0.0,0.03186029411764704,0.0,0.0,0.0
259.0,0.9217563636363638,0.0,0.0,0.0,0.0,0.0,0.03247303921568626,0.0,0.0,0.0
259.5,0.921818181818182,0.0,0.0,0.0,0.0,0.0,0.03308578431372548,0.0,0.0,0.0
260.0,0.921818181818182,0.0,0.0,0.0,0.0,0.0,0.033698529411764704,0.0,0.0,0.0
260.5,0.921818181818182,0.0,0.0,0.0,0.0,0.0,0.034311274509803924,0.0,0.0,0.0
261.0,0.921818181818182,0.0,0.0,0.0,0.0,0.0,0.034924019607843144,0.0,0.0,0.0
261.5,0.921818181818182,0.0,0.0,0.0,0.0,0.0,0.035536764705882365,0.0,0.0,0.0
262.0,0.921818181818182,0.0,0.0,0.0,0.0,0.0,0.036174463738508696,0.0,0.0,0.0
262.5,0.9218636363636366,0.0,0.0,0.0,0.0,0.0,0.03688947906026559,0.0,0.0,0.0
263.0,0.9219309090909092,0.0,0.0,0.0,0.0,0.0,0.03760449438202248,0.0,0.0,0.0
263.5,0.9219981818181819,0.0,0.0,0.0,0.0,0.0,0.03831950970377936,0.0,0.0,0.0
264.0,0.9220654545454547,0.0,0.0,0.0,0.0,0.0,0.039034525025536254,0.0,0.0,0.0
264.5,0.9221327272727274,0.0,0.0,0.0,0.0,0.0,0.039749540347293146,0.0,0.0,0.0
265.0,0.9221818181818183,0.0,0.0,0.0,0.0,0.0,0.04046455566905003,0.0,0.0,0.0
265.5,0.9221818181818183,0.0,0.0,0.0,0.0,0.0,0.04117957099080692,0.0,0.0,0.0
266.0,0.9221818181818183,0.0,0.0,0.0,0.0,0.0,0.04189458631256381,0.0,0.0,0.0
266.5,0.9221818181818183,0.0,0.0,0.0,0.0,0.0,0.0426096016343207,0.0,0.0,0.0
267.0,0.9221818181818183,0.0,0.0,0.0,0.0,0.0,0.043752486187845226,0.0,0.0,0.0
267.5,0.9221818181818183,0.0,0.0,0.0,0.0,0.0,0.04540994475138115,0.0,0.0,0.0
268.0,0.9221818181818183,0.0,0.0,0.0,0.0,0.0,0.04706740331491708,0.0,0.0,0.0
268.5,0.9221818181818183,0.0,0.0,0.0,0.0,0.0,0.048724861878453006,0.0,0.0,0.0
269.0,0.9221818181818183,0.0,0.0,0.0,0.0,0.0,0.05038232044198893,0.0,0.0,0.0
269.5,0.9221818181818183,0.0,0.0,0.0,0.0,0.0,0.0520952380952381,0.0,0.0,0.0
270.0,0.9221818181818183,0.0,0.0,0.0,0.0,0.0,0.056063492063491996,0.0,0.0,0.0
270.5,0.9221509090909092,0.0,0.0,0.0,0.0,0.0,0.060031746031745895,0.0,0.0,0.0
271.0,0.9220836363636365,0.0,0.0,0.0,0.0,0.0,0.06636748329621352,0.0,0.0,0.0
271.5,0.9220163636363637,0.0,0.0,0.0,0.0,0.0,0.07671844660194188,0.0,0.0,0.0
272.0,0.921949090909091,0.0,0.0,0.0,0.0,0.0,0.08157281553398053,0.0,0.0,0.0
272.5,0.9218818181818184,0.0,0.0,0.0,0.0,0.0,0.08642718446601919,0.0,0.0,0.0
273.0,0.921818181818182,0.0,0.0,0.0,0.0,0.0,0.09522377622377624,0.0,0.0,0.0
273.5,0.921818181818182,0.0,0.0,0.0,0.0,0.0,0.10513317757009387,0.0,0.0,0.0
274.0,0.921818181818182,0.0,0.0,0.0,0.0,0.0,0.11594685990338137,0.0,0.0,0.0
274.5,0.921818181818182,0.0,0.0,0.0,0.0,0.0,0.12222705314009653,0.0,0.0,0.0
275.0,0.921818181818182,0.0,0.0,0.0,0.0,0.0,0.12973291925465846,0.0,0.0,0.0
275.5,0.921818181818182,0.0,0.0,0.0,0.0,0.0,0.14859016393442626,0.0,0.0,0.0
276.0,0.921818181818182,0.0,0.0,0.0,0.0,0.0,0.15473770491803282,0.0,0.0,0.0
276.5,0.921818181818182,0.0,0.0,0.0,0.0,0.0,0.1612083916083917,0.0,0.0,0.0
277.0,0.921818181818182,0.0,0.0,0.0,0.0,0.0,0.16960000000000036,0.0,0.0,0.0
277.5,0.921818181818182,0.0,0.0,0.0,0.0,0.0,0.18086956521739192,0.0,0.0,0.0
278.0,0.921818181818182,0.0,0.0,0.0,0.0,0.0,0.1888195876288661,0.0,0.0,0.0
278.5,0.921818181818182,0.0,0.0,0.0,0.0,0.0,0.19526288659793803,0.0,0.0,0.0
279.0,0.921818181818182,0.0,0.0,0.0,0.0,0.0,0.20366666666666625,0.0,0.0,0.0
279.5,0.921818181818182,0.0,0.0,0.0,0.0,0.0,0.21385737840065938,0.0,0.0,0.0
280.0,0.921818181818182,0.0,0.0,0.0,0.0,0.0,0.21921599340478154,0.0,0.0,0.0
280.5,0.921818181818182,0.0,0.0,0.0,0.0,0.0,0.2245746084089037,0.0,0.0,0.0
281.0,0.921818181818182,0.0,0.0,0.0,0.0,0.0,0.23118894601542428,0.0,0.0,0.0
281.5,0.921818181818182,0.0,0.0,0.0,0.0,0.0,0.23824128312412832,0.0,0.0,0.0
282.0,0.921818181818182,0.0,0.0,0.0,0.0,0.0,0.24521478382147854,0.0,0.0,0.0
282.5,0.921818181818182,0.0,0.0,0.0,0.0,0.0,0.2502727272727273,0.0,0.0,0.0
283.0,0.921818181818182,0.0,0.0,0.0,0.0,0.0,0.25467155425219934,0.0,0.0,0.0
283.5,0.921818181818182,0.0,0.0,0.0,0.0,0.0,0.2606103038309113,0.0,0.0,0.0
284.0,0.9218472727272728,0.0,0.0,0.0,0.0,0.0,0.2665320994794678,0.0,0.0,0.0
284.5,0.9219145454545457,0.0,0.0,0.0,0.0,0.0,0.269423944476576,0.0,0.0,0.0
285.0,0.9219818181818183,0.0,0.0,0.0,0.0,0.0,0.2723157894736842,0.0,0.0,0.0
285.5,0.922049090909091,0.0,0.0,0.0,0.0,0.0,0.2752076344707924,0.0,0.0,0.0
286.0,0.9221163636363637,0.0,0.0,0.0,0.0,0.0,0.2815612813370472,0.0,0.0,0.0
286.5,0.9221818181818183,0.0,0.0,0.0,0.0,0.0,0.2884646464646463,0.0,0.0,0.0
287.0,0.9221818181818183,0.0,0.0,0.0,0.0,0.0,0.29351515151515156,0.0,0.0,0.0
287.5,0.9221818181818183,0.0,0.0,0.0,0.0,0.0,0.29885393258426973,0.0,0.0,0.0
288.0,0.9221818181818183,0.0,0.0,0.0,0.0,0.0,0.3044719101123593,0.0,0.0,0.0
288.5,0.9221818181818183,0.0,0.0,0.0,0.0,0.0,0.3097009433962261,0.0,0.0,0.0
289.0,0.9221818181818183,0.0,0.0,0.0,0.0,0.0,0.31488962264150916,0.0,0.0,0.0
289.5,0.9221818181818183,0.0,0.0,0.0,0.0,0.0,0.32448812095032403,0.0,0.0,0.0
290.0,0.9221818181818183,0.0,0.0,0.0,0.0,0.0,0.33087358326068017,0.0,0.0,0.0
290.5,0.9221818181818183,0.0,0.0,0.0,0.0,0.0,0.3365405405405407,0.0,0.0,0.0
291.0,0.9221818181818183,0.0,0.0,0.0,0.0,0.0,0.34426511627906997,0.0,0.0,0.0
291.5,0.9221818181818183,0.0,0.0,0.0,0.0,0.0,0.3535674418604652,0.0,0.0,0.0
292.0,0.9221818181818183,0.0,0.0,0.0,0.0,0.0,0.36110683349374406,0.0,0.0,0.0
292.5,0.9221818181818183,0.0,0.0,0.0,0.0,0.0,0.36832531280077013,0.0,0.0,0.0
293.0,0.9221818181818183,0.0,0.0,0.0,0.0,0.0,0.3832007434944235,0.0,0.0,0.0
293.5,0.9221818181818183,0.0,0.0,0.0,0.0,0.0,0.38877695167286236,0.0,0.0,0.0
294.0,0.9221818181818183,0.0,0.0,0.0,0.0,0.0,0.3943531598513012,0.0,0.0,0.0
294.5,0.9221818181818183,0.0,0.0,0.0,0.0,0.0,0.40970112359550553,0.0,0.0,0.0
295.0,0.9221818181818183,0.0,0.0,0.0,0.0,0.0,0.4228750000000002,0.0,0.0,0.0
295.5,0.9221818181818183,0.0,0.0,0.0,0.0,0.0,0.4294478417266187,0.0,0.0,0.0
296.0,0.9221818181818183,0.0,0.0,0.0,0.0,0.0,0.43529316546762575,0.0,0.0,0.0
296.5,0.9221818181818183,0.0,0.0,0.0,0.0,0.0,0.4454790419161672,0.0,0.0,0.0
297.0,0.9221818181818183,0.0,0.0,0.0,0.0,0.0,0.45557617728531835,0.0,0.0,0.0
297.5,0.9221818181818183,0.0,0.0,0.0,0.0,0.0,0.46250138504155125,0.0,0.0,0.0
298.0,0.9221818181818183,0.0,0.0,0.0,0.0,0.0,0.4696944770857816,0.0,0.0,0.0
298.5,0.9221818181818183,0.0,0.0,0.0,0.0,0.0,0.47792009400705066,0.0,0.0,0.0
299.0,0.9221818181818183,0.0,0.0,0.0,0.0,0.0,0.4848854961832062,0.0,0.0,0.0
299.5,0.9221818181818183,0.0,0.0,0.0,0.0,0.0,0.49061068702290084,0.0,0.0,0.0
300.0,0.9221818181818183,0.0,0.0,0.0,0.0,0.0,0.4971240428790199,0.0,0.0,0.0
300.5,0.922249090909091,0.0,0.0,0.0,0.0,0.0,0.5043860711582134,0.0,0.0,0.0
301.0,0.9223163636363638,0.0,0.0,0.0,0.0,0.0,0.5081710825132475,0.0,0.0,0.0
301.5,0.9223836363636365,0.0,0.0,0.0,0.0,0.0,0.5119560938682817,0.0,0.0,0.0
302.0,0.9224509090909092,0.0,0.0,0.0,0.0,0.0,0.515517595307918,0.0,0.0,0.0
302.5,0.9225181818181819,0.0,0.0,0.0,0.0,0.0,0.5188167155425221,0.0,0.0,0.0
303.0,0.9225854545454547,0.0,0.0,0.0,0.0,0.0,0.5221158357771261,0.0,0.0,0.0
303.5,0.9226527272727274,0.0,0.0,0.0,0.0,0.0,0.5249132253005749,0.0,0.0,0.0
304.0,0.9227200000000001,0.0,0.0,0.0,0.0,0.0,0.5275269210663878,0.0,0.0,0.0
304.5,0.9227872727272728,0.0,0.0,0.0,0.0,0.0,0.5301406168322006,0.0,0.0,0.0
305.0,0.9228545454545456,0.0,0.0,0.0,0.0,0.0,0.5327543125980135,0.0,0.0,0.0
305.5,0.9228963636363637,0.0,0.0,0.0,0.0,0.0,0.5350350404312668,0.0,0.0,0.0
306.0,0.922829090909091,0.0,0.0,0.0,0.0,0.0,0.5372812219227313,0.0,0.0,0.0
306.5,0.9227618181818183,0.0,0.0,0.0,0.0,0.0,0.5395274034141958,0.0,0.0,0.0
307.0,0.9226945454545455,0.0,0.0,0.0,0.0,0.0,0.5417735849056603,0.0,0.0,0.0
307.5,0.9226272727272729,0.0,0.0,0.0,0.0,0.0,0.543918202247191,0.0,0.0,0.0
308.0,0.9225600000000002,0.0,0.0,0.0,0.0,0.0,0.5459406741573034,0.0,0.0,0.0
308.5,0.9225454545454547,0.0,0.0,0.0,0.0,0.0,0.5479631460674157,0.0,0.0,0.0
309.0,0.9225454545454547,0.0,0.0,0.0,0.0,0.0,0.5499856179775281,0.0,0.0,0.0
309.5,0.9225454545454547,0.0,0.0,0.0,0.0,0.0,0.5520080898876405,0.0,0.0,0.0
310.0,0.9225454545454547,0.0,0.0,0.0,0.0,0.0,0.5540305617977529,0.0,0.0,0.0
310.5,0.9225454545454547,0.0,0.0,0.0,0.0,0.0,0.5560530337078652,0.0,0.0,0.0
311.0,0.9225454545454547,0.0,0.0,0.0,0.0,0.0,0.5580755056179776,0.0,0.0,0.0
311.5,0.9225454545454547,0.0,0.0,0.0,0.0,0.0,0.5600979775280899,0.0,0.0,0.0
312.0,0.9225454545454547,0.0,0.0,0.0,0.0,0.0,0.5620183823529412,0.0,0.0,0.0
312.5,0.9225454545454547,0.0,0.0,0.0,0.0,0.0,0.5638566176470589,0.0,0.0,0.0
313.0,0.9225454545454547,0.0,0.0,0.0,0.0,0.0,0.5656948529411765,0.0,0.0,0.0
313.5,0.9225454545454547,0.0,0.0,0.0,0.0,0.0,0.5675330882352941,0.0,0.0,0.0
314.0,0.9225454545454547,0.0,0.0,0.0,0.0,0.0,0.5693713235294118,0.0,0.0,0.0
314.5,0.9225454545454547,0.0,0.0,0.0,0.0,0.0,0.5711511546536039,0.0,0.0,0.0
315.0,0.9225454545454547,0.0,0.0,0.0,0.0,0.0,0.5729006298110566,0.0,0.0,0.0
315.5,0.9225454545454547,0.0,0.0,0.0,0.0,0.0,0.5746501049685094,0.0,0.0,0.0
316.0,0.9225454545454547,0.0,0.0,0.0,0.0,0.0,0.5763995801259622,0.0,0.0,0.0
316.5,0.9225454545454547,0.0,0.0,0.0,0.0,0.0,0.578149055283415,0.0,0.0,0.0
317.0,0.9225454545454547,0.0,0.0,0.0,0.0,0.0,0.5798985304408677,0.0,0.0,0.0
317.5,0.9225454545454547,0.0,0.0,0.0,0.0,0.0,0.5813756845564074,0.0,0.0,0.0
318.0,0.9225454545454547,0.0,0.0,0.0,0.0,0.0,0.5828360715589631,0.0,0.0,0.0
318.5,0.9225454545454547,0.0,0.0,0.0,0.0,0.0,0.5842964585615188,0.0,0.0,0.0
319.0,0.9225454545454547,0.0,0.0,0.0,0.0,0.0,0.5857568455640745,0.0,0.0,0.0
319.5,0.9225454545454547,0.0,0.0,0.0,0.0,0.0,0.5872172325666302,0.0,0.0,0.0
320.0,0.9225454545454547,0.0,0.0,0.0,0.0,0.0,0.5886647564469915,0.0,0.0,0.0
320.5,0.9225454545454547,0.0,0.0,0.0,0.0,0.0,0.5900974212034384,0.0,0.0,0.0
321.0,0.9225454545454547,0.0,0.0,0.0,0.0,0.0,0.5915300859598854,0.0,0.0,0.0
321.5,0.9225454545454547,0.0,0.0,0.0,0.0,0.0,0.5929627507163324,0.0,0.0,0.0
322.0,0.922698181818182,0.0,0.0,0.0,0.0,0.0,0.5943954154727794,0.0,0.0,0.0
322.5,0.9229,0.0,0.0,0.0,0.0,0.0,0.5958280802292264,0.0,0.0,0.0
323.0,0.9231018181818182,0.0,0.0,0.0,0.0,0.0,0.5972339331619537,0.0,0.0,0.0
323.5,0.9233036363636363,0.0,0.0,0.0,0.0,0.0,0.5985192802056555,0.0,0.0,0.0
324.0,0.9235054545454545,0.0,0.0,0.0,0.0,0.0,0.5998046272493573,0.0,0.0,0.0
324.5,0.9236363636363636,0.0,0.0,0.0,0.0,0.0,0.6010899742930591,0.0,0.0,0.0
325.0,0.9236363636363636,0.0,0.0,0.0,0.0,0.0,0.6023753213367609,0.0,0.0,0.0
325.5,0.9236363636363636,0.0,0.0,0.0,0.0,0.0,0.6036606683804626,0.0,0.0,0.0
326.0,0.9236363636363636,0.0,0.0,0.0,0.0,0.0,0.6049460154241645,0.0,0.0,0.0
326.5,0.9236363636363636,0.0,0.0,0.0,0.0,0.0,0.6062275280898876,0.0,0.0,0.0
327.0,0.9236363636363636,0.0,0.0,0.0,0.0,0.0,0.6074915730337078,0.0,0.0,0.0
327.5,0.9236363636363636,0.0,0.0,0.0,0.0,0.0,0.608755617977528,0.0,0.0,0.0
328.0,0.9236363636363636,0.0,0.0,0.0,0.0,0.0,0.6100196629213482,0.0,0.0,0.0
328.5,0.9236363636363636,0.0,0.0,0.0,0.0,0.0,0.6112837078651685,0.0,0.0,0.0
329.0,0.9236363636363636,0.0,0.0,0.0,0.0,0.0,0.6125477528089887,0.0,0.0,0.0
329.5,0.9236363636363636,0.0,0.0,0.0,0.0,0.0,0.6138117977528089,0.0,0.0,0.0
330.0,0.9236727272727272,0.0,0.0,0.0,0.0,0.0,0.6150842696629213,0.0,0.0,0.0
330.5,0.92374,0.0,0.0,0.0,0.0,0.0,0.6164887640449438,0.0,0.0,0.0
331.0,0.9238072727272727,0.0,0.0,0.0,0.0,0.0,0.6178932584269663,0.0,0.0,0.0
331.5,0.9238745454545455,0.0,0.0,0.0,0.0,0.0,0.6192977528089888,0.0,0.0,0.0
332.0,0.9239418181818182,0.0,0.0,0.0,0.0,0.0,0.6207022471910112,0.0,0.0,0.0
332.5,0.924,0.0,0.0,0.0,0.0,0.0,0.6221067415730337,0.0,0.0,0.0
333.0,0.924,0.0,0.0,0.0,0.0,0.0,0.6235112359550562,0.0,0.0,0.0
333.5,0.924,0.0,0.0,0.0,0.0,0.0,0.6249157303370787,0.0,0.0,0.0
334.0,0.924,0.0,0.0,0.0,0.0,0.0,0.6261624072547404,0.0,0.0,0.0
334.5,0.924,0.0,0.0,0.0,0.0,0.0,0.62739901071723,0.0,0.0,0.0
335.0,0.924,0.0,0.0,0.0,0.0,0.0,0.6286356141797198,0.0,0.0,0.0
335.5,0.9240490909090909,0.0,0.0,0.0,0.0,0.0,0.6298722176422095,0.0,0.0,0.0
336.0,0.9241163636363636,0.0,0.0,0.0,0.0,0.0,0.6311088211046991,0.0,0.0,0.0
336.5,0.9241836363636364,0.0,0.0,0.0,0.0,0.0,0.6323454245671889,0.0,0.0,0.0
337.0,0.9242509090909091,0.0,0.0,0.0,0.0,0.0,0.6335820280296786,0.0,0.0,0.0
337.5,0.9243181818181818,0.0,0.0,0.0,0.0,0.0,0.6347294765840221,0.0,0.0,0.0
338.0,0.9243854545454546,0.0,0.0,0.0,0.0,0.0,0.6358314049586777,0.0,0.0,0.0
338.5,0.9244527272727273,0.0,0.0,0.0,0.0,0.0,0.6369333333333334,0.0,0.0,0.0
339.0,0.9245200000000001,0.0,0.0,0.0,0.0,0.0,0.6380352617079891,0.0,0.0,0.0
339.5,0.9245872727272728,0.0,0.0,0.0,0.0,0.0,0.6391371900826447,0.0,0.0,0.0
340.0,0.9246545454545455,0.0,0.0,0.0,0.0,0.0,0.6402391184573003,0.0,0.0,0.0
340.5,0.9247218181818183,0.0,0.0,0.0,0.0,0.0,0.641341046831956,0.0,0.0,0.0
341.0,0.9247272727272728,0.0,0.0,0.0,0.0,0.0,0.6424233361415334,0.0,0.0,0.0
341.5,0.9247272727272728,0.0,0.0,0.0,0.0,0.0,0.6434764111204718,0.0,0.0,0.0
342.0,0.9247272727272728,0.0,0.0,0.0,0.0,0.0,0.6445294860994103,0.0,0.0,0.0
342.5,0.9247272727272728,0.0,0.0,0.0,0.0,0.0,0.6455825610783488,0.0,0.0,0.0
343.0,0.9247272727272728,0.0,0.0,0.0,0.0,0.0,0.6466356360572872,0.0,0.0,0.0
343.5,0.9247618181818184,0.0,0.0,0.0,0.0,0.0,0.6476887110362258,0.0,0.0,0.0
344.0,0.924829090909091,0.0,0.0,0.0,0.0,0.0,0.6487417860151643,0.0,0.0,0.0
344.5,0.9248963636363637,0.0,0.0,0.0,0.0,0.0,0.6497948609941028,0.0,0.0,0.0
345.0,0.9249636363636364,0.0,0.0,0.0,0.0,0.0,0.6508479359730412,0.0,0.0,0.0
345.5,0.9250309090909092,0.0,0.0,0.0,0.0,0.0,0.6519010109519797,0.0,0.0,0.0
346.0,0.9250909090909092,0.0,0.0,0.0,0.0,0.0,0.6527403472931562,0.0,0.0,0.0
346.5,0.9250909090909092,0.0,0.0,0.0,0.0,0.0,0.6535575076608784,0.0,0.0,0.0
347.0,0.9250909090909092,0.0,0.0,0.0,0.0,0.0,0.6543746680286006,0.0,0.0,0.0
347.5,0.9250909090909092,0.0,0.0,0.0,0.0,0.0,0.6551918283963227,0.0,0.0,0.0
348.0,0.9250909090909092,0.0,0.0,0.0,0.0,0.0,0.6560089887640449,0.0,0.0,0.0
348.5,0.9250909090909092,0.0,0.0,0.0,0.0,0.0,0.6568261491317671,0.0,0.0,0.0
349.0,0.9250909090909092,0.0,0.0,0.0,0.0,0.0,0.6576433094994892,0.0,0.0,0.0
349.5,0.9250909090909092,0.0,0.0,0.0,0.0,0.0,0.6584604698672114,0.0,0.0,0.0
350.0,0.9250909090909092,0.8029999999999999,0.8029999999999999,0.8029999999999999,0.0,0.0,0.6592776302349336,0.0,0.0,0.0
350.5,0.9250909090909092,0.8025,0.8025,0.8025,0.0,0.0,0.6600710784313726,0.0,0.0,0.0
351.0,0.9250909090909092,0.802,0.802,0.802,0.0,0.0,0.6606838235294118,0.0,0.0,0.0
351.5,0.9251109090909092,0.8025,0.8025,0.8025,0.0,0.0,0.661296568627451,0.0,0.0,0.0
352.0,0.9251781818181819,0.8029999999999999,0.8029999999999999,0.8029999999999999,0.0,0.0,0.6619093137254902,0.0,0.0,0.0
352.5,0.9252454545454547,0.8025,0.8025,0.8025,0.0,0.0,0.6625220588235294,0.0,0.0,0.0
353.0,0.9253127272727274,0.802,0.802,0.802,0.0,0.0,0.6631348039215686,0.0,0.0,0.0
353.5,0.9253800000000002,0.801,0.801,0.801,0.0,0.0,0.6637475490196079,0.0,0.0,0.0
354.0,0.9254472727272729,0.8,0.8,0.8,0.0,0.0,0.6643602941176471,0.0,0.0,0.0
354.5,0.9254545454545456,0.7985,0.7985,0.7985,0.0,0.0,0.6649730392156863,0.0,0.0,0.0
355.0,0.9254545454545456,0.797,0.797,0.797,0.0,0.0,0.6655857843137255,0.0,0.0,0.0
355.5,0.9254545454545456,0.7965,0.7965,0.7965,0.0,0.0,0.6661654749744638,0.0,0.0,0.0
356.0,0.9254545454545456,0.7959999999999999,0.7959999999999999,0.7959999999999999,0.0,0.0,0.6666762002042901,0.0,0.0,0.0
356.5,0.9254545454545456,0.7965,0.7965,0.7965,0.0,0.0,0.6671869254341165,0.0,0.0,0.0
357.0,0.9254872727272729,0.797,0.797,0.797,0.0,0.0,0.6676976506639428,0.0,0.0,0.0
357.5,0.9255545454545456,0.797,0.797,0.797,0.0,0.0,0.6682083758937691,0.0,0.0,0.0
358.0,0.9256218181818184,0.797,0.797,0.797,0.0,0.0,0.6687191011235956,0.0,0.0,0.0
358.5,0.9256890909090911,0.796,0.796,0.796,0.0,0.0,0.6692298263534219,0.0,0.0,0.0
359.0,0.9257563636363639,0.795,0.795,0.795,0.0,0.0,0.6697405515832482,0.0,0.0,0.0
359.5,0.9258236363636366,0.7935000000000001,0.7935000000000001,0.7935000000000001,0.0,0.0,0.6702512768130746,0.0,0.0,0.0
360.0,0.9258909090909093,0.792,0.792,0.792,0.88,0.0,0.6707620020429009,0.40477905941299214,0.0,0.0
360.5,0.925958181818182,0.792,0.792,0.792,0.8800294117647058,0.0,0.671218137254902,0.4048219992586401,0.0,0.0
361.0,0.9260254545454547,0.792,0.792,0.792,0.8800588235294118,0.0,0.6716266339869281,0.40486494107020726,0.0,0.0
361.5,0.9260927272727274,0.792,0.792,0.792,0.8800882352941176,0.0,0.6720351307189543,0.4049078848476935,0.0,0.0
362.0,0.9261600000000001,0.792,0.792,0.792,0.8801176470588236,0.0,0.6724436274509804,0.40495083059109893,0.0,0.0
362.5,0.9261818181818182,0.7925,0.7925,0.7925,0.8801470588235294,0.0,0.6728521241830066,0.40574138360154993,0.0,0.0
363.0,0.9261818181818182,0.7929999999999999,0.7929999999999999,0.7929999999999999,0.8801764705882353,0.0,0.6732606209150327,0.4065234172762048,0.0,0.0
363.5,0.9261818181818182,0.7935,0.7935,0.7935,0.8802058823529412,0.0,0.6736691176470588,0.4073064720261139,0.0,0.0
364.0,0.9261818181818182,0.794,0.794,0.794,0.8802352941176471,0.0,0.674077614379085,0.408090548559929,0.0,0.0
364.5,0.9261818181818182,0.7935,0.7935,0.7935,0.880264705882353,0.0,0.6744861111111111,0.4073336920262493,0.0,0.0
365.0,0.9261818181818182,0.7929999999999999,0.7929999999999999,0.7929999999999999,0.8802941176470589,0.0,0.6748946078431373,0.4065777544301547,0.0,0.0
365.5,0.9261818181818182,0.7925,0.7925,0.7925,0.8803235294117647,0.0,0.6755079872204472,0.4058227352574099,0.0,0.0
366.0,0.9261818181818182,0.792,0.792,0.792,0.8803529411764707,0.0,0.6761926061159288,0.40506863399369797,0.0,0.0
366.5,0.9261818181818182,0.792,0.792,0.792,0.8803823529411765,0.0,0.6768772250114103,0.4050821669562128,0.0,0.0
367.0,0.9261818181818182,0.792,0.792,0.792,0.8804117647058824,0.0,0.6775618439068919,0.4050956999187276,0.0,0.0
367.5,0.9261818181818182,0.7935000000000001,0.7935000000000001,0.7935000000000001,0.8804411764705883,0.0,0.6782464628023733,0.4074153520266557,0.0,0.0
368.0,0.9262400000000001,0.795,0.795,0.795,0.8804705882352942,0.0,0.6789310816978549,0.4097696334936566,0.0,0.0
368.5,0.9263072727272729,0.7955,0.7955,0.7955,0.8805000000000001,0.0,0.6796157005933364,0.4105868028543217,0.0,0.0
369.0,0.9263745454545457,0.7959999999999999,0.7959999999999999,0.7959999999999999,0.880529411764706,0.0,0.6803003194888179,0.4114051116130094,0.0,0.0
369.5,0.9264418181818185,0.7989999999999999,0.7989999999999999,0.7989999999999999,0.8805588235294118,0.0,0.6809849383842994,0.41611834391143626,0.0,0.0
370.0,0.9265090909090912,0.802,0.802,0.802,0.8805882352941178,0.0,0.6826001308900523,0.42086776998633835,0.0,0.0
370.5,0.9265454545454549,0.8045,0.8045,0.8045,0.8806176470588236,0.0,0.6842362565445026,0.4248467099174419,0.0,0.0
371.0,0.9265454545454549,0.807,0.807,0.807,0.8806470588235294,0.0,0.6858723821989529,0.42883401184889536,0.0,0.0
371.5,0.9265454545454549,0.8089999999999999,0.8089999999999999,0.8089999999999999,0.8806764705882354,0.0,0.6875085078534031,0.43204470599919326,0.0,0.0
372.0,0.9265454545454549,0.8109999999999999,0.8109999999999999,0.8109999999999999,0.8807058823529412,0.0,0.6891446335078534,0.435271457375049,0.0,0.0
372.5,0.9265454545454549,0.8145,0.8145,0.8145,0.8807352941176472,0.0,0.6907807591623036,0.4409459886782536,0.0,0.0
373.0,0.9265454545454549,0.818,0.818,0.818,0.880764705882353,0.0,0.6934799541809851,0.44666975256239855,0.0,0.0
373.5,0.9265454545454549,0.822,0.822,0.822,0.880794117647059,0.0,0.6963436426116838,0.45326959513904924,0.0,0.0
374.0,0.9265454545454549,0.826,0.826,0.826,0.8808235294117648,0.0,0.6992073310423826,0.45993427938887615,0.0,0.0
374.5,0.9265454545454549,0.8294999999999999,0.8294999999999999,0.8294999999999999,0.8808529411764707,0.0,0.702124248496994,0.4658212642155981,0.0,0.0
375.0,0.9265454545454549,0.833,0.833,0.833,0.8808823529411766,0.0,0.7051302605210421,0.4717584020670183,0.0,0.0
375.5,0.9265454545454549,0.8385,0.8385,0.8385,0.8809117647058825,0.0,0.7081362725450902,0.48118085638061997,0.0,0.0
376.0,0.9265890909090913,0.8440000000000001,0.8440000000000001,0.8440000000000001,0.8809411764705883,0.0,0.711067415730337,0.49075127056806606,0.0,0.0
376.5,0.9266563636363639,0.8495,0.8495,0.8495,0.8809705882352943,0.0,0.713876404494382,0.5004610371336319,0.0,0.0
377.0,0.9267236363636366,0.855,0.855,0.855,0.8810000000000001,0.0,0.7166853932584271,0.5102987359706633,0.0,0.0
377.5,0.9267909090909092,0.8595,0.8595,0.8595,0.8810294117647061,0.0,0.7194943820224721,0.5184535052656022,0.0,0.0
378.0,0.9268581818181819,0.8640000000000001,0.8640000000000001,0.8640000000000001,0.8810588235294119,0.0,0.721687242798354,0.5266952725923127,0.0,0.0
378.5,0.926909090909091,0.8675,0.8675,0.8675,0.8810882352941178,0.0,0.7237448559670783,0.5331691277700101,0.0,0.0
379.0,0.926909090909091,0.871,0.871,0.871,0.8811176470588237,0.0,0.7258024691358025,0.539666557346171,0.0,0.0
379.5,0.926909090909091,0.875,0.875,0.875,0.8811470588235296,0.0,0.7278600823045268,0.547154148834392,0.0,0.0
380.0,0.926909090909091,0.879,0.879,0.879,0.8811764705882354,0.0,0.7299176954732511,0.5547108476963591,0.0,0.0
380.5,0.926909090909091,0.8835,0.8835,0.8835,0.8812058823529413,0.0,0.7307915194346289,0.5632927878023751,0.0,0.0
381.0,0.926909090909091,0.888,0.888,0.888,0.8812352941176472,0.0,0.7316160188457008,0.57196298183093,0.0,0.0
381.5,0.9269654545454546,0.8915,0.8915,0.8915,0.8812647058823531,0.0,0.7324405182567727,0.5788072592080964,0.0,0.0
382.0,0.9270327272727273,0.895,0.895,0.895,0.881294117647059,0.0,0.7332650176678446,0.5857132432342979,0.0,0.0
382.5,0.9271,0.8979999999999999,0.8979999999999999,0.8979999999999999,0.8813235294117648,0.0,0.7340895170789163,0.591685540321229,0.0,0.0
383.0,0.9271672727272727,0.9009999999999999,0.9009999999999999,0.9009999999999999,0.8813529411764708,0.0,0.7349140164899882,0.5976987182754121,0.0,0.0
383.5,0.9272345454545454,0.9044999999999999,0.9044999999999999,0.9044999999999999,0.8813823529411766,0.0,0.7357385159010601,0.6047552787812226,0.0,0.0
384.0,0.9272727272727272,0.9079999999999999,0.9079999999999999,0.9079999999999999,0.8814117647058826,0.0,0.736563015312132,0.6118484654731636,0.0,0.0
384.5,0.9272727272727272,0.9115,0.9115,0.9115,0.8814411764705884,0.0,0.7372879901960785,0.6189717672212148,0.0,0.0
385.0,0.9272727272727272,0.915,0.915,0.915,0.8814705882352943,0.0,0.7379007352941177,0.6261503024659093,0.0,0.0
385.5,0.9272727272727272,0.9179999999999999,0.9179999999999999,0.9179999999999999,0.8815000000000002,0.0,0.7385134803921569,0.6323504716819637,0.0,0.0
386.0,0.9272727272727272,0.9209999999999999,0.9209999999999999,0.9209999999999999,0.8815294117647061,0.0,0.7391262254901961,0.638591574302509,0.0,0.0
386.5,0.9272727272727272,0.9219999999999999,0.9219999999999999,0.9219999999999999,0.881558823529412,0.0,0.7397389705882353,0.6406953122428364,0.0,0.0
387.0,0.9272727272727272,0.9229999999999999,0.9229999999999999,0.9229999999999999,0.8815882352941179,0.0,0.7403517156862746,0.6428037113961274,0.0,0.0
387.5,0.9272727272727272,0.9269999999999999,0.9269999999999999,0.9269999999999999,0.8816176470588237,0.0,0.7409644607843138,0.6512188511025,0.0,0.0
388.0,0.9272727272727272,0.9309999999999999,0.9309999999999999,0.9309999999999999,0.8816470588235297,0.0,0.741577205882353,0.6597073042422547,0.0,0.0
388.5,0.9272727272727272,0.933,0.933,0.933,0.8816764705882355,0.0,0.7421899509803922,0.6639901987240638,0.0,0.0
389.0,0.9272727272727272,0.935,0.935,0.935,0.8817058823529415,0.0,0.7428026960784314,0.6682916847750003,0.0,0.0
389.5,0.9272727272727272,0.9355,0.9355,0.9355,0.8817352941176473,0.0,0.7440190380761523,0.6693867124243263,0.0,0.0
390.0,0.9272727272727272,0.9359999999999999,0.9359999999999999,0.9359999999999999,0.8817647058823532,0.0,0.7455220440881763,0.6704829589876364,0.0,0.0
390.5,0.9272727272727272,0.9390000000000001,0.9390000000000001,0.9390000000000001,0.8817941176470591,0.0,0.7470250501002005,0.676973175971973,0.0,0.0
391.0,0.9272727272727272,0.9420000000000001,0.9420000000000001,0.9420000000000001,0.8818235294117649,0.0,0.7485280561122245,0.6835052862549821,0.0,0.0
391.5,0.9272727272727272,0.9425,0.9425,0.9425,0.8818529411764708,0.0,0.7500310621242485,0.6846170817779832,0.0,0.0
392.0,0.9272727272727272,0.943,0.943,0.943,0.8818823529411767,0.0,0.7515340681362727,0.6857301060296728,0.0,0.0
392.5,0.9272727272727272,0.9450000000000001,0.9450000000000001,0.9450000000000001,0.8819117647058826,0.0,0.7536995073891627,0.6901254578352276,0.0,0.0
393.0,0.9272727272727272,0.9470000000000001,0.9470000000000001,0.9470000000000001,0.8819411764705885,0.0,0.7561625615763546,0.6945396489894002,0.0,0.0
393.5,0.9272727272727272,0.9485,0.9485,0.9485,0.8819705882352944,0.0,0.7586256157635467,0.6978684985004012,0.0,0.0
394.0,0.9272727272727272,0.95,0.95,0.95,0.8820000000000002,0.0,0.7611114167812928,0.7012080409090911,0.0,0.0
394.5,0.9272727272727272,0.9515,0.9515,0.9515,0.8820294117647062,0.0,0.7642063273727647,0.7045582938252377,0.0,0.0
395.0,0.9272727272727272,0.953,0.953,0.953,0.882058823529412,0.0,0.7673012379642367,0.7079192748608183,0.0,0.0
395.5,0.9272727272727272,0.9535,0.9535,0.9535,0.882088235294118,0.0,0.7703686635944702,0.7090577505109537,0.0,0.0
396.0,0.9272727272727272,0.9540000000000001,0.9540000000000001,0.9540000000000001,0.8821176470588238,0.0,0.7732488479262674,0.7101974704005821,0.0,0.0
396.5,0.9272727272727272,0.9545,0.9545,0.9545,0.8821470588235297,0.0,0.7761290322580645,0.7113384352602173,0.0,0.0
397.0,0.9272727272727272,0.955,0.955,0.955,0.8821764705882356,0.0,0.7790092165898617,0.7124806458204547,0.0,0.0
397.5,0.9272727272727272,0.9570000000000001,0.9570000000000001,0.9570000000000001,0.8822058823529415,0.0,0.7813398692810457,0.7169902487055004,0.0,0.0
398.0,0.9272727272727272,0.9590000000000001,0.9590000000000001,0.9590000000000001,0.8822352941176473,0.0,0.7833823529411764,0.7215189401913822,0.0,0.0
398.5,0.9272727272727272,0.9590000000000001,0.9590000000000001,0.9590000000000001,0.8822647058823533,0.0,0.7854248366013071,0.7215429940299004,0.0,0.0
399.0,0.9272727272727272,0.9590000000000001,0.9590000000000001,0.9590000000000001,0.8822941176470591,0.0,0.787467320261438,0.7215670478684185,0.0,0.0
399.5,0.9272727272727272,0.9585,0.9585,0.9585,0.8823235294117651,0.0,0.7895098039215687,0.720463028276547,0.0,0.0
400.0,0.9272727272727272,0.958,0.958,0.958,0.8823529411764709,0.0,0.791182572614108,0.719360109818182,0.0,0.0
400.5,0.9272727272727272,0.9585,0.9585,0.9585,0.8823529411764709,0.0,0.7927385892116183,0.7204870445113639,0.0,0.0
401.0,0.9272727272727272,0.9590000000000001,0.9590000000000001,0.9590000000000001,0.8823529411764709,0.0,0.7942946058091287,0.7216151555454549,0.0,0.0
401.5,0.9272727272727272,0.9615,0.9615,0.9615,0.8823529411764709,0.0,0.7958506224066391,0.7272733773068186,0.0,0.0
402.0,0.9272727272727272,0.9640000000000001,0.9640000000000001,0.9640000000000001,0.8823529411764709,0.0,0.7974066390041494,0.732961099636364,0.0,0.0
402.5,0.9272727272727272,0.966,0.966,0.966,0.8823529411764709,0.0,0.7989626556016598,0.7375325694545456,0.0,0.0
403.0,0.9272727272727272,0.968,0.968,0.968,0.8823529411764709,0.0,0.8001993855606759,0.7421230080000001,0.0,0.0
403.5,0.9272727272727272,0.9685,0.9685,0.9685,0.8823529411764709,0.0,0.8014282642089094,0.743273586102273,0.0,0.0
404.0,0.9272727272727272,0.9690000000000001,0.9690000000000001,0.9690000000000001,0.8823529411764709,0.0,0.802657142857143,0.7444253528181822,0.0,0.0
404.5,0.9272727272727272,0.9695,0.9695,0.9695,0.8823529411764709,0.0,0.8038860215053764,0.7455783087613639,0.0,0.0
405.0,0.9272727272727272,0.97,0.97,0.97,0.8823529411764709,0.0,0.8051149001536099,0.7467324545454547,0.0,0.0
405.5,0.9272727272727272,0.9704999999999999,0.9704999999999999,0.9704999999999999,0.8823529411764709,0.0,0.8063437788018434,0.747887790784091,0.0,0.0
406.0,0.9272727272727272,0.971,0.971,0.971,0.8823529411764709,0.0,0.8075584553928097,0.7490443180909093,0.0,0.0
406.5,0.9272727272727272,0.972,0.972,0.972,0.8823529411764709,0.0,0.8087568575233023,0.7513609483636365,0.0,0.0
407.0,0.9272727272727272,0.973,0.973,0.973,0.8823529411764709,0.0,0.809955259653795,0.7536823502727276,0.0,0.0
407.5,0.9272727272727272,0.9724999999999999,0.9724999999999999,0.9724999999999999,0.8823529411764709,0.0,0.8111536617842876,0.7525210525568182,0.0,0.0
408.0,0.9272727272727272,0.972,0.972,0.972,0.8823529411764709,0.0,0.8123520639147803,0.7513609483636365,0.0,0.0
408.5,0.9272727272727272,0.9715,0.9715,0.9715,0.8823529411764709,0.0,0.8135504660452729,0.7502020370795457,0.0,0.0
409.0,0.9272727272727272,0.971,0.971,0.971,0.8823529411764709,0.0,0.8147488681757656,0.7490443180909093,0.0,0.0
409.5,0.9272727272727272,0.972,0.972,0.972,0.8823529411764709,0.0,0.8159472703062582,0.7513609483636365,0.0,0.0
410.0,0.9272727272727272,0.973,0.973,0.973,0.8823529411764709,0.0,0.8165727980826842,0.7536823502727276,0.0,0.0
410.5,0.9272727272727272,0.9744999999999999,0.9744999999999999,0.9744999999999999,0.8823529411764709,0.0,0.8171719592570401,0.7571734106931819,0.0,0.0
411.0,0.9272727272727272,0.976,0.976,0.976,0.8823529411764709,0.0,0.817771120431396,0.7606752349090911,0.0,0.0
411.5,0.9272727272727272,0.9744999999999999,0.9744999999999999,0.9744999999999999,0.8823529555155799,0.0,0.8183702816057519,0.7571734229979996,0.0,0.0
412.0,0.9272727272727272,0.973,0.973,0.973,0.8823529803418709,0.0,0.8189694427801079,0.7536823837267678,0.0,0.0
412.5,0.9272727272727272,0.9744999999999999,0.9744999999999999,0.9744999999999999,0.8823530051681621,0.0,0.8195686039544637,0.7571734656063632,0.0,0.0
413.0,0.9272727272727272,0.976,0.976,0.976,0.8823530308559384,0.0,0.8201677651288196,0.7606753122216344,0.0,0.0
413.5,0.9272727272727272,0.9755,0.9755,0.9755,0.8823530579833629,0.0,0.8207669263031755,0.7595068637148293,0.0,0.0
414.0,0.9272727272727272,0.975,0.975,0.975,0.8823530851107874,0.0,0.8213660874775314,0.7583396123409165,0.0,0.0
414.5,0.9272727272727272,0.9764999999999999,0.9764999999999999,0.9764999999999999,0.8823531126661037,0.0,0.8219652486518874,0.7618450525342125,0.0,0.0
415.0,0.9272727272727272,0.978,0.978,0.978,0.882353142293318,0.0,0.8222886618998978,0.7653612806324327,0.0,0.0
415.5,0.9272727272727272,0.978,0.978,0.978,0.8823531719205321,0.0,0.8225950970377937,0.7653613063313524,0.0,0.0
416.0,0.9272727272727272,0.978,0.978,0.978,0.8823532015477463,0.0,0.8229015321756894,0.7653613320302721,0.0,0.0
416.5,0.9272727272727272,0.9795,0.9795,0.9795,0.8823532338021902,0.0,0.8232079673135853,0.7688883653482343,0.0,0.0
417.0,0.9272727272727272,0.981,0.981,0.981,0.8823532661435746,0.0,0.8235144024514811,0.7724262180268756,0.0,0.0
417.5,0.9272727272727272,0.98,0.98,0.98,0.8823532984849589,0.0,0.8238208375893769,0.7700664936561896,0.0,0.0
418.0,0.9272727272727272,0.9790000000000001,0.9790000000000001,0.9790000000000001,0.8823533330788716,0.0,0.8241272727272727,0.767711581983596,0.0,0.0
418.5,0.9272727272727272,0.9810000000000001,0.9810000000000001,0.9810000000000001,0.8823533683656433,0.0,0.8244337078651685,0.7724263075137163,0.0,0.0
419.0,0.9272836363636363,0.983,0.983,0.983,0.8823534036524148,0.0,0.8247401430030643,0.7771694397660712,0.0,0.0
419.5,0.9273509090909091,0.9824999999999999,0.9824999999999999,0.9824999999999999,0.8823534407331628,0.0,0.825046568627451,0.7760404570044258,0.0,0.0
420.0,0.9274181818181818,0.982,0.982,0.982,0.8823534792145555,0.0,0.8253529411764705,0.7749125093789327,0.0,0.0
420.5,0.9274854545454546,0.9835,0.9835,0.9835,0.8823535176959483,0.0,0.8256593137254902,0.7785254633057849,0.0,0.0
421.0,0.9275527272727273,0.985,0.985,0.985,0.8823535574183796,0.0,0.8259656862745097,0.7821498010935289,0.0,0.0
421.5,0.9276200000000001,0.9845,0.9845,0.9845,0.882353599362894,0.0,0.8262720588235294,0.7810159923948902,0.0,0.0
422.0,0.9276872727272728,0.9840000000000001,0.9840000000000001,0.9840000000000001,0.8823536413074083,0.0,0.8265784313725489,0.7798832196944327,0.0,0.0
422.5,0.9277545454545455,0.9840000000000001,0.9840000000000001,0.9840000000000001,0.8823536838340978,0.0,0.8268848039215686,0.7799398117649119,0.0,0.0
423.0,0.9278218181818182,0.9840000000000001,0.9840000000000001,0.9840000000000001,0.8823537295308246,0.0,0.8271911764705882,0.7799964066431401,0.0,0.0
423.5,0.9278890909090909,0.9845,0.9845,0.9845,0.8823537752275513,0.0,0.8274975490196078,0.7812427110349361,0.0,0.0
424.0,0.9279563636363636,0.985,0.985,0.985,0.882353820924278,0.0,0.8278039215686274,0.7824903972076706,0.0,0.0
424.5,0.9279999999999999,0.9855,0.9855,0.9855,0.882353870489065,0.0,0.828073544433095,0.783719507966575,0.0,0.0
425.0,0.9279999999999999,0.986,0.986,0.986,0.8823539202490853,0.0,0.8282778345250255,0.7849130335108037,0.0,0.0
425.5,0.9279999999999999,0.9850000000000001,0.9850000000000001,0.9850000000000001,0.8823539700091055,0.0,0.828482124616956,0.7825273253750494,0.0,0.0
426.0,0.9279999999999999,0.9840000000000001,0.9840000000000001,0.9840000000000001,0.8823540230620068,0.0,0.8286864147088866,0.7801464591346321,0.0,0.0
426.5,0.9279999999999999,0.9840000000000001,0.9840000000000001,0.9840000000000001,0.8823540772198721,0.0,0.8288907048008172,0.7801465070191158,0.0,0.0
427.0,0.9279999999999999,0.9840000000000001,0.9840000000000001,0.9840000000000001,0.8823541313777375,0.0,0.8290949948927476,0.7801465549035996,0.0,0.0
427.5,0.9279999999999999,0.9845,0.9845,0.9845,0.8823541881309978,0.0,0.8292992849846782,0.7813364573514139,0.0,0.0
428.0,0.9279999999999999,0.985,0.985,0.985,0.8823542470462934,0.0,0.8295035750766088,0.7825275710691549,0.0,0.0
428.5,0.9279999999999999,0.9855,0.9855,0.9855,0.8823543059615889,0.0,0.8297078651685393,0.783719894759588,0.0,0.0
429.0,0.9279999999999999,0.986,0.986,0.986,0.8823543666377905,0.0,0.8299121552604698,0.7849134306035175,0.0,0.0
429.5,0.9279999999999999,0.9850000000000001,0.9850000000000001,0.9850000000000001,0.882354430696785,0.0,0.8302328431372549,0.7825277339420303,0.0,0.0
430.0,0.9279999999999999,0.9840000000000001,0.9840000000000001,0.9840000000000001,0.8823544947557795,0.0,0.830641339869281,0.7801468761897108,0.0,0.0
430.5,0.9279999999999999,0.9845,0.9845,0.9845,0.8823545595881638,0.0,0.8310498366013072,0.7813367862817121,0.0,0.0
431.0,0.9279999999999999,0.985,0.985,0.985,0.8823546292055491,0.0,0.8314583333333333,0.7825279099921614,0.0,0.0
431.5,0.9279999999999999,0.9855,0.9855,0.9855,0.8823546988229344,0.0,0.8318668300653594,0.7837202437047343,0.0,0.0
432.0,0.9279999999999999,0.986,0.986,0.986,0.8823547684403197,0.0,0.8322753267973856,0.7849137880338352,0.0,0.0
432.5,0.9279999999999999,0.986,0.986,0.986,0.8823548436764456,0.0,0.8326838235294117,0.7849138549614189,0.0,0.0
433.0,0.9279999999999999,0.986,0.986,0.986,0.8823549192971697,0.0,0.8330923202614379,0.7849139222311284,0.0,0.0
433.5,0.9279999999999999,0.9864999999999999,0.9864999999999999,0.9864999999999999,0.8823549949178938,0.0,0.833500816993464,0.7861086833439221,0.0,0.0
434.0,0.9279999999999999,0.987,0.987,0.987,0.8823550752870726,0.0,0.8339093137254902,0.7873046605554707,0.0,0.0
434.5,0.9279999999999999,0.987,0.987,0.987,0.8823551573882695,0.0,0.8343178753830439,0.7873047338124358,0.0,0.0
435.0,0.9279999999999999,0.987,0.987,0.987,0.8823552394894666,0.0,0.834726455566905,0.7873048070694011,0.0,0.0
435.5,0.927950909090909,0.987,0.987,0.987,0.8823553252930403,0.0,0.8351350357507661,0.7872632354483698,0.0,0.0
436.0,0.9278836363636364,0.987,0.987,0.987,0.8823554143860602,0.0,0.8355436159346271,0.7872062415000437,0.0,0.0
436.5,0.9278163636363637,0.9884999999999999,0.9884999999999999,0.9884999999999999,0.8823555034790801,0.0,0.8359521961184883,0.7907435308031477,0.0,0.0
437.0,0.927749090909091,0.99,0.99,0.99,0.8823555950324447,0.0,0.8363607763023493,0.7942912258911473,0.0,0.0
437.5,0.9276818181818183,0.99,0.99,0.99,0.8823556916649867,0.0,0.8367693564862104,0.794233717411411,0.0,0.0
438.0,0.9276363636363637,0.99,0.99,0.99,0.8823557882975289,0.0,0.8371779366700715,0.7941948885322745,0.0,0.0
438.5,0.9276363636363637,0.9895,0.9895,0.9895,0.8823558859305463,0.0,0.8375865168539326,0.79299225832637,0.0,0.0
439.0,0.9276363636363637,0.9890000000000001,0.9890000000000001,0.9890000000000001,0.8823559906888995,0.0,0.8379950970377936,0.7917908491150762,0.0,0.0
439.5,0.9276363636363637,0.9890000000000001,0.9890000000000001,0.9890000000000001,0.8823560954472527,0.0,0.8384035947712418,0.7917909431210175,0.0,0.0
440.0,0.9276363636363637,0.9890000000000001,0.9890000000000001,0.9890000000000001,0.8823562002056059,0.0,0.838812091503268,0.7917910371269588,0.0,0.0
440.5,0.9276363636363637,0.9885,0.9885,0.9885,0.8823563130160551,0.0,0.8392205882352941,0.7905908488130872,0.0,0.0
441.0,0.9275745454545455,0.988,0.988,0.988,0.8823564265274484,0.0,0.8396290849673202,0.7893392689636658,0.0,0.0
441.5,0.9275072727272727,0.988,0.988,0.988,0.8823565400388418,0.0,0.8400375816993464,0.7892821233447208,0.0,0.0
442.0,0.92744,0.988,0.988,0.988,0.8823566603043391,0.0,0.8404460784313725,0.7892249837522629,0.0,0.0
442.5,0.9273727272727272,0.9895,0.9895,0.9895,0.8823567832394055,0.0,0.8408545751633987,0.7927676943252203,0.0,0.0
443.0,0.9273054545454545,0.991,0.991,0.991,0.8823569061744718,0.0,0.8412630718954248,0.7963208135228577,0.0,0.0
443.5,0.9272381818181819,0.992,0.992,0.992,0.8823570343167143,0.0,0.841671568627451,0.7986760759311272,0.0,0.0
444.0,0.9271709090909092,0.993,0.993,0.993,0.882357167392071,0.0,0.8420800817160368,0.8010358626860478,0.0,0.0
444.5,0.9271036363636364,0.9924999999999999,0.9924999999999999,0.9924999999999999,0.8823573004674277,0.0,0.8424886618998978,0.7997685355215264,0.0,0.0
445.0,0.9270363636363637,0.992,0.992,0.992,0.882357436926902,0.0,0.8428972420837589,0.7985026043041372,0.0,0.0
445.5,0.926969090909091,0.9915,0.9915,0.9915,0.882357580907851,0.0,0.84330582226762,0.797238071879644,0.0,0.0
446.0,0.926909090909091,0.991,0.991,0.991,0.8823577248887999,0.0,0.8437144024514811,0.7959811759917003,0.0,0.0
446.5,0.926909090909091,0.991,0.991,0.991,0.8823578701253013,0.0,0.8441229826353421,0.7959813070105807,0.0,0.0
447.0,0.926909090909091,0.991,0.991,0.991,0.8823580258286516,0.0,0.8445315628192033,0.7959814474716798,0.0,0.0
447.5,0.926909090909091,0.991,0.991,0.991,0.882358181532002,0.0,0.8449401430030643,0.795981587932779,0.0,0.0
448.0,0.926909090909091,0.991,0.991,0.991,0.8823583372353523,0.0,0.8453487231869254,0.7959817283938782,0.0,0.0
448.5,0.926909090909091,0.991,0.991,0.991,0.8823585043221668,0.0,0.8457573033707865,0.7959818791240812,0.0,0.0
449.0,0.9268618181818183,0.991,0.991,0.991,0.8823586726191833,0.0,0.8460414624183006,0.7959414355501658,0.0,0.0
449.5,0.9267945454545456,0.991,0.991,0.991,0.8823588409162,0.0,0.8461435866013072,0.795883816982321,0.0,0.0
450.0,0.926727272727273,0.991,0.991,0.991,0.8823590186884159,0.0,0.8462457107843137,0.7958262069384064,0.0,0.0
450.5,0.9266600000000003,0.9904999999999999,0.9904999999999999,0.9904999999999999,0.8823592005078955,0.0,0.8463478349673202,0.7945647147943575,0.0,0.0
451.0,0.9265927272727276,0.99,0.99,0.99,0.8823593823273752,0.0,0.8464499591503267,0.793304611658405,0.0,0.0
451.5,0.9265454545454549,0.989,0.989,0.989,0.8823595713665381,0.0,0.8465520833333333,0.7908629050049747,0.0,0.0
452.0,0.9265454545454549,0.988,0.988,0.988,0.8823597676980167,0.0,0.8466542075163398,0.7884665278195474,0.0,0.0
452.5,0.9265454545454549,0.9875,0.9875,0.9875,0.8823599640294953,0.0,0.8467563316993464,0.7872702441260604,0.0,0.0
453.0,0.9265454545454549,0.987,0.987,0.987,0.8823601649418453,0.0,0.8468584558823529,0.7860751749723199,0.0,0.0
453.5,0.9265454545454549,0.9875,0.9875,0.9875,0.882360376838938,0.0,0.8469605800653595,0.787270612448065,0.0,0.0
454.0,0.9265454545454549,0.988,0.988,0.988,0.8823605887360306,0.0,0.847,0.7884672614896622,0.0,0.0
454.5,0.9264854545454548,0.988,0.988,0.988,0.8823608021531405,0.0,0.847,0.7884163936686287,0.0,0.0
455.0,0.926418181818182,0.988,0.988,0.988,0.8823610307370162,0.0,0.847,0.788359350459887,0.0,0.0
455.5,0.9263509090909092,0.9885,0.9885,0.9885,0.8823612593208918,0.0,0.847,0.7894997282431445,0.0,0.0
456.0,0.9262836363636365,0.9890000000000001,0.9890000000000001,0.9890000000000001,0.8823614879047675,0.0,0.847,0.7906411445775595,0.0,0.0
456.5,0.9262163636363637,0.99,0.99,0.99,0.8823617323632956,0.0,0.847,0.7929844990112449,0.0,0.0
457.0,0.9261490909090909,0.991,0.991,0.991,0.8823619788262894,0.0,0.847,0.7953323619971002,0.0,0.0
457.5,0.9260818181818183,0.992,0.992,0.992,0.8823622252892833,0.0,0.847,0.7976847355878589,0.0,0.0
458.0,0.9260145454545456,0.993,0.993,0.993,0.8823624848615031,0.0,0.847,0.8000416355171255,0.0,0.0
458.5,0.925947272727273,0.9924999999999999,0.9924999999999999,0.9924999999999999,0.8823627504708664,0.0,0.847,0.7987759289290313,0.0,0.0
459.0,0.9258800000000003,0.992,0.992,0.992,0.8823630160802298,0.0,0.8469158496732025,0.7975116133355118,0.0,0.0
459.5,0.9258181818181821,0.992,0.992,0.992,0.8823632915563173,0.0,0.8468137254901961,0.7974586148877207,0.0,0.0
460.0,0.9258181818181821,0.992,0.992,0.992,0.8823635776581078,0.0,0.8467116013071895,0.7974588734596034,0.0,0.0
460.5,0.9258181818181821,0.9915,0.9915,0.9915,0.8823638637598982,0.0,0.846609477124183,0.7962539043282066,0.0,0.0
461.0,0.9258181818181821,0.991,0.991,0.991,0.8823641559619163,0.0,0.8465073529411764,0.7950501548593868,0.0,0.0
461.5,0.9258181818181821,0.9904999999999999,0.9904999999999999,0.9904999999999999,0.8823644639850281,0.0,0.8464052287581699,0.7938476331623882,0.0,0.0
462.0,0.9258181818181821,0.99,0.99,0.99,0.88236477200814,0.0,0.8463031045751633,0.7926463243486885,0.0,0.0
462.5,0.9257727272727275,0.991,0.991,0.991,0.8823650817908033,0.0,0.8462009803921569,0.7950119547552348,0.0,0.0
463.0,0.9257054545454548,0.992,0.992,0.992,0.8823654132511392,0.0,0.8460988562091503,0.7973634339304804,0.0,0.0
463.5,0.925638181818182,0.992,0.992,0.992,0.882365744711475,0.0,0.8459934627170582,0.7973057875627836,0.0,0.0
464.0,0.9255709090909093,0.992,0.992,0.992,0.882366076171811,0.0,0.8457891726251276,0.7972481411515522,0.0,0.0
464.5,0.9255036363636365,0.9915,0.9915,0.9915,0.8823664294676964,0.0,0.8455848825331971,0.7959856926923694,0.0,0.0
465.0,0.9254545454545456,0.991,0.991,0.991,0.8823667859724801,0.0,0.8453805924412666,0.7947402494711404,0.0,0.0
465.5,0.9254545454545456,0.9915,0.9915,0.9915,0.8823671424772638,0.0,0.845176302349336,0.795944114896543,0.0,0.0
466.0,0.9254545454545456,0.992,0.992,0.992,0.8823675168672269,0.0,0.8449720122574055,0.7971492119273148,0.0,0.0
466.5,0.9254545454545456,0.992,0.992,0.992,0.8823679001194573,0.0,0.8447677221654749,0.7971495581653705,0.0,0.0
467.0,0.9254545454545456,0.992,0.992,0.992,0.8823682833716876,0.0,0.8445634320735445,0.797149904403426,0.0,0.0
467.5,0.9254545454545456,0.992,0.992,0.992,0.8823686799133361,0.0,0.8443591419816139,0.7971502626474191,0.0,0.0
468.0,0.9253963636363638,0.992,0.992,0.992,0.8823690917163812,0.0,0.8441548518896833,0.7971005191183461,0.0,0.0
468.5,0.9253290909090911,0.9924999999999999,0.9924999999999999,0.9924999999999999,0.8823695035194263,0.0,0.8439011437908497,0.7982487586133047,0.0,0.0
469.0,0.9252618181818183,0.993,0.993,0.993,0.8823699233107924,0.0,0.8434926470588235,0.7993980465380907,0.0,0.0
469.5,0.9251945454545456,0.9935,0.9935,0.9935,0.8823703655731229,0.0,0.8430841503267974,0.8005483964122231,0.0,0.0
470.0,0.9251272727272728,0.9940000000000001,0.9940000000000001,0.9940000000000001,0.8823708078354533,0.0,0.8426756535947713,0.8016997882555541,0.0,0.0
470.5,0.9250600000000001,0.9945,0.9945,0.9945,0.882371252015888,0.0,0.8422671568627451,0.8028522241616969,0.0,0.0
471.0,0.9249927272727274,0.995,0.995,0.995,0.8823717267559475,0.0,0.841858660130719,0.804005730584146,0.0,0.0
471.5,0.9249254545454546,0.996,0.996,0.996,0.8823722014960071,0.0,0.8414501633986928,0.8063740893686379,0.0,0.0
472.0,0.9248581818181819,0.997,0.997,0.997,0.8823726762360667,0.0,0.8410416666666666,0.8087469745734893,0.0,0.0
472.5,0.9247909090909092,0.9964999999999999,0.9964999999999999,0.9964999999999999,0.8823731805982834,0.0,0.8406331699346404,0.8074725369431862,0.0,0.0
473.0,0.9247272727272728,0.996,0.996,0.996,0.8823736899494949,0.0,0.8402246732026143,0.8062026692629362,0.0,0.0
473.5,0.9247272727272728,0.9955,0.9955,0.9955,0.8823741993007065,0.0,0.8398161389172625,0.8049895827137382,0.0,0.0
474.0,0.9247272727272728,0.995,0.995,0.995,0.8823747327117569,0.0,0.8394075587334013,0.8037777351064496,0.0,0.0
474.5,0.9247272727272728,0.995,0.995,0.995,0.8823752789276602,0.0,0.8389989785495403,0.8037782326685005,0.0,0.0
475.0,0.9247272727272728,0.995,0.995,0.995,0.8823758251435635,0.0,0.8385903983656793,0.8037787302305512,0.0,0.0
475.5,0.9247272727272728,0.994,0.994,0.994,0.8823763889974882,0.0,0.8381818181818181,0.8013582236701307,0.0,0.0
476.0,0.9247272727272728,0.993,0.993,0.993,0.8823769744570068,0.0,0.8377732379979571,0.7989425999519185,0.0,0.0
476.5,0.9247272727272728,0.9935,0.9935,0.9935,0.8823775599165254,0.0,0.837364657814096,0.8001506005738795,0.0,0.0
477.0,0.9247272727272728,0.9940000000000001,0.9940000000000001,0.9940000000000001,0.8823781556576411,0.0,0.8369560776302349,0.8013598281188216,0.0,0.0
477.5,0.9247272727272728,0.9945,0.9945,0.9945,0.8823787828704742,0.0,0.8365474974463738,0.8025703025169669,0.0,0.0
478.0,0.9247272727272728,0.995,0.995,0.995,0.8823794100833074,0.0,0.8361389172625128,0.8037819958439478,0.0,0.0
478.5,0.9247109090909092,0.9955,0.9955,0.9955,0.8823800392072215,0.0,0.8358651960784313,0.804980665561635,0.0,0.0
479.0,0.9246436363636364,0.996,0.996,0.996,0.8823807108193551,0.0,0.8356609477124183,0.806136166993053,0.0,0.0
479.5,0.9245763636363638,0.9955,0.9955,0.9955,0.8823813824314886,0.0,0.8354566993464052,0.8048647660826699,0.0,0.0
480.0,0.924509090909091,0.995,0.995,0.995,0.882382054043622,0.0,0.8352524509803921,0.8035947579551074,0.0,0.0
480.5,0.9244418181818183,0.994,0.994,0.994,0.882382765285445,0.0,0.8350482026143791,0.8011166410223876,0.0,0.0
481.0,0.9243745454545454,0.993,0.993,0.993,0.8823834840847774,0.0,0.834843954248366,0.7986437437424827,0.0,0.0
481.5,0.9243636363636364,0.993,0.993,0.993,0.8823842028841098,0.0,0.8346397058823529,0.7986349690514891,0.0,0.0
482.0,0.9243636363636364,0.993,0.993,0.993,0.8823849535934175,0.0,0.8344354575163399,0.798635648509148,0.0,0.0
482.5,0.9243636363636364,0.993,0.993,0.993,0.8823857225154941,0.0,0.8342312091503268,0.7986363444509575,0.0,0.0
483.0,0.9243636363636364,0.993,0.993,0.993,0.8823864914375706,0.0,0.8340269607843137,0.7986370403927671,0.0,0.0
483.5,0.9243636363636364,0.993,0.993,0.993,0.8823872834234079,0.0,0.834,0.7986377572092995,0.0,0.0
484.0,0.9243636363636364,0.993,0.993,0.993,0.8823881055572558,0.0,0.834,0.7986385013124214,0.0,0.0
484.5,0.9243636363636364,0.9924999999999999,0.9924999999999999,0.9924999999999999,0.8823889276911037,0.0,0.834,0.7974334490736315,0.0,0.0
485.0,0.9243636363636364,0.992,0.992,0.992,0.8823897628237984,0.0,0.834,0.7962296206149594,0.0,0.0
485.5,0.9243636363636364,0.9915,0.9915,0.9915,0.882390641417855,0.0,0.834,0.795027042721367,0.0,0.0
486.0,0.9243636363636364,0.991,0.991,0.991,0.8823915200119115,0.0,0.834,0.7938256755077939,0.0,0.0
486.5,0.9243636363636364,0.9915,0.9915,0.9915,0.8823924002241862,0.0,0.834,0.795028627392068,0.0,0.0
487.0,0.9243636363636364,0.992,0.992,0.992,0.8823933386923122,0.0,0.834,0.7962328473210591,0.0,0.0
487.5,0.9243636363636364,0.9924999999999999,0.9924999999999999,0.9924999999999999,0.8823942771604382,0.0,0.834,0.7974382835016804,0.0,0.0
488.0,0.9243636363636364,0.993,0.993,0.993,0.8823952156285643,0.0,0.833984068627451,0.7986449365495447,0.0,0.0
488.5,0.9243636363636364,0.9935,0.9935,0.9935,0.8823962063760904,0.0,0.8337798202614379,0.7998528544692153,0.0,0.0
489.0,0.9243636363636364,0.9940000000000001,0.9940000000000001,0.9940000000000001,0.8823972083036583,0.0,0.8335755718954249,0.8010620007800499,0.0,0.0
489.5,0.9243218181818182,0.9940000000000001,0.9940000000000001,0.9940000000000001,0.8823982102312262,0.0,0.8333713235294118,0.8010266702938121,0.0,0.0
490.0,0.9242545454545454,0.9940000000000001,0.9940000000000001,0.9940000000000001,0.8823992538784509,0.0,0.8331670751633987,0.8009693184024185,0.0,0.0
490.5,0.9241872727272727,0.9935,0.9935,0.9935,0.8824003230284978,0.0,0.8329628267973856,0.7997039776739573,0.0,0.0
491.0,0.92412,0.993,0.993,0.993,0.8824013921785447,0.0,0.8327585784313726,0.7984400249589957,0.0,0.0
491.5,0.9240527272727274,0.9924999999999999,0.9924999999999999,0.9924999999999999,0.8824024910359336,0.0,0.8325543300653594,0.7971774862237796,0.0,0.0
492.0,0.9239563636363637,0.992,0.992,0.992,0.8824036313553678,0.0,0.8323500816993463,0.7958913123105877,0.0,0.0
492.5,0.9237545454545455,0.992,0.992,0.992,0.882404771674802,0.0,0.8321458333333333,0.7957184954511982,0.0,0.0
493.0,0.9235527272727273,0.992,0.992,0.992,0.8824059281259407,0.0,0.8319415730337079,0.7955456926862617,0.0,0.0
493.5,0.9233509090909092,0.992,0.992,0.992,0.8824071437517892,0.0,0.8317372829417773,0.7953729428038014,0.0,0.0
494.0,0.923149090909091,0.992,0.992,0.992,0.8824083593776378,0.0,0.8315329928498467,0.7952001924423524,0.0,0.0
494.5,0.9229472727272728,0.992,0.992,0.992,0.8824095758804016,0.0,0.8313287027579163,0.7950274423919919,0.0,0.0
495.0,0.9228000000000001,0.992,0.992,0.992,0.8824108711460862,0.0,0.8311244126659857,0.7949017483726843,0.0,0.0
495.5,0.9226654545454547,0.992,0.992,0.992,0.8824121664117709,0.0,0.8309201225740551,0.7947870172949826,0.0,0.0
496.0,0.9225309090909092,0.992,0.992,0.992,0.8824134616774555,0.0,0.8307158324821245,0.7946722858770349,0.0,0.0
496.5,0.9223963636363638,0.992,0.992,0.992,0.8824148249411234,0.0,0.8305115423901941,0.7945576153466379,0.0,0.0
497.0,0.9222618181818183,0.992,0.992,0.992,0.8824162043827501,0.0,0.8303072522982635,0.7944429590232162,0.0,0.0
497.5,0.9221545454545456,0.9930000000000001,0.9930000000000001,0.9930000000000001,0.882417583824377,0.0,0.830102962206333,0.7967564913324228,0.0,0.0
498.0,0.9220872727272729,0.9940000000000001,0.9940000000000001,0.9940000000000001,0.8824190170280622,0.0,0.829797385620915,0.799109032928527,0.0,0.0
498.5,0.9220200000000002,0.9945,0.9945,0.9945,0.8824204853907098,0.0,0.8293888888888888,0.8002584815799169,0.0,0.0
499.0,0.9219527272727275,0.995,0.995,0.995,0.8824219537533574,0.0,0.8289803921568627,0.801408971620812,0.0,0.0
499.5,0.9218854545454547,0.9955,0.9955,0.9955,0.8824234598001077,0.0,0.8285718954248366,0.8025605376743863,0.0,0.0
500.0,0.921818181818182,0.996,0.996,0.996,0.8824250220440988,0.0,0.8281633986928104,0.8037131970993658,0.0,0.0
500.5,0.9219527272727275,0.9950000000000001,0.9950000000000001,0.9950000000000001,0.8824265842880897,0.0,0.8277549019607843,0.8014131770375771,0.0,0.0
501.0,0.9220872727272729,0.9940000000000001,0.9940000000000001,0.9940000000000001,0.8824281661662179,0.0,0.8273464052287581,0.799117318288206,0.0,0.0
501.5,0.9222218181818184,0.9930000000000001,0.9930000000000001,0.9930000000000001,0.8824298274733557,0.0,0.826937908496732,0.7968256719580545,0.0,0.0
502.0,0.9223563636363638,0.992,0.992,0.992,0.8824314887804935,0.0,0.8265294117647058,0.7945381631744951,0.0,0.0
502.5,0.9224909090909093,0.991,0.991,0.991,0.8824331500876312,0.0,0.8261209150326797,0.7922547891988596,0.0,0.0
503.0,0.9225054545454546,0.99,0.99,0.99,0.8824349153444984,0.0,0.8256404494382023,0.7898728932618398,0.0,0.0
503.5,0.9224381818181819,0.991,0.991,0.991,0.8824366811242513,0.0,0.8251297242083758,0.792212675905671,0.0,0.0
504.0,0.9223709090909092,0.992,0.992,0.992,0.8824384469040043,0.0,0.8246189989785495,0.7945569581189884,0.0,0.0
504.5,0.9223036363636365,0.9924999999999999,0.9924999999999999,0.9924999999999999,0.8824402998725925,0.0,0.8241082737487232,0.795702643294224,0.0,0.0
505.0,0.9222363636363637,0.993,0.993,0.993,0.8824421757682069,0.0,0.8235975485188968,0.7968493902088902,0.0,0.0
505.5,0.922169090909091,0.993,0.993,0.993,0.8824440516638213,0.0,0.8230868232890705,0.7967929576799077,0.0,0.0
506.0,0.9221018181818184,0.993,0.993,0.993,0.8824459958350683,0.0,0.8225760980592441,0.796736586548014,0.0,0.0
506.5,0.9220345454545457,0.992,0.992,0.992,0.8824479877295892,0.0,0.8220653728294177,0.7942757922895272,0.0,0.0
507.0,0.9219672727272729,0.991,0.991,0.991,0.8824499796241101,0.0,0.8215546475995914,0.7918201802675469,0.0,0.0
507.5,0.9219000000000002,0.991,0.991,0.991,0.8824520185848458,0.0,0.821043922369765,0.7917642333393361,0.0,0.0
508.0,0.9218327272727275,0.991,0.991,0.991,0.8824541326070255,0.0,0.820626633986928,0.791708353486752,0.0,0.0
508.5,0.9217654545454547,0.9904999999999999,0.9904999999999999,0.9904999999999999,0.8824562466292054,0.0,0.8202181372549019,0.7904548147506265,0.0,0.0
509.0,0.921698181818182,0.99,0.99,0.99,0.8824583840632334,0.0,0.8198096405228757,0.7892026742038025,0.0,0.0
509.5,0.9216309090909092,0.99,0.99,0.99,0.8824606265933054,0.0,0.8194011437908496,0.7891470774322654,0.0,0.0
510.0,0.9215636363636365,0.99,0.99,0.99,0.8824628691233775,0.0,0.8189926470588235,0.7890914803679676,0.0,0.0
510.5,0.9214963636363637,0.991,0.991,0.991,0.8824651116534494,0.0,0.8185841503267973,0.7914293168209255,0.0,0.0
511.0,0.9214545454545455,0.992,0.992,0.992,0.8824674864878537,0.0,0.8181756535947712,0.793793697571951,0.0,0.0
511.5,0.9214545454545455,0.9930000000000001,0.9930000000000001,0.9930000000000001,0.8824698641631484,0.0,0.817767156862745,0.7961988493411019,0.0,0.0
512.0,0.9214545454545455,0.9940000000000001,0.9940000000000001,0.9940000000000001,0.8824722418384432,0.0,0.8173586601307189,0.798608858855041,0.0,0.0
512.5,0.9214545454545455,0.9945,0.9945,0.9945,0.8824747297088736,0.0,0.8169501532175689,0.7998168641608138,0.0,0.0
513.0,0.9214545454545455,0.995,0.995,0.995,0.882477249429253,0.0,0.8165415730337078,0.8010261182107297,0.0,0.0
513.5,0.9214545454545455,0.995,0.995,0.995,0.8824797691496323,0.0,0.8161329928498468,0.8010284053652549,0.0,0.0
514.0,0.9213890909090909,0.995,0.995,0.995,0.8824823743051144,0.0,0.8157244126659856,0.8009738696989624,0.0,0.0
514.5,0.9213218181818182,0.9945,0.9945,0.9945,0.8824850432381997,0.0,0.8153158324821246,0.7997110038624361,0.0,0.0
515.0,0.9212545454545455,0.9940000000000001,0.9940000000000001,0.9940000000000001,0.8824877121712849,0.0,0.8149072522982634,0.7984495193960061,0.0,0.0
515.5,0.9211872727272729,0.9940000000000001,0.9940000000000001,0.9940000000000001,0.8824904389672202,0.0,0.8144986721144024,0.7983936812008037,0.0,0.0
516.0,0.92112,0.9940000000000001,0.9940000000000001,0.9940000000000001,0.8824932645533878,0.0,0.8140900919305413,0.7983379320147964,0.0,0.0
516.5,0.9210909090909092,0.9940000000000001,0.9940000000000001,0.9940000000000001,0.8824960901395554,0.0,0.8136815117466802,0.7983152748770015,0.0,0.0
517.0,0.9210909090909092,0.9940000000000001,0.9940000000000001,0.9940000000000001,0.8824989430386139,0.0,0.8132729315628191,0.7983178556395925,0.0,0.0
517.5,0.9210909090909092,0.9940000000000001,0.9940000000000001,0.9940000000000001,0.8825019329957331,0.0,0.8128643790849672,0.7983205603863512,0.0,0.0
518.0,0.9210909090909092,0.9940000000000001,0.9940000000000001,0.9940000000000001,0.8825049229528523,0.0,0.8124558823529411,0.7983232651331101,0.0,0.0
518.5,0.9210909090909092,0.9945,0.9945,0.9945,0.8825079129099715,0.0,0.8120473856209149,0.7995312932344444,0.0,0.0
519.0,0.9210800000000001,0.995,0.995,0.995,0.8825110688537533,0.0,0.8116388888888888,0.8007312090095535,0.0,0.0
519.5,0.9210127272727273,0.995,0.995,0.995,0.8825142311816375,0.0,0.8112303921568628,0.8006755952458943,0.0,0.0
520.0,0.9209454545454546,0.995,0.995,0.995,0.8825173935095217,0.0,0.8108218954248366,0.8006199810631083,0.0,0.0
520.5,0.9208781818181818,0.994,0.994,0.994,0.8825206930930668,0.0,0.8104133986928105,0.7981531537651829,0.0,0.0
521.0,0.9208109090909091,0.993,0.993,0.993,0.8825240360776112,0.0,0.8100049019607843,0.7956915460121059,0.0,0.0
521.5,0.9207436363636363,0.993,0.993,0.993,0.8825273790621557,0.0,0.8095964052287582,0.7956364281165873,0.0,0.0
522.0,0.9207272727272727,0.993,0.993,0.993,0.8825308273652511,0.0,0.8091879084967321,0.7956253966485005,0.0,0.0
522.5,0.9207272727272727,0.993,0.993,0.993,0.8825343595822279,0.0,0.8088345250255363,0.7956285810375848,0.0,0.0
523.0,0.9207272727272727,0.993,0.993,0.993,0.8825378917992047,0.0,0.8085280898876405,0.795631765426669,0.0,0.0
523.5,0.9207272727272727,0.9935,0.9935,0.9935,0.8825414940160125,0.0,0.8082216547497447,0.7968374837714706,0.0,0.0
524.0,0.9207272727272727,0.9940000000000001,0.9940000000000001,0.9940000000000001,0.882545224334494,0.0,0.8079152196118489,0.7980445387210773,0.0,0.0
524.5,0.9207509090909091,0.9940000000000001,0.9940000000000001,0.9940000000000001,0.8825489546529756,0.0,0.8076087844739531,0.7980683988862832,0.0,0.0
525.0,0.9208181818181819,0.9940000000000001,0.9940000000000001,0.9940000000000001,0.8825527160926131,0.0,0.8073023493360573,0.7981301097046499,0.0,0.0
525.5,0.9208854545454546,0.9935,0.9935,0.9935,0.8825566536779936,0.0,0.8069959141981614,0.7969880710582407,0.0,0.0
526.0,0.9209527272727274,0.993,0.993,0.993,0.8825605912633743,0.0,0.8066894790602657,0.7958470575623267,0.0,0.0
526.5,0.9210200000000001,0.9935,0.9935,0.9935,0.8825645288487548,0.0,0.8063830439223698,0.7971116272247561,0.0,0.0
527.0,0.9210872727272728,0.9940000000000001,0.9940000000000001,0.9940000000000001,0.8825686716670884,0.0,0.806076608784474,0.7983777809742496,0.0,0.0
527.5,0.9210272727272728,0.9935,0.9935,0.9935,0.882572825983674,0.0,0.8057702205882353,0.797125415361229,0.0,0.0
528.0,0.9209600000000001,0.993,0.993,0.993,0.8825769803002597,0.0,0.8054638480392158,0.7958681212294758,0.0,0.0
528.5,0.9208927272727273,0.993,0.993,0.993,0.8825813030722373,0.0,0.8051574754901961,0.7958138837981288,0.0,0.0
529.0,0.9208254545454546,0.993,0.993,0.993,0.8825856838853728,0.0,0.8048511029411765,0.7957596981285536,0.0,0.0
529.5,0.9207581818181818,0.994,0.994,0.994,0.8825900646985083,0.0,0.8045447303921569,0.7981118777295387,0.0,0.0
530.0,0.9206181818181819,0.995,0.995,0.995,0.8825945733843829,0.0,0.8042383578431372,0.8004054606395296,0.0,0.0
530.5,0.9204163636363637,0.995,0.995,0.995,0.8825991907620856,0.0,0.8039319852941177,0.8002341820044776,0.0,0.0
531.0,0.9202145454545455,0.995,0.995,0.995,0.8826038081397883,0.0,0.803625612745098,0.8000629015335006,0.0,0.0
531.5,0.9200127272727273,0.996,0.996,0.996,0.8826085088183472,0.0,0.8033192401960785,0.8023058531385727,0.0,0.0
532.0,0.9198109090909091,0.997,0.997,0.997,0.8826133731324155,0.0,0.8030128676470588,0.8045527701251065,0.0,0.0
532.5,0.9196272727272727,0.9975,0.9975,0.9975,0.8826182374464839,0.0,0.8029021450459654,0.8056074103568468,0.0,0.0
533.0,0.9195599999999999,0.998,0.998,0.998,0.8826231363151816,0.0,0.8028000000000001,0.8067649146487837,0.0,0.0
533.5,0.9194927272727272,0.9964999999999999,0.9964999999999999,0.9964999999999999,0.8826282582417484,0.0,0.8026978549540348,0.8030785669742653,0.0,0.0
534.0,0.9194254545454545,0.995,0.995,0.995,0.8826333801683152,0.0,0.8025957099080695,0.7994036250371778,0.0,0.0
534.5,0.9193581818181817,0.9935,0.9935,0.9935,0.8826385020948818,0.0,0.8024935648621042,0.7957400702083733,0.0,0.0
535.0,0.919290909090909,0.992,0.992,0.992,0.8826438740629154,0.0,0.8023914198161389,0.7920881082512803,0.0,0.0
535.5,0.9192236363636364,0.992,0.992,0.992,0.8826492645824127,0.0,0.8022892747701736,0.792034981208713,0.0,0.0
536.0,0.9191563636363635,0.992,0.992,0.992,0.8826546551019099,0.0,0.8021871297242085,0.7919818534581434,0.0,0.0
536.5,0.9190890909090909,0.9915,0.9915,0.9915,0.8826602492956671,0.0,0.8020849846782432,0.7907320380544411,0.0,0.0
537.0,0.919021818181818,0.991,0.991,0.991,0.8826659196921737,0.0,0.801883575883576,0.7894836565548043,0.0,0.0
537.5,0.9189545454545454,0.9904999999999999,0.9904999999999999,0.9904999999999999,0.8826715900886801,0.0,0.8011905751905753,0.7882366397379325,0.0,0.0
538.0,0.9188872727272727,0.99,0.99,0.99,0.882677413364905,0.0,0.8004975744975746,0.7869911230641742,0.0,0.0
538.5,0.9188199999999999,0.9895,0.9895,0.9895,0.882683375224844,0.0,0.7998045738045739,0.7857470923120068,0.0,0.0
539.0,0.9187527272727272,0.9890000000000001,0.9890000000000001,0.9890000000000001,0.8826893370847829,0.0,0.7991115731115732,0.7845044228796323,0.0,0.0
539.5,0.9186854545454545,0.99,0.99,0.99,0.8826953964176146,0.0,0.7984185724185725,0.7868343037456269,0.0,0.0
540.0,0.9186181818181818,0.991,0.991,0.991,0.8827016616277711,0.0,0.7977255717255718,0.7891688682812361,0.0,0.0
540.5,0.9185509090909091,0.9915,0.9915,0.9915,0.8827079268379276,0.0,0.7970325710325711,0.7903117039554662,0.0,0.0
541.0,0.9183600000000001,0.992,0.992,0.992,0.8827142293184458,0.0,0.7963395703395704,0.7913490827254998,0.0,0.0
541.5,0.9181581818181819,0.992,0.992,0.992,0.8827208100632745,0.0,0.7950361192776145,0.7911810746880072,0.0,0.0
542.0,0.9179563636363638,0.992,0.992,0.992,0.8827273908081033,0.0,0.7931461570768585,0.7910130640575278,0.0,0.0
542.5,0.9177545454545456,0.9924999999999999,0.9924999999999999,0.9924999999999999,0.882733971552932,0.0,0.7912561948761024,0.7920414879246181,0.0,0.0
543.0,0.9175527272727274,0.993,0.993,0.993,0.8827408524020802,0.0,0.7893662326753464,0.7930708762789944,0.0,0.0
543.5,0.9175236363636365,0.9924999999999999,0.9924999999999999,0.9924999999999999,0.8827477611602735,0.0,0.7874762704745905,0.7918545782632853,0.0,0.0
544.0,0.917658181818182,0.992,0.992,0.992,0.8827546699184668,0.0,0.7859534802378454,0.7907805544179438,0.0,0.0
544.5,0.9177927272727275,0.9915,0.9915,0.9915,0.8827618212152678,0.0,0.7845543896467296,0.7897075853888984,0.0,0.0
545.0,0.9179272727272729,0.991,0.991,0.991,0.8827690707555553,0.0,0.7831552990556139,0.7886355413214091,0.0,0.0
545.5,0.9180618181818184,0.992,0.992,0.992,0.8827763202958429,0.0,0.7817562084644981,0.7911477862047759,0.0,0.0
546.0,0.9181745454545457,0.993,0.993,0.993,0.8827837497646783,0.0,0.7803571178733824,0.7936469000111911,0.0,0.0
546.5,0.918107272727273,0.9935,0.9935,0.9935,0.8827913531408308,0.0,0.7789533195020748,0.7947949749002221,0.0,0.0
547.0,0.9180400000000002,0.9940000000000001,0.9940000000000001,0.9940000000000001,0.8827989565169831,0.0,0.7773973029045643,0.7959441014454859,0.0,0.0
547.5,0.9179727272727275,0.9935,0.9935,0.9935,0.8828066719917356,0.0,0.775841286307054,0.7946922902889303,0.0,0.0
548.0,0.9179054545454547,0.993,0.993,0.993,0.8828146425367448,0.0,0.7742852697095435,0.7934420699350797,0.0,0.0
548.5,0.917838181818182,0.992,0.992,0.992,0.8828226130817541,0.0,0.7727292531120331,0.7909965432959037,0.0,0.0
549.0,0.9177709090909093,0.991,0.991,0.991,0.8828306225046303,0.0,0.7711732365145227,0.7885561806383257,0.0,0.0
549.5,0.9177036363636365,0.991,0.991,0.991,0.8828389738240418,0.0,0.7698995098039215,0.7885058383314811,0.0,0.0
550.0,0.9176363636363638,0.991,0.991,0.991,0.8828473251434532,0.0,0.7694910130718954,0.7884554949310705,0.0,0.0
550.5,0.9175690909090911,0.992,0.992,0.992,0.8828556764628646,0.0,0.7690825163398692,0.7907942553309526,0.0,0.0
551.0,0.9175018181818183,0.993,0.993,0.993,0.8828643825281957,0.0,0.7686740196078431,0.7931378495000776,0.0,0.0
551.5,0.9173745454545457,0.993,0.993,0.993,0.8828731284925666,0.0,0.768265522875817,0.7930356841309051,0.0,0.0
552.0,0.9171054545454547,0.993,0.993,0.993,0.8828818744569377,0.0,0.7678570261437908,0.7928109188997293,0.0,0.0
552.5,0.9168363636363637,0.993,0.993,0.993,0.8828909048022935,0.0,0.7674485294117647,0.7925864043535082,0.0,0.0
553.0,0.9165672727272728,0.993,0.993,0.993,0.8829000595387565,0.0,0.7670400326797386,0.7923619966839355,0.0,0.0
553.5,0.9162981818181818,0.993,0.993,0.993,0.8829092142752194,0.0,0.7666315359477125,0.7921375841901924,0.0,0.0
554.0,0.9160290909090908,0.993,0.993,0.993,0.8829185774081298,0.0,0.7662230392156864,0.7919133537886428,0.0,0.0
554.5,0.91606,0.993,0.993,0.993,0.882928155291038,0.0,0.7658608784473954,0.7919486658570447,0.0,0.0
555.0,0.9161272727272727,0.993,0.993,0.993,0.8829377331739462,0.0,0.7655544433094995,0.792015415797179,0.0,0.0
555.5,0.9161945454545454,0.9924999999999999,0.9924999999999999,0.9924999999999999,0.8829474376954765,0.0,0.7652480081716037,0.7908863840574976,0.0,0.0
556.0,0.9162618181818182,0.992,0.992,0.992,0.8829574533361132,0.0,0.7649415730337079,0.789758634393591,0.0,0.0
556.5,0.9163290909090909,0.9915,0.9915,0.9915,0.8829674689767498,0.0,0.7646351378958121,0.7886318874179653,0.0,0.0
557.0,0.9163636363636364,0.991,0.991,0.991,0.8829775235794926,0.0,0.7643287027579163,0.7874780533570773,0.0,0.0
557.5,0.9163636363636364,0.99,0.99,0.99,0.8829879918148261,0.0,0.7640222676200205,0.7851058767215395,0.0,0.0
558.0,0.9163636363636364,0.9890000000000001,0.9890000000000001,0.9890000000000001,0.8829984600501597,0.0,0.7637158324821246,0.7827384499553282,0.0,0.0
558.5,0.9163636363636364,0.9895,0.9895,0.9895,0.8830089282854933,0.0,0.7634093973442289,0.783935510449777,0.0,0.0
559.0,0.9163636363636364,0.99,0.99,0.99,0.8830198093967125,0.0,0.763102962206333,0.7851341672201122,0.0,0.0
559.5,0.9163581818181818,0.991,0.991,0.991,0.8830307452771821,0.0,0.762593137254902,0.7875208311477009,0.0,0.0
560.0,0.916290909090909,0.992,0.992,0.992,0.8830416811576515,0.0,0.7619803921568628,0.7898590485955056,0.0,0.0
560.5,0.9162236363636364,0.9930000000000001,0.9930000000000001,0.9930000000000001,0.8830529452526162,0.0,0.7613676470588235,0.7922020833711239,0.0,0.0
561.0,0.9161563636363635,0.9940000000000001,0.9940000000000001,0.9940000000000001,0.8830643640289336,0.0,0.7607549019607843,0.7945497859012508,0.0,0.0
561.5,0.9160890909090909,0.9940000000000001,0.9940000000000001,0.9940000000000001,0.8830757828052511,0.0,0.7601421568627451,0.7945017161135667,0.0,0.0
562.0,0.916021818181818,0.9940000000000001,0.9940000000000001,0.9940000000000001,0.88308743902535,0.0,0.7595294117647059,0.7944538584290882,0.0,0.0
562.5,0.9159545454545454,0.9935,0.9935,0.9935,0.8830993561343098,0.0,0.7589166666666667,0.7932080346454182,0.0,0.0
563.0,0.9158872727272727,0.993,0.993,0.993,0.8831112732432694,0.0,0.7583039215686275,0.7919635583150013,0.0,0.0
563.5,0.91582,0.993,0.993,0.993,0.8831233307983841,0.0,0.7576911764705883,0.7919162001697951,0.0,0.0
564.0,0.9157527272727272,0.993,0.993,0.993,0.8831357618476694,0.0,0.7570784313725489,0.7918691753320014,0.0,0.0
564.5,0.9156854545454545,0.993,0.993,0.993,0.8831481928969546,0.0,0.7563765066394279,0.7918221488565447,0.0,0.0
565.0,0.9156181818181818,0.993,0.993,0.993,0.8831606610625449,0.0,0.755661491317671,0.791775154019101,0.0,0.0
565.5,0.915550909090909,0.9935,0.9935,0.9935,0.8831736218145272,0.0,0.7549464759959141,0.7929251660724436,0.0,0.0
566.0,0.9154836363636363,0.9940000000000001,0.9940000000000001,0.9940000000000001,0.8831865825665095,0.0,0.7542314606741573,0.7940762406241156,0.0,0.0
566.5,0.9154163636363635,0.9945,0.9945,0.9945,0.8831995433184918,0.0,0.7535164453524004,0.795228378060163,0.0,0.0
567.0,0.9153490909090908,0.995,0.995,0.995,0.8832129770352434,0.0,0.7528014300306435,0.7963820052328431,0.0,0.0
567.5,0.915281818181818,0.995,0.995,0.995,0.8832264833897712,0.0,0.7520864147088866,0.7963356534950492,0.0,0.0
568.0,0.9152145454545454,0.995,0.995,0.995,0.8832399897442991,0.0,0.7513713993871296,0.7962892999671591,0.0,0.0
568.5,0.9151472727272727,0.9945,0.9945,0.9945,0.8832538688267083,0.0,0.7506563840653727,0.7950435170026768,0.0,0.0
569.0,0.91508,0.9940000000000001,0.9940000000000001,0.9940000000000001,0.8832679368028855,0.0,0.7499497549019607,0.7937992463692242,0.0,0.0
569.5,0.9150127272727273,0.9940000000000001,0.9940000000000001,0.9940000000000001,0.8832820047790627,0.0,0.7493370098039215,0.7937535317407638,0.0,0.0
570.0,0.9149454545454546,0.9940000000000001,0.9940000000000001,0.9940000000000001,0.8832963387820251,0.0,0.7487242647058823,0.79370805429842,0.0,0.0
570.5,0.9148781818181819,0.9935,0.9935,0.9935,0.8833109844989815,0.0,0.7481115196078431,0.7924657770289798,0.0,0.0
571.0,0.9148109090909092,0.993,0.993,0.993,0.8833256302159378,0.0,0.7474987745098038,0.7912248384129287,0.0,0.0
571.5,0.9147436363636365,0.9924999999999999,0.9924999999999999,0.9924999999999999,0.8833404287281935,0.0,0.7468860294117646,0.7899853742944902,0.0,0.0
572.0,0.9146763636363638,0.992,0.992,0.992,0.8833556683848547,0.0,0.7462732843137255,0.7887476406881055,0.0,0.0
572.5,0.9146090909090911,0.992,0.992,0.992,0.8833709080415157,0.0,0.7456605392156863,0.788703236259366,0.0,0.0
573.0,0.9145454545454548,0.992,0.992,0.992,0.8833861806818096,0.0,0.7450477941176471,0.7886619951087301,0.0,0.0
573.5,0.9145454545454548,0.9924999999999999,0.9924999999999999,0.9924999999999999,0.8834020305356756,0.0,0.7444350490196079,0.7898693012487095,0.0,0.0
574.0,0.9145454545454548,0.993,0.993,0.993,0.8834178803895415,0.0,0.7438222676200205,0.7910778530030458,0.0,0.0
574.5,0.9145454545454548,0.993,0.993,0.993,0.8834337302434075,0.0,0.7432093973442289,0.7910920461370599,0.0,0.0
575.0,0.9145454545454548,0.993,0.993,0.993,0.8834501131477411,0.0,0.7425965270684372,0.7911067166039746,0.0,0.0
575.5,0.9145454545454548,0.9924999999999999,0.9924999999999999,0.9924999999999999,0.8834665894926861,0.0,0.7419836567926456,0.7899270248405743,0.0,0.0
576.0,0.9145018181818184,0.992,0.992,0.992,0.8834830658376311,0.0,0.741370786516854,0.7887108572906186,0.0,0.0
576.5,0.9144345454545456,0.9915,0.9915,0.9915,0.8834999584892959,0.0,0.7407579162410624,0.7874759762315588,0.0,0.0
577.0,0.9143672727272728,0.991,0.991,0.991,0.8835170776324064,0.0,0.7401450459652706,0.7862426257964619,0.0,0.0
577.5,0.9143000000000001,0.9904999999999999,0.9904999999999999,0.9904999999999999,0.8835341967755169,0.0,0.739532175689479,0.7850106029988478,0.0,0.0
578.0,0.9142327272727273,0.99,0.99,0.99,0.883551608849454,0.0,0.7389193054136874,0.7837801669006195,0.0,0.0
578.5,0.9141654545454546,0.9904999999999999,0.9904999999999999,0.9904999999999999,0.8835693870869247,0.0,0.7383064351378958,0.7849263449681974,0.0,0.0
579.0,0.9140981818181819,0.991,0.991,0.991,0.8835871653243952,0.0,0.7376936274509803,0.7860735936804903,0.0,0.0
579.5,0.9140309090909092,0.9915,0.9915,0.9915,0.8836051064852575,0.0,0.7370808823529411,0.7872220585919785,0.0,0.0
580.0,0.9139636363636365,0.992,0.992,0.992,0.8836235600773684,0.0,0.7364681372549019,0.7883720525643296,0.0,0.0
580.5,0.9138963636363638,0.992,0.992,0.992,0.8836420136694794,0.0,0.7358553921568627,0.788330487213206,0.0,0.0
581.0,0.9138290909090911,0.992,0.992,0.992,0.8836604935669132,0.0,0.7352426470588235,0.7882889429045953,0.0,0.0
581.5,0.9137618181818185,0.9915,0.9915,0.9915,0.8836796387121176,0.0,0.7346299019607843,0.7870566829906019,0.0,0.0
582.0,0.9136945454545456,0.991,0.991,0.991,0.883698783857322,0.0,0.734017156862745,0.785825745209424,0.0,0.0
582.5,0.913627272727273,0.991,0.991,0.991,0.8837179290025265,0.0,0.7334044117647058,0.7857849105910214,0.0,0.0
583.0,0.9135600000000001,0.991,0.991,0.991,0.8837376649294094,0.0,0.7327916666666666,0.7857445987386269,0.0,0.0
583.5,0.9134927272727275,0.992,0.992,0.992,0.8837575177375596,0.0,0.7321789215686274,0.7880853089866373,0.0,0.0
584.0,0.9134254545454548,0.993,0.993,0.993,0.8837773705457098,0.0,0.7315660878447394,0.7904305777590539,0.0,0.0
584.5,0.913358181818182,0.9935,0.9935,0.9935,0.8837976804382588,0.0,0.7309532175689478,0.7915850715096497,0.0,0.0
585.0,0.9132909090909093,0.9940000000000001,0.9940000000000001,0.9940000000000001,0.8838182569030086,0.0,0.7303403472931562,0.7927408835221659,0.0,0.0
585.5,0.9132236363636366,0.9935,0.9935,0.9935,0.8838388333677585,0.0,0.7297274770173646,0.7915053180088891,0.0,0.0
586.0,0.9131563636363639,0.993,0.993,0.993,0.8838597266577606,0.0,0.729114606741573,0.7902713563239432,0.0,0.0
586.5,0.9130909090909093,0.993,0.993,0.993,0.883881042628181,0.0,0.7285017364657814,0.7902337676496257,0.0,0.0
587.0,0.9130909090909093,0.993,0.993,0.993,0.8839023585986014,0.0,0.7278888661899898,0.7902528251910867,0.0,0.0
587.5,0.9130909090909093,0.9924999999999999,0.9924999999999999,0.9924999999999999,0.8839238446548395,0.0,0.7272759959141982,0.7890788713836824,0.0,0.0
588.0,0.9130909090909093,0.992,0.992,0.992,0.8839459158062903,0.0,0.7266631256384065,0.7879065826995095,0.0,0.0
588.5,0.9130909090909093,0.992,0.992,0.992,0.8839679869577411,0.0,0.7260502553626149,0.787926255855078,0.0,0.0
589.0,0.9130909090909093,0.992,0.992,0.992,0.8839900750805261,0.0,0.7253437500000001,0.787945944138072,0.0,0.0
589.5,0.9130490909090911,0.992,0.992,0.992,0.8840129168848305,0.0,0.7246288807189543,0.7879302165520028,0.0,0.0
590.0,0.9129818181818183,0.992,0.992,0.992,0.8840357586891349,0.0,0.7239140114379086,0.7878925201290883,0.0,0.0
590.5,0.9129145454545456,0.9924999999999999,0.9924999999999999,0.9924999999999999,0.8840586004934392,0.0,0.7231991421568628,0.7890467339999355,0.0,0.0
591.0,0.9128472727272728,0.993,0.993,0.993,0.8840820857998111,0.0,0.7224842728758171,0.7902026074311409,0.0,0.0
591.5,0.9127800000000001,0.9935,0.9935,0.9935,0.8841057134947822,0.0,0.7217694035947713,0.7913596947775117,0.0,0.0
592.0,0.9127272727272728,0.9940000000000001,0.9940000000000001,0.9940000000000001,0.8841293411897533,0.0,0.7210545343137255,0.7925304993431181,0.0,0.0
592.5,0.9127272727272728,0.9940000000000001,0.9940000000000001,0.9940000000000001,0.8841534619087413,0.0,0.7203396650326798,0.7925521210726248,0.0,0.0
593.0,0.9127272727272728,0.9940000000000001,0.9940000000000001,0.9940000000000001,0.8841778904671156,0.0,0.719624795751634,0.7925740187482981,0.0,0.0
593.5,0.9127272727272728,0.9940000000000001,0.9940000000000001,0.9940000000000001,0.8842023190254898,0.0,0.7189227783452502,0.7925959164239714,0.0,0.0
594.0,0.9127272727272728,0.9940000000000001,0.9940000000000001,0.9940000000000001,0.88422708392246,0.0,0.7183099080694586,0.7926181155924047,0.0,0.0
594.5,0.9127272727272728,0.9940000000000001,0.9940000000000001,0.9940000000000001,0.8842523280202935,0.0,0.717697037793667,0.7926407443148432,0.0,0.0
595.0,0.9124545454545455,0.9940000000000001,0.9940000000000001,0.9940000000000001,0.8842775721181271,0.0,0.7170841675178754,0.7924265214317923,0.0,0.0
595.5,0.9121181818181818,0.9945,0.9945,0.9945,0.8843029898359128,0.0,0.7164712972420837,0.7933531832242169,0.0,0.0
596.0,0.9117818181818181,0.995,0.995,0.995,0.8843290638205031,0.0,0.7158584269662921,0.7942808071037951,0.0,0.0
596.5,0.9114454545454544,0.994,0.994,0.994,0.8843551378050936,0.0,0.7152455566905005,0.7916196024602193,0.0,0.0
597.0,0.9111090909090908,0.993,0.993,0.993,0.8843812168579891,0.0,0.7146326864147089,0.7889648148952111,0.0,0.0
597.5,0.910990909090909,0.993,0.993,0.993,0.8844081347153856,0.0,0.7140198161389172,0.7888864872194576,0.0,0.0
598.0,0.9111927272727272,0.993,0.993,0.993,0.884435052572782,0.0,0.7134069458631256,0.7890852706339982,0.0,0.0
598.5,0.9113945454545453,0.992,0.992,0.992,0.8844619704301785,0.0,0.7127598039215686,0.7869019212322996,0.0,0.0
599.0,0.9115963636363636,0.991,0.991,0.991,0.8844895766626996,0.0,0.7120449346405229,0.7847227922496673,0.0,0.0
599.5,0.9117981818181818,0.9904999999999999,0.9904999999999999,0.9904999999999999,0.8845173519848709,0.0,0.7113300653594771,0.7837336946531541,0.0,0.0
600.0,0.912,0.99,0.99,0.99,0.8845451273070423,0.0,0.7106151960784313,0.7827452062625769,0.0,0.0
600.5,0.9122018181818182,0.991,0.991,0.991,0.8845734246583487,0.0,0.7099003267973856,0.785318420927022,0.0,0.0
601.0,0.9124036363636364,0.992,0.992,0.992,0.8846020706100791,0.0,0.7091854575163398,0.7878979591299934,0.0,0.0
601.5,0.9126054545454547,0.9915,0.9915,0.9915,0.8846307165618095,0.0,0.7084705882352941,0.786906677913304,0.0,0.0
602.0,0.9128072727272729,0.991,0.991,0.991,0.8846597126638976,0.0,0.7077557189542483,0.7859163160822983,0.0,0.0
602.5,0.9130090909090911,0.9915,0.9915,0.9915,0.884689241949485,0.0,0.7070408496732025,0.7873068021393096,0.0,0.0
603.0,0.9128909090909093,0.992,0.992,0.992,0.8847187712350724,0.0,0.7063259803921568,0.7884227376150788,0.0,0.0
603.5,0.9125545454545456,0.992,0.992,0.992,0.8847484735337124,0.0,0.7056665985699693,0.7881586951396852,0.0,0.0
604.0,0.9122181818181819,0.992,0.992,0.992,0.8847788983635466,0.0,0.7050537282941777,0.7878952765722331,0.0,0.0
604.5,0.9118818181818182,0.992,0.992,0.992,0.8848093231933808,0.0,0.7044408580183861,0.7876318380244718,0.0,0.0
605.0,0.9115454545454545,0.992,0.992,0.992,0.8848397480232151,0.0,0.7038279877425945,0.7873683794964009,0.0,0.0
605.5,0.9112727272727272,0.992,0.992,0.992,0.8848710709989619,0.0,0.7032151174668028,0.7871606692223619,0.0,0.0
606.0,0.9112727272727272,0.992,0.992,0.992,0.8849024030560627,0.0,0.7026022471910112,0.787188541489683,0.0,0.0
606.5,0.9112727272727272,0.992,0.992,0.992,0.8849337351131635,0.0,0.7019893769152196,0.7872164137570041,0.0,0.0
607.0,0.9112727272727272,0.992,0.992,0.992,0.8849657897155141,0.0,0.701376506639428,0.7872449287837293,0.0,0.0
607.5,0.9112727272727272,0.992,0.992,0.992,0.8849980401221116,0.0,0.7007636363636364,0.7872736179933464,0.0,0.0
608.0,0.9112727272727272,0.992,0.992,0.992,0.8850302905287091,0.0,0.7001507660878448,0.7873023072029635,0.0,0.0
608.5,0.9112727272727272,0.992,0.992,0.992,0.8850630830130511,0.0,0.6994609885620915,0.7873314786323007,0.0,0.0
609.0,0.9112727272727272,0.992,0.992,0.992,0.8850962622972934,0.0,0.6987461192810458,0.7873609941498088,0.0,0.0
609.5,0.9112727272727272,0.991,0.991,0.991,0.8851294415815356,0.0,0.69803125,0.7850116879860224,0.0,0.0
610.0,0.9112727272727272,0.99,0.99,0.99,0.8851629779587514,0.0,0.6973163807189543,0.7826673154145813,0.0,0.0
610.5,0.9112727272727272,0.99,0.99,0.99,0.8851970960216267,0.0,0.6966015114379085,0.782697482845148,0.0,0.0
611.0,0.9112472727272727,0.99,0.99,0.99,0.8852312140845019,0.0,0.6958866421568627,0.7827057863748688,0.0,0.0
611.5,0.91118,0.991,0.991,0.991,0.8852655001148293,0.0,0.695171772875817,0.7850524650612419,0.0,0.0
612.0,0.9111127272727272,0.992,0.992,0.992,0.8853005661973921,0.0,0.6944569035947712,0.787404462474563,0.0,0.0
612.5,0.9110454545454545,0.992,0.992,0.992,0.8853356322799548,0.0,0.6937420343137255,0.7873775100341251,0.0,0.0
613.0,0.9109781818181817,0.992,0.992,0.992,0.8853706983625176,0.0,0.6930271650326797,0.7873505529880334,0.0,0.0
613.5,0.910910909090909,0.9930000000000001,0.9930000000000001,0.9930000000000001,0.8854066961178336,0.0,0.6921156281920327,0.7897078422621667,0.0,0.0
614.0,0.9109090909090908,0.9940000000000001,0.9940000000000001,0.9940000000000001,0.8854427187688245,0.0,0.6911963227783452,0.792126715237967,0.0,0.0
614.5,0.9109090909090908,0.9935,0.9935,0.9935,0.8854787414198154,0.0,0.6902770173646577,0.7909641318294915,0.0,0.0
615.0,0.9109090909090908,0.993,0.993,0.993,0.8855155073967126,0.0,0.6893577119509704,0.7898033162606619,0.0,0.0
615.5,0.9109090909090908,0.9924999999999999,0.9924999999999999,0.9924999999999999,0.885552494440665,0.0,0.6884384065372829,0.7886437999637649,0.0,0.0
616.0,0.9109090909090908,0.992,0.992,0.992,0.8855894814846174,0.0,0.6875191011235955,0.7874853850136292,0.0,0.0
616.5,0.9109090909090908,0.9915,0.9915,0.9915,0.8856270198988792,0.0,0.686599795709908,0.786328560505138,0.0,0.0
617.0,0.9109090909090908,0.991,0.991,0.991,0.8856649784048052,0.0,0.6856804902962207,0.7851732073797402,0.0,0.0
617.5,0.9109090909090908,0.991,0.991,0.991,0.8857029369107312,0.0,0.6847611848825332,0.7852068589326094,0.0,0.0
618.0,0.9109090909090908,0.991,0.991,0.991,0.8857412516720284,0.0,0.6838770424836602,0.7852408263184171,0.0,0.0
618.5,0.9109090909090908,0.991,0.991,0.991,0.8857801879227785,0.0,0.6831621732026144,0.785275344676521,0.0,0.0
619.0,0.9108981818181817,0.991,0.991,0.991,0.8858191241735285,0.0,0.6824473039215686,0.7853004581260856,0.0,0.0
619.5,0.9108309090909089,0.99,0.99,0.99,0.8858582188798081,0.0,0.6817324346405229,0.782902288670112,0.0,0.0
620.0,0.9107636363636362,0.9890000000000001,0.9890000000000001,0.9890000000000001,0.8858981383421981,0.0,0.6810175653594771,0.7805097745907053,0.0,0.0
620.5,0.9106963636363634,0.99,0.99,0.99,0.8859380578045882,0.0,0.6803026960784314,0.782857189969937,0.0,0.0
621.0,0.9106290909090907,0.991,0.991,0.991,0.8859779772669784,0.0,0.6795878267973856,0.7852092559575075,0.0,0.0
621.5,0.9105618181818179,0.9915,0.9915,0.9915,0.8860188430322468,0.0,0.6788729575163398,0.786376540979229,0.0,0.0
622.0,0.9105454545454543,0.992,0.992,0.992,0.8860597503280491,0.0,0.6781580882352941,0.7875890259158672,0.0,0.0
622.5,0.9105454545454543,0.991,0.991,0.991,0.8861006576238514,0.0,0.6774432189542483,0.7852458557696427,0.0,0.0
623.0,0.9105454545454543,0.99,0.99,0.99,0.8861423133209491,0.0,0.6767282941777324,0.7829079247943275,0.0,0.0
623.5,0.9105454545454543,0.99,0.99,0.99,0.8861842121988389,0.0,0.6760132788559755,0.7829449425092552,0.0,0.0
624.0,0.9105454545454543,0.99,0.99,0.99,0.8862261110767289,0.0,0.6752982635342186,0.7829819602241831,0.0,0.0
624.5,0.910521818181818,0.9915,0.9915,0.9915,0.8862685584343949,0.0,0.6745832482124617,0.7865636188010903,0.0,0.0
625.0,0.9104545454545454,0.993,0.993,0.993,0.8863114517429496,0.0,0.6738682328907049,0.7901187621613438,0.0,0.0
625.5,0.9103872727272727,0.9924999999999999,0.9924999999999999,0.9924999999999999,0.8863543450515042,0.0,0.673153217568948,0.788905714569622,0.0,0.0
626.0,0.9103200000000001,0.992,0.992,0.992,0.8863975854380808,0.0,0.6724382022471911,0.7876942318873749,0.0,0.0
626.5,0.9102527272727274,0.992,0.992,0.992,0.8864414750999221,0.0,0.6717231869254342,0.7876750207330857,0.0,0.0
627.0,0.9101854545454547,0.992,0.992,0.992,0.8864853647617635,0.0,0.6710081716036773,0.7876558038142352,0.0,0.0
627.5,0.9101818181818184,0.991,0.991,0.991,0.886529399180535,0.0,0.6702931562819204,0.7853120502087724,0.0,0.0
628.0,0.9101818181818184,0.99,0.99,0.99,0.8865742861677088,0.0,0.6695179738562093,0.7829767580601773,0.0,0.0
628.5,0.9101818181818184,0.99,0.99,0.99,0.8866191731548826,0.0,0.668700980392157,0.7830163999359284,0.0,0.0
629.0,0.9101818181818184,0.99,0.99,0.99,0.8866640601420563,0.0,0.6678839869281047,0.7830560418116795,0.0,0.0
629.5,0.9101818181818184,0.99,0.99,0.99,0.8867098865500723,0.0,0.6670669934640524,0.7830965133355459,0.0,0.0
630.0,0.9101818181818184,0.99,0.99,0.99,0.8867557708607544,0.0,0.6662500000000001,0.7831370359960653,0.0,0.0
630.5,0.9101818181818184,0.991,0.991,0.991,0.8868016551714365,0.0,0.6654330065359477,0.7855532220307042,0.0,0.0
631.0,0.9101818181818184,0.992,0.992,0.992,0.8868482755066839,0.0,0.6646160130718954,0.7879751074384912,0.0,0.0
631.5,0.9101818181818184,0.9915,0.9915,0.9915,0.8868951561433018,0.0,0.6637990196078432,0.7868258043142555,0.0,0.0
632.0,0.9101818181818184,0.991,0.991,0.991,0.8869420367799198,0.0,0.6629820261437909,0.7856775759087273,0.0,0.0
632.5,0.9101818181818184,0.992,0.992,0.992,0.886989449906075,0.0,0.6621650326797386,0.7881005425502235,0.0,0.0
633.0,0.9101818181818184,0.993,0.993,0.993,0.8870373248549316,0.0,0.6613479060265577,0.7905289807485896,0.0,0.0
633.5,0.9101818181818184,0.9935,0.9935,0.9935,0.8870851998037883,0.0,0.6605307456588355,0.7917664653821147,0.0,0.0
634.0,0.9101818181818184,0.9940000000000001,0.9940000000000001,0.9940000000000001,0.8871334041815978,0.0,0.6597135852911133,0.793005576762907,0.0,0.0
634.5,0.9101818181818184,0.9925,0.9925,0.9925,0.8871822703940806,0.0,0.6588964249233912,0.7894644100425171,0.0,0.0
635.0,0.9101818181818184,0.991,0.991,0.991,0.8872311366065634,0.0,0.658079264555669,0.7859336684622132,0.0,0.0
635.5,0.9101327272727275,0.9904999999999999,0.9904999999999999,0.9904999999999999,0.8872801302905414,0.0,0.6572621041879468,0.7847456681334087,0.0,0.0
636.0,0.9100654545454547,0.99,0.99,0.99,0.8873299836659985,0.0,0.6564449438202248,0.7835439649504137,0.0,0.0
636.5,0.9099981818181819,0.99,0.99,0.99,0.8873798370414554,0.0,0.6556277834525026,0.7835300638385925,0.0,0.0
637.0,0.9099309090909092,0.99,0.99,0.99,0.8874296904169124,0.0,0.6548106230847804,0.7835161562184472,0.0,0.0
637.5,0.9098636363636364,0.991,0.991,0.991,0.8874804530469093,0.0,0.6539942810457516,0.785879695508487,0.0,0.0
638.0,0.9097963636363637,0.992,0.992,0.992,0.8875312884172692,0.0,0.6532794117647059,0.7882480144237659,0.0,0.0
638.5,0.909729090909091,0.992,0.992,0.992,0.8875821237876292,0.0,0.6525645424836601,0.7882348746568855,0.0,0.0
639.0,0.9096618181818182,0.992,0.992,0.992,0.8876336643516874,0.0,0.6518496732026144,0.7882223544280915,0.0,0.0
639.5,0.9095945454545455,0.9924999999999999,0.9924999999999999,0.9924999999999999,0.8876854754678984,0.0,0.6511348039215686,0.7894025183959369,0.0,0.0
640.0,0.9095272727272729,0.993,0.993,0.993,0.8877372865841096,0.0,0.650419934640523,0.790583840410345,0.0,0.0
640.5,0.9094600000000002,0.994,0.994,0.994,0.8877896008051768,0.0,0.6497050653594771,0.7929627917877126,0.0,0.0
641.0,0.9092690909090911,0.995,0.995,0.995,0.887842380325533,0.0,0.6489901960784314,0.7952387651803214,0.0,0.0
641.5,0.909067272727273,0.994,0.994,0.994,0.8878951598458893,0.0,0.6482753267973856,0.7927146142119346,0.0,0.0
642.0,0.9088654545454548,0.993,0.993,0.993,0.8879482430172775,0.0,0.64756045751634,0.7901963042855125,0.0,0.0
642.5,0.9086636363636365,0.993,0.993,0.993,0.8880019824977002,0.0,0.6468455566905006,0.7900686500098971,0.0,0.0
643.0,0.9084618181818183,0.993,0.993,0.993,0.888055721978123,0.0,0.6461305413687437,0.7899409744954079,0.0,0.0
643.5,0.9082945454545456,0.9915,0.9915,0.9915,0.8881095689619171,0.0,0.6454155260469868,0.7862694670464218,0.0,0.0
644.0,0.9081600000000001,0.99,0.99,0.99,0.8881642588482509,0.0,0.6447005107252299,0.7826385676969001,0.0,0.0
644.5,0.9080254545454546,0.991,0.991,0.991,0.8882189487345847,0.0,0.643985495403473,0.784944626183506,0.0,0.0
645.0,0.9078909090909092,0.992,0.992,0.992,0.8882736386209186,0.0005,0.6432704800817162,0.7872550543806187,0.0003216352400408581,0.00025320896838908907
645.5,0.9077563636363637,0.992,0.992,0.992,0.8883291835823947,0.00065,0.6425554647599592,0.7871876074674473,0.00041766105209397345,0.00032877760433019183
646.0,0.9075854545454546,0.992,0.992,0.992,0.8883848132047759,0.0009,0.6418404494382023,0.7870886852034815,0.0005776564044943821,0.00045466681991285365
646.5,0.9071145454545455,0.992,0.992,0.992,0.8884404428271572,0.0012499999999999998,0.6411254341164454,0.7867295579776585,0.0008014067926455567,0.0006304904117383318
647.0,0.9066436363636364,0.992,0.992,0.992,0.8884967282358827,0.0018,0.6404104187946885,0.786370960015064,0.0011527387538304392,0.000906480280496211
647.5,0.9061727272727274,0.9915,0.9915,0.9915,0.88855328580523,0.0025499999999999997,0.6396809330194736,0.7848246229691151,0.0016311863791996575,0.0012801952350477274
648.0,0.9057018181818183,0.991,0.991,0.991,0.8886098433745772,0.0037,0.6389319494971111,0.7832805143953602,0.002364048213139311,0.0018517129004431915
648.5,0.9052309090909092,0.9904999999999999,0.9904999999999999,0.9904999999999999,0.8886668616684242,0.005399999999999999,0.6381829659747487,0.7817390375759689,0.0034461880162636425,0.002694019703139777
649.0,0.9052800000000001,0.99,0.99,0.99,0.8887243342750981,0.008,0.6374339824523861,0.7806485931378185,0.005099471859619089,0.003980895532957537
649.5,0.905549090909091,0.99,0.99,0.99,0.8887818068817721,0.0121,0.6366849989300236,0.7809311363527923,0.007703888487053286,0.006016206390529717
650.0,0.9058181818181819,0.99,0.99,0.99,0.8888395500614182,0.0182,0.6359360154076611,0.7812139473903073,0.011574035480419433,0.009041797944893936
650.5,0.9060872727272726,0.9924999999999999,0.9924999999999999,0.9924999999999999,0.8888979236760898,0.027899999999999998,0.6351870318852986,0.7874327404363471,0.01772171818959983,0.013954661119277255
651.0,0.9063563636363635,0.995,0.995,0.995,0.8889562972907613,0.0432,0.634438048362936,0.7936858567143177,0.027407723689278837,0.021753122656914575
651.5,0.9065254545454544,0.9945,0.9945,0.9945,0.8890147569200701,0.06905,0.6336890648405735,0.792689919912892,0.043756229927241604,0.034685122396715236
652.0,0.9064581818181817,0.9940000000000001,0.9940000000000001,0.9940000000000001,0.8890740163968316,0.1109,0.6329061032863851,0.7914889289423267,0.0701892868544601,0.05555404347566236
652.5,0.906390909090909,0.9925,0.9925,0.9925,0.8891332758735929,0.17925,0.6317323943661972,0.7879051720882074,0.11323803169014085,0.08922083084575032
653.0,0.9063236363636363,0.991,0.991,0.991,0.8891925353503544,0.2787,0.6305586854460095,0.7843322596215423,0.17573670563380284,0.1378359674282064
653.5,0.9062563636363636,0.9904999999999999,0.9904999999999999,0.9904999999999999,0.8892525721617022,0.41095,0.6293849765258217,0.7831404185172265,0.25864575610328644,0.20255594568243224
654.0,0.9061890909090909,0.99,0.99,0.99,0.8893127012434489,0.5591,0.6282112676056338,0.7819498639805115,0.3512329197183099,0.27464653379921034
654.5,0.9058818181818181,0.9904999999999999,0.9904999999999999,0.9904999999999999,0.8893728303251955,0.6962,0.6270375586854461,0.7829226197882837,0.4365435483568076,0.3417798185311851
655.0,0.9055454545454545,0.991,0.991,0.991,0.8894335480441865,0.7983,0.6259034741002705,0.7838712293908395,0.49965874337424593,0.39166811344465213
655.5,0.9052090909090909,0.99,0.99,0.99,0.8894945293702912,0.8522,0.6250713542750156,0.7812639266526499,0.5326858081131682,0.4161682061186338
656.0,0.9048727272727273,0.9890000000000001,0.9890000000000001,0.9890000000000001,0.8895555106963958,0.8666,0.6242392344497608,0.7786628016938131,0.5409657205741627,0.42122988360258995
656.5,0.9045363636363637,0.9905,0.9905,0.9905,0.8896168984847852,0.84785,0.6234071146245059,0.781974325726524,0.5285557221343874,0.4133170044249336
657.0,0.9044945454545454,0.992,0.992,0.992,0.8896787136010796,0.8022,0.6225749947992512,0.7855506068324687,0.4994296608279593,0.39232727313353744
657.5,0.9047636363636364,0.991,0.991,0.991,0.8897405287173741,0.7255,0.6217428749739963,0.7834647738618676,0.4510744557936343,0.35340094650322473
658.0,0.9050327272727274,0.99,0.99,0.99,0.8898025753135054,0.6203,0.6209107551487415,0.7813822227611595,0.3851509414187643,0.3009500987043472
658.5,0.9053018181818183,0.9895,0.9895,0.9895,0.8898652046845783,0.4934,0.6200786353234866,0.7804858137165921,0.3059467986686083,0.23878713611285513
659.0,0.9055709090909093,0.9890000000000001,0.9890000000000001,0.9890000000000001,0.8899278340556512,0.3628,0.6192465154982317,0.7795897631344031,0.22466263582275847,0.17514469104621494
659.5,0.9057909090909093,0.9885,0.9885,0.9885,0.8899905277769463,0.2475,0.618414395672977,0.7786519274917862,0.1530575629290618,0.11917856639190935
660.0,0.9054545454545456,0.988,0.988,0.988,0.8900539508007586,0.1579,0.617641062308478,0.7772376308818078,0.09752552373850869,0.07580050702102599
660.5,0.9051181818181819,0.9885,0.9885,0.9885,0.8901173738245709,0.0978,0.6169260469867212,0.7781845209030186,0.06033536739530133,0.04695204897002017
661.0,0.9047818181818182,0.9890000000000001,0.9890000000000001,0.9890000000000001,0.8901807968483831,0.0597,0.6162110316649643,0.7791318549158168,0.036787798590398366,0.02866254575400655
661.5,0.9044454545454546,0.99,0.99,0.99,0.8902448975947955,0.03735,0.6154960163432074,0.7812633607374071,0.022988776210418796,0.01796028856139194
662.0,0.9041090909090909,0.991,0.991,0.991,0.8903090926196084,0.0237,0.6147810010214505,0.7833982704403265,0.014570309724208376,0.011414355437724712
662.5,0.9039090909090909,0.991,0.991,0.991,0.8903732876444213,0.0156,0.6140659856996936,0.7832814469617412,0.00957942937691522,0.007503389303417964
663.0,0.9037745454545454,0.991,0.991,0.991,0.8904379882156449,0.0104,0.6133509703779366,0.7832217668217331,0.006378850091930541,0.004996054239292812
663.5,0.9036399999999999,0.991,0.991,0.991,0.8905029325592476,0.0071,0.6126359550561797,0.7831622841254644,0.004349715280898877,0.0034065329546842005
664.0,0.9035054545454545,0.991,0.991,0.991,0.8905678769028503,0.005,0.6119209397344229,0.7831027844208795,0.003059604698672114,0.0023959849587573386
664.5,0.903370909090909,0.9904999999999999,0.9904999999999999,0.9904999999999999,0.8906331633591734,0.00355,0.611205924412666,0.7818589339459485,0.0021697810316649645,0.0016964626843137096
665.0,0.9032181818181817,0.99,0.99,0.99,0.8906988333303932,0.0026,0.6105637254901961,0.7806010634834616,0.0015874656862745098,0.0012391774029493856
665.5,0.9030163636363635,0.9895,0.9895,0.9895,0.890764503301613,0.0019,0.6099509803921569,0.7793022284061387,0.0011589068627450981,0.0009031387006524221
666.0,0.9028145454545454,0.9890000000000001,0.9890000000000001,0.9890000000000001,0.8908303613158098,0.0014,0.6093382352941177,0.7780050796331255,0.0008530735294117647,0.0006636955391829115
666.5,0.9026127272727272,0.9885,0.9885,0.9885,0.8908967322382756,0.0010500000000000002,0.6087254901960784,0.7767098985118197,0.0006391617647058823,0.0004964432693973415
667.0,0.9024109090909092,0.988,0.988,0.988,0.8909631031607415,0.0008,0.6081127450980391,0.7754162352960162,0.00048649019607843134,0.000377232396351558
667.5,0.902209090909091,0.9885,0.9885,0.9885,0.8910295180226648,0.00065,0.6074999999999999,0.7764782789844549,0.00039487499999999994,0.00030661186041398657
668.0,0.9017745454545455,0.9890000000000001,0.9890000000000001,0.9890000000000001,0.8910965642607934,0.0005,0.6068872549019607,0.7773410743260695,0.00030344362745098036,0.00023587919536014466
668.5,0.9013036363636364,0.9895,0.9895,0.9895,0.891163610498922,0.0004,0.6062745098039215,0.7781726507142244,0.0002425098039215686,0.00018871449694183383
669.0,0.9008327272727273,0.99,0.99,0.99,0.8912306567370506,0.0003,0.6056617647058823,0.7790043029165743,0.00018169852941176467,0.0001415439362453784
669.5,0.9003618181818182,0.9895,0.9895,0.9895,0.89129826210723,0.00025,0.6050490196078431,0.7774769546025413,0.00015126225490196078,0.00011760291728748978
670.0,0.8998909090909091,0.9890000000000001,0.9890000000000001,0.9890000000000001,0.891365957094393,0.0002,0.6042482124616956,0.7759518677763412,0.00012084964249233912,9.377350581203363e-05
670.5,0.8997909090909092,0.988,0.988,0.988,0.8914336520815561,0.0002,0.6034310520939734,0.7735732787850937,0.00012068621041879468,9.335962749781475e-05
671.0,0.9001272727272728,0.987,0.987,0.987,0.891501756281266,0.0001,0.6026138917262512,0.771573994538887,6.026138917262513e-05,4.64961207603848e-05
671.5,0.9004636363636365,0.9864999999999999,0.9864999999999999,0.9864999999999999,0.8915700725500921,0.0001,0.6017967313585291,0.7707489292988963,6.017967313585291e-05,4.6383418635016186e-05
672.0,0.9008,0.986,0.986,0.986,0.8916383888189182,0.0001,0.6009795709908069,0.7699240410154335,6.009795709908069e-05,4.627086198649637e-05
672.5,0.9011363636363636,0.9875,0.9875,0.9875,0.891706975148203,0.0,0.6001624106230847,0.7737915661595242,0.0,0.0
673.0,0.9014254545454546,0.9890000000000001,0.9890000000000001,0.9890000000000001,0.8917758843629592,0.0,0.5993452502553626,0.7776325236830297,0.0,0.0
673.5,0.9008872727272728,0.9885,0.9885,0.9885,0.8918447935777154,0.0,0.5985280898876404,0.7760500902440056,0.0,0.0
674.0,0.9003490909090909,0.988,0.988,0.988,0.8919138450062973,0.0,0.5977109295199182,0.7744701249855008,0.0,0.0
674.5,0.899810909090909,0.988,0.988,0.988,0.8919833179972911,0.0,0.596907066993464,0.7740674760610209,0.0,0.0
675.0,0.8992727272727271,0.988,0.988,0.988,0.8920527909882849,0.0,0.5961921977124182,0.7736647550181798,0.0,0.0
675.5,0.8987345454545453,0.9875,0.9875,0.9875,0.8921222901620995,0.0,0.5954773284313725,0.7720885978251895,0.0,0.0
676.0,0.8984145454545454,0.987,0.987,0.987,0.8921922969620326,0.0,0.5947624591503268,0.7707023831469163,0.0,0.0
676.5,0.8982127272727272,0.986,0.986,0.986,0.8922623037619657,0.0,0.594047589869281,0.7682498686608957,0.0,0.0
677.0,0.8980109090909091,0.985,0.985,0.985,0.8923323105618987,0.0,0.5933327205882353,0.7658027520268857,0.0,0.0
677.5,0.8978090909090909,0.9864999999999999,0.9864999999999999,0.9864999999999999,0.8924027428918783,0.0,0.5926178513071895,0.7691944886783718,0.0,0.0
678.0,0.8976072727272727,0.988,0.988,0.988,0.8924732527740793,0.0,0.5919029820261438,0.7725959118420596,0.0,0.0
678.5,0.8974381818181819,0.9885,0.9885,0.9885,0.8925437626562803,0.0,0.591188112745098,0.7736848328290288,0.0,0.0
679.0,0.8973709090909091,0.9890000000000001,0.9890000000000001,0.9890000000000001,0.8926145756320509,0.0,0.5904732434640523,0.7748628427137961,0.0,0.0
679.5,0.8973036363636364,0.9895,0.9895,0.9895,0.8926855571505073,0.0,0.5896892747701736,0.7760421884559601,0.0,0.0
680.0,0.8972363636363637,0.99,0.99,0.99,0.8927565386689638,0.0,0.5887699693564862,0.77722272453237,0.0,0.0
680.5,0.897169090909091,0.99,0.99,0.99,0.8928277133266111,0.0,0.5878506639427987,0.7772264092775111,0.0,0.0
681.0,0.8971018181818182,0.99,0.99,0.99,0.8928991343577138,0.0,0.5869313585291114,0.7772302991883471,0.0,0.0
681.5,0.8969218181818183,0.9895,0.9895,0.9895,0.8929705553888164,0.0,0.5860120531154239,0.7759596224358164,0.0,0.0
682.0,0.8967200000000001,0.9890000000000001,0.9890000000000001,0.9890000000000001,0.8930420725101438,0.0,0.5850927477017365,0.7746716282587868,0.0,0.0
682.5,0.8965181818181818,0.988,0.988,0.988,0.8931139002960534,0.0,0.584173442288049,0.7722124231621407,0.0,0.0
683.0,0.8963163636363636,0.987,0.987,0.987,0.8931857280819632,0.0,0.5832541368743616,0.769758615139493,0.0,0.0
683.5,0.8961145454545454,0.9875,0.9875,0.9875,0.8932575682026593,0.0,0.5823348314606741,0.7708174612047686,0.0,0.0
684.0,0.8960290909090908,0.988,0.988,0.988,0.8933297693961976,0.0,0.5814155260469867,0.7719776915431047,0.0,0.0
684.5,0.8960963636363636,0.9885,0.9885,0.9885,0.8934019705897359,0.0,0.5805522875816993,0.773270855503829,0.0,0.0
685.0,0.8961636363636363,0.9890000000000001,0.9890000000000001,0.9890000000000001,0.8934741717832742,0.0,0.579735294117647,0.7745655817398093,0.0,0.0
685.5,0.8962309090909091,0.9885,0.9885,0.9885,0.8935466547184994,0.0,0.5789183006535947,0.7735122071857105,0.0,0.0
686.0,0.8962981818181818,0.988,0.988,0.988,0.8936191954294624,0.0,0.5781013071895424,0.7724597127776508,0.0,0.0
686.5,0.8963490909090909,0.9895,0.9895,0.9895,0.8936917361404256,0.0,0.5772843137254902,0.7760904155161401,0.0,0.0
687.0,0.8958109090909091,0.991,0.991,0.991,0.8937644680551151,0.0,0.5764673202614379,0.7792205465172708,0.0,0.0
687.5,0.8952727272727273,0.989,0.989,0.989,0.8938373138979036,0.0,0.5756503267973855,0.7741100578716311,0.0,0.0
688.0,0.8947345454545456,0.987,0.987,0.987,0.893910159740692,0.0,0.5748333333333332,0.7690233683838349,0.0,0.0
688.5,0.8941963636363637,0.9864999999999999,0.9864999999999999,0.9864999999999999,0.8939831200346894,0.0,0.5740163398692809,0.7674560018530395,0.0,0.0
689.0,0.8936581818181819,0.986,0.986,0.986,0.8940562361771415,0.0,0.5731993464052286,0.7658910905370037,0.0,0.0
689.5,0.8935800000000002,0.989,0.989,0.989,0.8941293523195936,0.0,0.5725366700715014,0.7728988600159475,0.0,0.0
690.0,0.8937818181818183,0.992,0.992,0.992,0.8942025202294029,0.0,0.5719237997957098,0.7801936688625135,0.0,0.0
690.5,0.8939836363636364,0.992,0.992,0.992,0.894275871442718,0.0,0.5713109295199182,0.7804338521009855,0.0,0.0
691.0,0.8941854545454546,0.992,0.992,0.992,0.8943492226560332,0.0,0.5706980592441266,0.780674064241771,0.0,0.0
691.5,0.8943872727272727,0.99,0.99,0.99,0.8944225772641805,0.0,0.570085188968335,0.7762005525493525,0.0,0.0
692.0,0.8944872727272727,0.988,0.988,0.988,0.8944961279738116,0.0,0.5694723186925433,0.771655514759489,0.0,0.0
692.5,0.8942181818181818,0.9885,0.9885,0.9885,0.8945696786834426,0.0,0.5688594484167517,0.7726586850850403,0.0,0.0
693.0,0.8939490909090909,0.9890000000000001,0.9890000000000001,0.9890000000000001,0.8946432293930736,0.0,0.5682465781409601,0.7736624904401822,0.0,0.0
693.5,0.89368,0.99,0.99,0.99,0.8947169132652383,0.0,0.5676337078651685,0.7758419703081748,0.0,0.0
694.0,0.8934109090909091,0.991,0.991,0.991,0.894790627602632,0.0,0.5670208375893769,0.7780251591780808,0.0,0.0
694.5,0.8931418181818183,0.991,0.991,0.991,0.8948643419400257,0.0,0.5666053921568628,0.7778548975804292,0.0,0.0
695.0,0.8929818181818182,0.991,0.991,0.991,0.894938134141059,0.0,0.5661968954248365,0.7777796823025102,0.0,0.0
695.5,0.8928472727272728,0.991,0.991,0.991,0.8950119759961181,0.0,0.5657883986928104,0.7777266597140505,0.0,0.0
696.0,0.8927127272727273,0.991,0.991,0.991,0.8950858178511774,0.0,0.5653799019607842,0.7776736177870999,0.0,0.0
696.5,0.8925781818181818,0.991,0.991,0.991,0.8951596968695656,0.0,0.5649714052287581,0.7776205888052492,0.0,0.0
697.0,0.8924436363636363,0.991,0.991,0.991,0.8952336299437054,0.0,0.564562908496732,0.7775675874260474,0.0,0.0
697.5,0.8922545454545454,0.9895,0.9895,0.9895,0.895307563017845,0.0,0.5641544117647058,0.7739420043500214,0.0,0.0
698.0,0.8919854545454545,0.988,0.988,0.988,0.8953815072794199,0.0,0.5637459150326797,0.7702589028230153,0.0,0.0
698.5,0.8917163636363635,0.988,0.988,0.988,0.8954554951390882,0.0,0.5633374183006535,0.7700901633649941,0.0,0.0
699.0,0.8914472727272726,0.988,0.988,0.988,0.8955294829987563,0.0,0.5629111338100101,0.7699213855044001,0.0,0.0
699.5,0.8911781818181816,0.99,0.99,0.99,0.8956034708767138,0.0,0.5624004085801838,0.7744366491613527,0.0,0.0
700.0,0.8909090909090908,0.992,0.992,0.992,0.8956774770072449,0.0,0.5618896833503575,0.7789687949698475,0.0,0.0
700.5,0.8905727272727272,0.992,0.992,0.992,0.895751483137776,0.0,0.5613789581205312,0.7787390331803072,0.0,0.0
701.0,0.8902363636363635,0.992,0.992,0.992,0.8958254892683071,0.0,0.5608682328907048,0.7785092227901538,0.0,0.0
701.5,0.8898999999999999,0.992,0.992,0.992,0.895899480822384,0.0,0.5603575076608784,0.7782793511366349,0.0,0.0
702.0,0.8895636363636363,0.992,0.992,0.992,0.8959734686820522,0.0,0.5598467824310521,0.7780494276839082,0.0,0.0
702.5,0.8892272727272726,0.9915,0.9915,0.9915,0.8960474565417205,0.0,0.5593360572012258,0.7766439100648242,0.0,0.0
703.0,0.8890109090909091,0.991,0.991,0.991,0.8961214118262095,0.0,0.5588253319713994,0.7753448528162761,0.0,0.0
703.5,0.8888763636363637,0.9915,0.9915,0.9915,0.8961953449003492,0.0,0.5583146067415731,0.7764655596917086,0.0,0.0
704.0,0.8887418181818182,0.992,0.992,0.992,0.8962692779744889,0.0,0.5577647058823529,0.7775872701300697,0.0,0.0
704.5,0.8886072727272728,0.992,0.992,0.992,0.8963431753462657,0.0,0.5571519607843137,0.7775336545546989,0.0,0.0
705.0,0.8884727272727273,0.992,0.992,0.992,0.8964170172013248,0.0,0.5565392156862745,0.7774799714169193,0.0,0.0
705.5,0.8883381818181819,0.992,0.992,0.992,0.896490859056384,0.0,0.5559264705882353,0.7774262688820472,0.0,0.0
706.0,0.8882036363636364,0.992,0.992,0.992,0.8965646769141248,0.0,0.5553137254901961,0.7773725261430435,0.0,0.0
706.5,0.888069090909091,0.992,0.992,0.992,0.8966383912515185,0.0,0.5547009803921569,0.7773186742688237,0.0,0.0
707.0,0.8879345454545455,0.992,0.992,0.992,0.8967121055889122,0.0,0.5540882352941177,0.777264803031008,0.0,0.0
707.5,0.8878,0.9915,0.9915,0.9915,0.8967858199263059,0.0,0.5534754901960784,0.7760362865643623,0.0,0.0
708.0,0.8876654545454545,0.991,0.991,0.991,0.8968593730928103,0.0,0.5528627450980392,0.7748089584648357,0.0,0.0
708.5,0.88732,0.991,0.991,0.991,0.8969329238024413,0.0,0.55225,0.7745709412339148,0.0,0.0
709.0,0.8869163636363637,0.991,0.991,0.991,0.8970064745120724,0.0,0.5516976506639428,0.7742820815499069,0.0,0.0
709.5,0.8865127272727273,0.991,0.991,0.991,0.897079869259118,0.0,0.5511869254341164,0.7739930295159517,0.0,0.0
710.0,0.886109090909091,0.991,0.991,0.991,0.8971532204724332,0.0,0.5506762002042901,0.7737038822743655,0.0,0.0
710.5,0.8857054545454546,0.991,0.991,0.991,0.8972265716857483,0.0,0.5501654749744638,0.7734146774027888,0.0,0.0
711.0,0.8855309090909091,0.991,0.991,0.991,0.8972997868920976,0.0,0.5496547497446375,0.7733253605346998,0.0,0.0
711.5,0.8857327272727272,0.991,0.991,0.991,0.8973729030345496,0.0,0.549144024514811,0.7735646348446563,0.0,0.0
712.0,0.8859345454545454,0.991,0.991,0.991,0.8974460191770018,0.0,0.5486332992849847,0.7738039378772638,0.0,0.0
712.5,0.8861363636363636,0.991,0.991,0.991,0.8975190338556163,0.0,0.5481225740551584,0.7740431821275344,0.0,0.0
713.0,0.8863381818181817,0.991,0.991,0.991,0.8975918796984047,0.0,0.5476118488253321,0.7742823094191356,0.0,0.0
713.5,0.8865399999999999,0.9904999999999999,0.9904999999999999,0.9904999999999999,0.8976647255411931,0.0,0.5471011235955057,0.7733497235209741,0.0,0.0
714.0,0.8862836363636363,0.99,0.99,0.99,0.8977375188487725,0.0,0.5465085784313727,0.7720184698959366,0.0,0.0
714.5,0.8860145454545454,0.99,0.99,0.99,0.8978100595597357,0.0,0.5458958333333335,0.7718464350293531,0.0,0.0
715.0,0.8857454545454545,0.99,0.99,0.99,0.8978826002706989,0.0,0.5452830882352943,0.7716743622822078,0.0,0.0
715.5,0.8854763636363636,0.99,0.99,0.99,0.897955140981662,0.0,0.5446703431372549,0.7715022516545001,0.0,0.0
716.0,0.8852072727272727,0.99,0.99,0.99,0.898027352710776,0.0,0.5440575980392157,0.7713298205785453,0.0,0.0
716.5,0.8850909090909092,0.99,0.99,0.99,0.8980995539043143,0.0,0.5434448529411765,0.7712904331261653,0.0,0.0
717.0,0.8850909090909092,0.99,0.99,0.99,0.8981717550978525,0.0,0.5428321078431373,0.7713524397150721,0.0,0.0
717.5,0.8850909090909092,0.99,0.99,0.99,0.8982436703486122,0.0,0.5422193627450981,0.7714142007355131,0.0,0.0
718.0,0.8850909090909092,0.99,0.99,0.99,0.8983154981345218,0.0,0.5416066176470589,0.7714758866408941,0.0,0.0
718.5,0.8850909090909092,0.99,0.99,0.99,0.8983873259204314,0.0,0.5409948927477017,0.7715375725462749,0.0,0.0
719.0,0.8851345454545455,0.99,0.99,0.99,0.8984589248813145,0.0,0.5404841675178754,0.7716371029744631,0.0,0.0
719.5,0.8854036363636364,0.99,0.99,0.99,0.8985303459124172,0.0,0.5399734422880491,0.7719330476329729,0.0,0.0
720.0,0.8856727272727273,0.99,0.99,0.99,0.8986017669435199,0.0,0.5394627170582227,0.7722290295873508,0.0,0.0
720.5,0.885941818181818,0.99,0.99,0.99,0.8986730300316396,0.0,0.5389519918283964,0.7725249130653135,0.0,0.0
721.0,0.8862109090909089,0.99,0.99,0.99,0.898744011550096,0.0,0.53844126659857,0.7728205916378535,0.0,0.0
721.5,0.8864799999999998,0.99,0.99,0.99,0.8988149930685525,0.0,0.5379305413687436,0.7731163072767494,0.0,0.0
722.0,0.886290909090909,0.99,0.99,0.99,0.8988859009381042,0.0,0.5374198161389173,0.7730123758883811,0.0,0.0
722.5,0.8859545454545453,0.99,0.99,0.99,0.8989564108203052,0.0,0.5369090909090909,0.7727796167027815,0.0,0.0
723.0,0.8856181818181817,0.99,0.99,0.99,0.8990269207025062,0.0,0.5363983656792646,0.7725468114920961,0.0,0.0
723.5,0.8852818181818181,0.9895,0.9895,0.9895,0.8990974305847073,0.0,0.5359101307189542,0.7711443784860721,0.0,0.0
724.0,0.8849454545454545,0.9890000000000001,0.9890000000000001,0.9890000000000001,0.8991674610531755,0.0,0.5355016339869281,0.7697433754791979,0.0,0.0
724.5,0.8846327272727272,0.9890000000000001,0.9890000000000001,0.9890000000000001,0.8992374678531085,0.0,0.5350931372549019,0.7695312680048698,0.0,0.0
725.0,0.8843636363636364,0.9890000000000001,0.9890000000000001,0.9890000000000001,0.8993074746530416,0.0,0.5346846405228758,0.7693570798715947,0.0,0.0
725.5,0.8840945454545455,0.9895,0.9895,0.9895,0.899377081229856,0.0,0.5342761437908496,0.7703497093358008,0.0,0.0
726.0,0.8838254545454546,0.99,0.99,0.99,0.8994465542208498,0.0,0.5338676470588235,0.7713428380090054,0.0,0.0
726.5,0.8835563636363637,0.9895,0.9895,0.9895,0.8995160272118436,0.0,0.5334591503267974,0.7699997082267164,0.0,0.0
727.0,0.8832872727272728,0.9890000000000001,0.9890000000000001,0.9890000000000001,0.8995851920728817,0.0,0.5330506535947712,0.7686579892610842,0.0,0.0
727.5,0.8833363636363637,0.9890000000000001,0.9890000000000001,0.9890000000000001,0.8996541012876379,0.0,0.5326421568627451,0.768759592679266,0.0,0.0
728.0,0.8834036363636364,0.9890000000000001,0.9890000000000001,0.9890000000000001,0.8997230105023941,0.0,0.5322336601307189,0.7688770273250441,0.0,0.0
728.5,0.8834709090909091,0.9890000000000001,0.9890000000000001,0.9890000000000001,0.8997917161331123,0.0,0.5317814096016343,0.7689942969494141,0.0,0.0
729.0,0.8835381818181818,0.9890000000000001,0.9890000000000001,0.9890000000000001,0.8998600324019383,0.0,0.5312706843718079,0.7691112427281175,0.0,0.0
729.5,0.8836054545454545,0.9890000000000001,0.9890000000000001,0.9890000000000001,0.8999283486707644,0.0,0.5307599591419816,0.7692281973984646,0.0,0.0
730.0,0.8834181818181818,0.9890000000000001,0.9890000000000001,0.9890000000000001,0.8999965778730912,0.0,0.5302492339121553,0.7691234736117869,0.0,0.0
730.5,0.8830145454545454,0.9890000000000001,0.9890000000000001,0.9890000000000001,0.9000642728602543,0.0,0.529738508682329,0.7688298835168393,0.0,0.0
731.0,0.8826109090909091,0.9890000000000001,0.9890000000000001,0.9890000000000001,0.9001319678474173,0.0,0.5292277834525025,0.7685362405572046,0.0,0.0
731.5,0.8822072727272727,0.9890000000000001,0.9890000000000001,0.9890000000000001,0.9001996628345805,0.0,0.5287170582226762,0.768242544732883,0.0,0.0
732.0,0.8818036363636365,0.9890000000000001,0.9890000000000001,0.9890000000000001,0.9002667499848104,0.0,0.5282063329928499,0.7679482775449672,0.0,0.0
732.5,0.8815000000000002,0.9890000000000001,0.9890000000000001,0.9890000000000001,0.900333796222939,0.0,0.5276956077630236,0.7677410179244261,0.0,0.0
733.0,0.8818363636363638,0.9890000000000001,0.9890000000000001,0.9890000000000001,0.9004008424610674,0.0,0.5271848825331972,0.7680911674049226,0.0,0.0
733.5,0.8821727272727273,0.9885,0.9885,0.9885,0.9004673931973134,0.0,0.5265439133986929,0.7672760450834467,0.0,0.0
734.0,0.882509090909091,0.988,0.988,0.988,0.9005337641197794,0.0,0.5258290441176471,0.7664609308368212,0.0,0.0
734.5,0.8828454545454546,0.988,0.988,0.988,0.9006001350422452,0.0,0.5251141748366014,0.7668095743849879,0.0,0.0
735.0,0.8831818181818182,0.988,0.988,0.988,0.9006661340886747,0.0,0.5243993055555556,0.7671579442426723,0.0,0.0
735.5,0.8830763636363637,0.988,0.988,0.988,0.9007318040598945,0.0,0.5236844362745099,0.7671222721480746,0.0,0.0
736.0,0.8828072727272728,0.988,0.988,0.988,0.9007974740311144,0.0,0.5229695669934641,0.7669444265652637,0.0,0.0
736.5,0.8825381818181818,0.988,0.988,0.988,0.9008629064845857,0.0,0.5222546977124184,0.7667663447347776,0.0,0.0
737.0,0.8822690909090909,0.988,0.988,0.988,0.9009278508281885,0.0,0.5215398284313726,0.7665878136159557,0.0,0.0
737.5,0.8819999999999999,0.988,0.988,0.988,0.9009927951717912,0.0,0.5208249591503268,0.7664092487884974,0.0,0.0
738.0,0.8817745454545454,0.988,0.988,0.988,0.9010576465068555,0.0,0.5201100898692811,0.7662684914782042,0.0,0.0
738.5,0.88164,0.988,0.988,0.988,0.9011218415316683,0.0,0.5196543411644535,0.7662061542651873,0.0,0.0
739.0,0.8815054545454545,0.988,0.988,0.988,0.9011860365564811,0.0,0.5192457609805925,0.7661438003923149,0.0,0.0
739.5,0.8813709090909091,0.988,0.988,0.988,0.901250231581294,0.0,0.5188371807967314,0.7660814298595873,0.0,0.0
740.0,0.8812363636363637,0.988,0.988,0.988,0.9013137156542345,0.0,0.5184286006128703,0.7660184384353877,0.0,0.0
740.5,0.8811018181818182,0.988,0.988,0.988,0.9013771386780468,0.0,0.5180200204290092,0.7659553786586539,0.0,0.0
741.0,0.8809672727272728,0.988,0.988,0.988,0.901440561701859,0.0,0.5176114402451482,0.7658923024224139,0.0,0.0
741.5,0.8808327272727273,0.988,0.988,0.988,0.9015034151070386,0.0,0.517202860061287,0.7658287258346442,0.0,0.0
742.0,0.8806981818181818,0.988,0.988,0.988,0.9015660444781114,0.0,0.516794279877426,0.7657649426469009,0.0,0.0
742.5,0.8805636363636364,0.988,0.988,0.988,0.9016286738491842,0.0,0.5163856996935648,0.7657011432056195,0.0,0.0
743.0,0.8804290909090909,0.988,0.988,0.988,0.9016908842743551,0.0,0.515982843137255,0.7656369717786116,0.0,0.0
743.5,0.8803636363636363,0.988,0.988,0.988,0.9017526993906495,0.0,0.5156764705882353,0.7656325354124696,0.0,0.0
744.0,0.8803636363636363,0.988,0.988,0.988,0.901814514506944,0.0,0.5153700980392157,0.7656850194962405,0.0,0.0
744.5,0.8803636363636363,0.988,0.988,0.988,0.9018760700549212,0.0,0.5150637254901961,0.7657372831937024,0.0,0.0
745.0,0.8803636363636363,0.988,0.988,0.988,0.9019370513810259,0.0,0.5147573529411765,0.7657890593484618,0.0,0.0
745.5,0.8803636363636363,0.9875,0.9875,0.9875,0.9019980327071304,0.0,0.5144509803921569,0.7646787100028011,0.0,0.0
746.0,0.8803418181818181,0.987,0.987,0.987,0.90205892189871,0.0,0.5141446078431373,0.7635503782013797,0.0,0.0
746.5,0.8801399999999999,0.9875,0.9875,0.9875,0.9021190509804565,0.0,0.5138382352941177,0.7645870292688665,0.0,0.0
747.0,0.8799381818181817,0.988,0.988,0.988,0.9021791800622032,0.0,0.5135318627450981,0.7656244552631509,0.0,0.0
747.5,0.8797363636363635,0.988,0.988,0.988,0.9022393091439499,0.0,0.5132254901960784,0.7654998716824176,0.0,0.0
748.0,0.8795345454545453,0.988,0.988,0.988,0.90229865131588,0.0,0.5128921348314607,0.7653745971986399,0.0,0.0
748.5,0.8793327272727272,0.9875,0.9875,0.9875,0.9023579107926415,0.0,0.5124835546475996,0.7640880017165181,0.0,0.0
749.0,0.8790836363636363,0.987,0.987,0.987,0.9024171702694028,0.0,0.5120749744637385,0.7627619213271538,0.0,0.0
749.5,0.8788145454545454,0.987,0.987,0.987,0.9024758081352283,0.0,0.5116663942798775,0.7625779850282346,0.0,0.0
750.0,0.8785454545454545,0.987,0.987,0.987,0.9025341817498999,0.0,0.5112578140960163,0.762393795166573,0.0,0.0
750.5,0.8782763636363635,0.987,0.987,0.987,0.9025925553645714,0.0,0.5108492339121553,0.7622095750986437,0.0,0.0
751.0,0.8780072727272726,0.987,0.987,0.987,0.902650479828109,0.0,0.5104406537282942,0.7620249456473721,0.0,0.0
751.5,0.8778181818181817,0.987,0.987,0.987,0.9027079524347829,0.0,0.5100320735444331,0.761909341520446,0.0,0.0
752.0,0.8778181818181817,0.987,0.987,0.987,0.9027654250414567,0.0,0.509623493360572,0.7619578499176394,0.0,0.0
752.5,0.8778181818181817,0.987,0.987,0.987,0.9028226274419131,0.0,0.509214913176711,0.7620061302536524,0.0,0.0
753.0,0.8778181818181817,0.987,0.987,0.987,0.9028791850112603,0.0,0.5087095588235294,0.7620538663351869,0.0,0.0
753.5,0.8778181818181817,0.987,0.987,0.987,0.9029357425806076,0.0,0.5080968137254902,0.7621016024167215,0.0,0.0
754.0,0.8778181818181817,0.987,0.987,0.987,0.9029922146933773,0.0,0.507484068627451,0.7621492663706488,0.0,0.0
754.5,0.8777581818181818,0.987,0.987,0.987,0.9030478443157586,0.0,0.5068713235294118,0.7621441221500693,0.0,0.0
755.0,0.8776909090909091,0.987,0.987,0.987,0.9031034739381397,0.0,0.5062585784313726,0.7621326563230734,0.0,0.0
755.5,0.8776236363636364,0.987,0.987,0.987,0.9031591035605209,0.0,0.5056458333333333,0.7621211832994901,0.0,0.0
756.0,0.8775563636363636,0.987,0.987,0.987,0.9032138978619711,0.0,0.5050330882352941,0.762108998256686,0.0,0.0
756.5,0.8774890909090909,0.987,0.987,0.987,0.9032685877483051,0.0,0.5044203431372549,0.7620967180292818,0.0,0.0
757.0,0.8774872727272728,0.987,0.987,0.987,0.9033232776346389,0.0,0.5038075980392157,0.7621412812507218,0.0,0.0
757.5,0.8775545454545455,0.987,0.987,0.987,0.9033773158412439,0.0,0.5031948529411765,0.7622453069306587,0.0,0.0
758.0,0.8776218181818182,0.987,0.987,0.987,0.9034310553216667,0.0,0.5027213483146067,0.7623490875249253,0.0,0.0
758.5,0.8776890909090909,0.987,0.987,0.987,0.9034847948020893,0.0,0.5023127681307457,0.7624528750712586,0.0,0.0
759.0,0.8777563636363636,0.987,0.987,0.987,0.9035380711185961,0.0,0.5019041879468845,0.7625562786746172,0.0,0.0
759.5,0.8777799999999999,0.987,0.987,0.987,0.9035908506389524,0.0,0.5014956077630235,0.7626213582827668,0.0,0.0
760.0,0.8773090909090908,0.987,0.987,0.987,0.9036436301593087,0.0,0.5010870275791623,0.7622567506683693,0.0,0.0
760.5,0.8768381818181817,0.9864999999999999,0.9864999999999999,0.9864999999999999,0.9036961392244534,0.0,0.5006784473953013,0.7607345633381195,0.0,0.0
761.0,0.8763672727272727,0.986,0.986,0.986,0.9037479503406644,0.0,0.5002698672114402,0.7592140227659074,0.0,0.0
761.5,0.8758963636363636,0.986,0.986,0.986,0.9037997614568754,0.0,0.49986128702757915,0.7588495667752216,0.0,0.0
762.0,0.8754254545454545,0.986,0.986,0.986,0.9038514983421708,0.0,0.49945270684371806,0.7584850017164328,0.0,0.0
762.5,0.8753181818181818,0.986,0.986,0.986,0.9039023337125308,0.0,0.499044126659857,0.7584347129043445,0.0,0.0
763.0,0.8753854545454545,0.986,0.986,0.986,0.9039531690828908,0.0,0.49863562091503266,0.7585356600979571,0.0,0.0
763.5,0.8754527272727273,0.986,0.986,0.986,0.9040040044532507,0.0,0.4982271241830065,0.7586366138479747,0.0,0.0
764.0,0.87552,0.986,0.986,0.986,0.9040539826668986,0.0,0.4978186274509804,0.7587368547765719,0.0,0.0
764.5,0.8755872727272728,0.986,0.986,0.986,0.9041038360423557,0.0,0.49741013071895424,0.7588369973712031,0.0,0.0
765.0,0.8755454545454545,0.986,0.986,0.986,0.9041536894178127,0.0,0.4970016339869281,0.7588425963887697,0.0,0.0
765.5,0.8752090909090908,0.986,0.986,0.986,0.9042028817201669,0.0,0.49659313725490195,0.7585923376995427,0.0,0.0
766.0,0.8748727272727272,0.986,0.986,0.986,0.9042517479326497,0.0,0.4961846405228758,0.7583417738158088,0.0,0.0
766.5,0.8745363636363636,0.986,0.986,0.986,0.9043006141451324,0.0,0.4957761437908497,0.7580911784198942,0.0,0.0
767.0,0.8742,0.986,0.986,0.986,0.9043490179663742,0.0,0.4953676470588236,0.7578401640301442,0.0,0.0
767.5,0.8738636363636363,0.986,0.986,0.986,0.9043968929152308,0.0,0.4949489274770174,0.7575886754043836,0.0,0.0
768.0,0.8738763636363636,0.986,0.986,0.986,0.9044447678640876,0.0,0.49443820224719104,0.7576398133320631,0.0,0.0
768.5,0.8739436363636363,0.986,0.986,0.986,0.9044923810470595,0.0,0.49392747701736467,0.7577380258597582,0.0,0.0
769.0,0.874010909090909,0.986,0.986,0.986,0.9045392616836776,0.0,0.49341675178753835,0.7578356307907127,0.0,0.0
769.5,0.8740781818181816,0.986,0.986,0.986,0.9045861423202957,0.0,0.492906026557712,0.757933241768017,0.0,0.0
770.0,0.8741454545454544,0.986,0.986,0.986,0.9046329631175182,0.0,0.4923953013278856,0.7580308086496719,0.0,0.0
770.5,0.8742127272727271,0.986,0.986,0.986,0.9046788474282003,0.0,0.49188457609805925,0.758127596787279,0.0,0.0
771.0,0.87428,0.986,0.986,0.986,0.9047247317388823,0.0,0.49137385086823293,0.7582243908427369,0.0,0.0
771.5,0.8743472727272726,0.986,0.986,0.986,0.9047706160495644,0.0,0.49086312563840656,0.7583211908160448,0.0,0.0
772.0,0.8744145454545454,0.986,0.986,0.986,0.9048156457967599,0.0,0.4903524004085802,0.7584172804113276,0.0,0.0
772.5,0.8744818181818181,0.986,0.986,0.986,0.9048605327839337,0.0,0.48981004901960784,0.7585132561434614,0.0,0.0
773.0,0.87452,0.986,0.986,0.986,0.9049054197711075,0.0,0.4891973039215686,0.7585840033668261,0.0,0.0
773.5,0.8740490909090909,0.986,0.986,0.986,0.9049496548529339,0.0,0.4885845588235294,0.7582125855566757,0.0,0.0
774.0,0.8735781818181818,0.986,0.986,0.986,0.9049935445147752,0.0,0.4879718137254902,0.7578408385561104,0.0,0.0
774.5,0.8731072727272727,0.986,0.986,0.986,0.9050374341766166,0.0,0.487359068627451,0.7574690519313868,0.0,0.0
775.0,0.8726363636363637,0.986,0.986,0.986,0.9050808750306713,0.0,0.4867463235294118,0.7570968502564287,0.0,0.0
775.5,0.8721654545454546,0.986,0.986,0.986,0.9051237683392259,0.0,0.48613357843137256,0.7567241515898541,0.0,0.0
776.0,0.8720872727272727,0.986,0.986,0.986,0.9051666616477806,0.0,0.4855208333333333,0.7566921755693199,0.0,0.0
776.5,0.8722218181818182,0.986,0.986,0.986,0.9052093090860909,0.0,0.4849080882352941,0.7568445753702079,0.0,0.0
777.0,0.8723563636363637,0.986,0.986,0.986,0.9052512079639807,0.0,0.48429534313725486,0.7569963602047124,0.0,0.0
777.5,0.8724909090909091,0.986,0.986,0.986,0.9052931068418706,0.0,0.4836825331971399,0.757148155846889,0.0,0.0
778.0,0.8726254545454546,0.986,0.986,0.986,0.9053349620464752,0.0,0.4830696629213483,0.7572999257646507,0.0,0.0
778.5,0.8726945454545455,0.986,0.986,0.986,0.9053758693422777,0.0,0.48245679264555663,0.7573941067559642,0.0,0.0
779.0,0.87256,0.986,0.986,0.986,0.90541677663808,0.0,0.48184392236976503,0.7573115532615766,0.0,0.0
779.5,0.8724254545454546,0.986,0.986,0.986,0.9054576839338823,0.0,0.4812310520939734,0.7572289892152919,0.0,0.0
780.0,0.8722909090909091,0.986,0.986,0.986,0.9054977606190077,0.0,0.4806181818181818,0.757145720089364,0.0,0.0
780.5,0.8721563636363636,0.986,0.986,0.986,0.9055376800813977,0.0,0.4800053115423901,0.7570623091818891,0.0,0.0
781.0,0.8720218181818181,0.986,0.986,0.986,0.9055775995437877,0.0,0.4793924412665985,0.7569788879773255,0.0,0.0
781.5,0.872,0.986,0.986,0.986,0.9056168920734303,0.0,0.47877957099080687,0.7569927922843884,0.0,0.0
782.0,0.872,0.986,0.986,0.986,0.9056558283241803,0.0,0.47816670071501527,0.757025338564647,0.0,0.0
782.5,0.872,0.986,0.986,0.986,0.9056947645749304,0.0,0.4777026143790849,0.7570578848449057,0.0,0.0
783.0,0.872,0.986,0.986,0.986,0.9057332760596608,0.0,0.4772941176470588,0.7570900760690494,0.0,0.0
783.5,0.872,0.986,0.986,0.986,0.9057712345655867,0.0,0.47688562091503267,0.7571218050657623,0.0,0.0
784.0,0.8717963636363637,0.986,0.986,0.986,0.9058091930715128,0.0,0.47647712418300653,0.7569767175574401,0.0,0.0
784.5,0.8713254545454546,0.986,0.986,0.986,0.9058469269450905,0.0,0.4760686274509804,0.7565993462200719,0.0,0.0
785.0,0.8708545454545454,0.986,0.986,0.986,0.905883913989043,0.0,0.47566013071895424,0.7562213173714174,0.0,0.0
785.5,0.8703836363636364,0.986,0.986,0.986,0.9059209010329954,0.0,0.4752516339869281,0.7558432551303781,0.0,0.0
786.0,0.8699127272727273,0.986,0.986,0.986,0.9059578610469148,0.0,0.47484313725490196,0.7554651369570007,0.0,0.0
786.5,0.8694581818181818,0.986,0.986,0.986,0.9059938836979057,0.0,0.4744346405228758,0.7551004155516061,0.0,0.0
787.0,0.8695927272727273,0.986,0.986,0.986,0.9060299063488967,0.0,0.4740261437908497,0.7552472922795911,0.0,0.0
787.5,0.8697272727272728,0.986,0.986,0.986,0.9060659289998876,0.0,0.47352196118488254,0.7553941782994954,0.0,0.0
788.0,0.8698618181818182,0.986,0.986,0.986,0.9061011626494923,0.0,0.4730112359550562,0.7555404157129962,0.0,0.0
788.5,0.8699963636363637,0.986,0.986,0.986,0.906136228732055,0.0,0.47250051072522986,0.7556865224697333,0.0,0.0
789.0,0.8701309090909091,0.986,0.986,0.986,0.9061712948146177,0.0,0.4719897854954035,0.7558326382716463,0.0,0.0
789.5,0.8701818181818182,0.9855,0.9855,0.9855,0.9062057715876449,0.0,0.4714790602655771,0.7547562438501568,0.0,0.0
790.0,0.8701818181818182,0.985,0.985,0.985,0.9062398896505203,0.0,0.47096833503575075,0.7536364076077254,0.0,0.0
790.5,0.8701818181818182,0.985,0.985,0.985,0.9062740077133955,0.0,0.47045760980592444,0.7536647804642213,0.0,0.0
791.0,0.8701818181818182,0.985,0.985,0.985,0.9063077329739999,0.0,0.46994688457609807,0.7536928266631778,0.0,0.0
791.5,0.8701818181818182,0.985,0.985,0.985,0.9063409122582421,0.0,0.4694361593462717,0.7537204188237844,0.0,0.0
792.0,0.8701818181818182,0.985,0.985,0.985,0.9063740915424843,0.0,0.46891053921568626,0.7537480109843908,0.0,0.0
792.5,0.8701818181818182,0.985,0.985,0.985,0.9064070709181242,0.0,0.46829779411764705,0.7537754368993901,0.0,0.0
793.0,0.8701818181818182,0.985,0.985,0.985,0.9064393213247218,0.0,0.46768504901960783,0.7538022565978493,0.0,0.0
793.5,0.8701818181818182,0.9855,0.9855,0.9855,0.9064715717313193,0.0,0.4670723039215686,0.7549776221776233,0.0,0.0
794.0,0.8701818181818182,0.986,0.986,0.986,0.9065038111066916,0.0,0.4664595588235294,0.7561542263594174,0.0,0.0
794.5,0.8701818181818182,0.9855,0.9855,0.9855,0.9065351431637926,0.0,0.4658468137254902,0.7550305692422901,0.0,0.0
795.0,0.8702363636363636,0.985,0.985,0.985,0.9065664752208934,0.0,0.465234068627451,0.7539552558874049,0.0,0.0
795.5,0.8703036363636364,0.985,0.985,0.985,0.9065978072779942,0.0,0.46462132352941177,0.7540395992624346,0.0,0.0
796.0,0.8703709090909091,0.985,0.985,0.985,0.9066284055616902,0.0,0.46400857843137255,0.7541233363216939,0.0,0.0
796.5,0.8704381818181818,0.985,0.985,0.985,0.9066588303915244,0.0,0.46339583333333334,0.7542069330271917,0.0,0.0
797.0,0.8705054545454545,0.985,0.985,0.985,0.9066892552213586,0.0,0.46281920326864145,0.754290533644753,0.0,0.0
797.5,0.8705181818181817,0.985,0.985,0.985,0.9067191377045768,0.0,0.46230847803881514,0.754326421910939,0.0,0.0
798.0,0.870450909090909,0.985,0.985,0.985,0.9067486669901642,0.0,0.46179775280898877,0.7542926927464547,0.0,0.0
798.5,0.8703836363636364,0.985,0.985,0.985,0.9067781962757516,0.0,0.4612870275791624,0.7542589597850573,0.0,0.0
799.0,0.8703163636363637,0.985,0.985,0.985,0.9068073701056729,0.0,0.46077630234933603,0.7542249273812406,0.0,0.0
799.5,0.8702490909090909,0.985,0.985,0.985,0.9068360160574033,0.0,0.4602655771195097,0.7541904522045131,0.0,0.0
800.0,0.8701818181818182,0.985,0.985,0.985,0.9068646620091337,0.0,0.45975485188968335,0.7541559733444528,0.0,0.0
800.5,0.8699127272727273,0.985,0.985,0.985,0.9068931345321533,0.0,0.459244126659857,0.7539464323766767,0.0,0.0
801.0,0.8696436363636364,0.985,0.985,0.985,0.9069209098543246,0.0,0.4587334014300306,0.7537362973255021,0.0,0.0
801.5,0.8693745454545455,0.985,0.985,0.985,0.9069486851764959,0.0,0.4582226762002043,0.7535261479887819,0.0,0.0
802.0,0.8691054545454546,0.985,0.985,0.985,0.9069764604986672,0.0,0.45776960784313725,0.753315984366517,0.0,0.0
802.5,0.8688363636363637,0.985,0.985,0.985,0.9070033817893561,0.0,0.4573611111111111,0.7531050973373566,0.0,0.0
803.0,0.8686872727272728,0.985,0.985,0.985,0.9070302996467527,0.0,0.45695261437908496,0.7529982123864913,0.0,0.0
803.5,0.8686200000000001,0.985,0.985,0.985,0.9070572175041492,0.0,0.4565441176470588,0.7529622437614191,0.0,0.0
804.0,0.8685527272727274,0.985,0.985,0.985,0.907083466345267,0.0,0.4561356209150327,0.7529257163574518,0.0,0.0
804.5,0.8684854545454547,0.985,0.985,0.985,0.9071095403298574,0.0,0.45572712418300654,0.7528890404497471,0.0,0.0
805.0,0.8684181818181819,0.985,0.985,0.985,0.9071356143144476,0.0,0.4553186274509804,0.752852361189416,0.0,0.0
805.5,0.8683636363636364,0.985,0.985,0.985,0.9071611990064455,0.0,0.45491013071895425,0.7528263064193289,0.0,0.0
806.0,0.8683636363636364,0.985,0.985,0.985,0.9071864431042791,0.0,0.45450163398692817,0.7528472557511035,0.0,0.0
806.5,0.8683636363636364,0.985,0.985,0.985,0.9072116872021126,0.0,0.454093137254902,0.7528682050828779,0.0,0.0
807.0,0.8683636363636364,0.985,0.985,0.985,0.9072366161866016,0.0,0.4536057201225741,0.7528888929113875,0.0,0.0
807.5,0.8683636363636364,0.985,0.985,0.985,0.9072610447449758,0.0,0.45309499489274774,0.7529091654510333,0.0,0.0
808.0,0.8683636363636364,0.985,0.985,0.985,0.9072854733033501,0.0,0.45258426966292137,0.7529294379906791,0.0,0.0
808.5,0.8683109090909091,0.985,0.985,0.985,0.9073097551570168,0.0,0.45207354443309505,0.7529038694835913,0.0,0.0
809.0,0.8682436363636364,0.985,0.985,0.985,0.9073333828519881,0.0,0.4515628192032687,0.7528651431789523,0.0,0.0
809.5,0.8681763636363636,0.985,0.985,0.985,0.9073570105469593,0.0,0.4510520939734423,0.752826413836234,0.0,0.0
810.0,0.8681090909090909,0.985,0.985,0.985,0.9073806382419304,0.0,0.45054136874361594,0.7527876814554365,0.0,0.0
810.5,0.8680418181818181,0.985,0.985,0.985,0.9074034957797816,0.0,0.45003064351378963,0.7527483071427594,0.0,0.0
811.0,0.868,0.985,0.985,0.985,0.907426337584086,0.0,0.44951991828396326,0.7527309910626867,0.0,0.0
811.5,0.868,0.985,0.985,0.985,0.9074491793883903,0.0,0.4490091930541369,0.7527499388640448,0.0,0.0
812.0,0.868,0.985,0.985,0.985,0.9074714263141553,0.0,0.4481977124183007,0.7527683931999899,0.0,0.0
812.5,0.868,0.985,0.985,0.985,0.9074935022889998,0.0,0.44738071895424836,0.7527867057282196,0.0,0.0
813.0,0.868,0.985,0.985,0.985,0.9075155782638443,0.0,0.4465637254901961,0.7528050182564493,0.0,0.0
813.5,0.868,0.9845,0.9845,0.9845,0.9075372213432383,0.0,0.4457467320261438,0.7516771226127693,0.0,0.0
814.0,0.868,0.9840000000000001,0.9840000000000001,0.9840000000000001,0.9075585425841297,0.0,0.4449297385620915,0.7505500694823931,0.0,0.0
814.5,0.868,0.9845,0.9845,0.9845,0.9075798638250212,0.0,0.4441127450980392,0.7517124416908785,0.0,0.0
815.0,0.868,0.985,0.985,0.985,0.9076009113548026,0.0,0.44329575163398693,0.7528758040155429,0.0,0.0
815.5,0.868,0.985,0.985,0.985,0.907621493575697,0.0,0.4424787581699346,0.7528928774405588,0.0,0.0
816.0,0.868,0.985,0.985,0.985,0.9076420757965914,0.0,0.4416617647058823,0.7529099508655746,0.0,0.0
816.5,0.868,0.985,0.985,0.985,0.9076625371340132,0.0,0.4408641470888662,0.7529269240149731,0.0,0.0
817.0,0.868,0.985,0.985,0.985,0.9076823962256324,0.0,0.44014913176710924,0.7529433975876445,0.0,0.0
817.5,0.868,0.985,0.985,0.985,0.9077022553172516,0.0,0.43943411644535235,0.7529598711603158,0.0,0.0
818.0,0.868,0.985,0.985,0.985,0.9077221144088707,0.0,0.43871910112359547,0.7529763447329872,0.0,0.0
818.5,0.868,0.985,0.985,0.985,0.9077412918905367,0.0,0.4380040858018386,0.7529922528945454,0.0,0.0
819.0,0.868,0.985,0.985,0.985,0.9077604438914566,0.0,0.43728907048008164,0.7530081399192395,0.0,0.0
819.5,0.868,0.985,0.985,0.985,0.9077795958923767,0.0,0.43657405515832476,0.7530240269439338,0.0,0.0
820.0,0.868,0.985,0.985,0.985,0.90779822225902,0.0,0.4358590398365679,0.7530394779429214,0.0,0.0
820.5,0.868,0.985,0.985,0.985,0.9078166833275159,0.0,0.435144024514811,0.7530547918232987,0.0,0.0
821.0,0.868,0.985,0.985,0.985,0.9078351443960118,0.0,0.43442900919305405,0.753070105703676,0.0,0.0
821.5,0.868,0.985,0.985,0.985,0.9078532292905681,0.0,0.4336323529411764,0.7530851075391296,0.0,0.0
822.0,0.868,0.985,0.985,0.985,0.9078710156772586,0.0,0.4327132352941176,0.7530998617554515,0.0,0.0
822.5,0.868,0.9845,0.9845,0.9845,0.9078888020639491,0.0,0.4317941176470588,0.7519683229936406,0.0,0.0
823.0,0.868,0.9840000000000001,0.9840000000000001,0.9840000000000001,0.9079063551560079,0.0,0.43087499999999995,0.7508377101554088,0.0,0.0
823.5,0.868,0.9840000000000001,0.9840000000000001,0.9840000000000001,0.9079234831773396,0.0,0.42995588235294113,0.7508518750130984,0.0,0.0
824.0,0.868,0.9840000000000001,0.9840000000000001,0.9840000000000001,0.9079406111986712,0.0,0.4290367647058823,0.7508660398707877,0.0,0.0
824.5,0.8679763636363637,0.9845,0.9845,0.9845,0.9079576421796449,0.0,0.42811764705882355,0.7520048622569618,0.0,0.0
825.0,0.867909090909091,0.985,0.985,0.985,0.9079741281922511,0.0,0.4271985294117647,0.7531065118542251,0.0,0.0
825.5,0.8678418181818182,0.985,0.985,0.985,0.9079906142048572,0.0,0.4262794117647059,0.7530618106534757,0.0,0.0
826.0,0.8677745454545455,0.985,0.985,0.985,0.9080071002174633,0.0,0.4253602941176471,0.753017107332934,0.0,0.0
826.5,0.8677072727272728,0.985,0.985,0.985,0.9080229931590998,0.0,0.42456527068437183,0.7529719100925195,0.0,0.0
827.0,0.86764,0.985,0.985,0.985,0.9080388535350654,0.0,0.42385025536261495,0.7529266838058023,0.0,0.0
827.5,0.8676363636363637,0.985,0.985,0.985,0.9080547139110309,0.0,0.42313524004085806,0.752936679251267,0.0,0.0
828.0,0.8676363636363637,0.985,0.985,0.985,0.908070120534203,0.0,0.4224202247191011,0.7529494540450233,0.0,0.0
828.5,0.8676363636363637,0.985,0.985,0.985,0.9080853716372643,0.0,0.42170520939734424,0.7529620998853213,0.0,0.0
829.0,0.8676363636363637,0.985,0.985,0.985,0.9081006227403257,0.0,0.42099019407558735,0.7529747457256192,0.0,0.0
829.5,0.8676363636363637,0.985,0.985,0.985,0.9081155527415518,0.0,0.42027517875383047,0.7529871253161573,0.0,0.0
830.0,0.8676363636363637,0.985,0.985,0.985,0.9081302109042556,0.0,0.41956016343207353,0.7529992795048654,0.0,0.0
830.5,0.8676363636363637,0.985,0.985,0.985,0.9081448690669595,0.0,0.41884514811031665,0.7530114336935735,0.0,0.0
831.0,0.8676363636363637,0.985,0.985,0.985,0.9081593321231851,0.0,0.41813013278855976,0.7530234261047791,0.0,0.0
831.5,0.8676363636363637,0.985,0.985,0.985,0.9081734136250257,0.0,0.41758231209150326,0.7530351021404543,0.0,0.0
832.0,0.8676363636363637,0.985,0.985,0.985,0.9081874951268663,0.0,0.4170716911764706,0.7530467781761296,0.0,0.0
832.5,0.8676363636363637,0.985,0.985,0.985,0.9082015008915061,0.0,0.4165610702614379,0.7530583914123771,0.0,0.0
833.0,0.8676363636363637,0.985,0.985,0.985,0.9082150219380604,0.0,0.4160504493464052,0.7530696027322862,0.0,0.0
833.5,0.8676363636363637,0.985,0.985,0.985,0.9082285429846148,0.0,0.4155398284313725,0.7530808140521953,0.0,0.0
834.0,0.8676363636363637,0.985,0.985,0.985,0.908242064031169,0.0,0.4150292075163398,0.7530920253721043,0.0,0.0
834.5,0.8676363636363637,0.985,0.985,0.985,0.9082550777866503,0.0,0.41451858660130714,0.7531028160587078,0.0,0.0
835.0,0.8676363636363637,0.985,0.985,0.985,0.9082680544897223,0.0,0.41400796568627446,0.7531135760223631,0.0,0.0
835.5,0.8676363636363637,0.985,0.985,0.985,0.9082810311927944,0.0,0.4134973447712418,0.7531243359860184,0.0,0.0
836.0,0.8676363636363637,0.985,0.985,0.985,0.9082936228762065,0.0,0.41298330836721586,0.7531347767008225,0.0,0.0
836.5,0.8676363636363637,0.9845,0.9845,0.9845,0.9083060712349927,0.0,0.41234132249090516,0.7519987591995846,0.0,0.0
837.0,0.8676363636363637,0.9840000000000001,0.9840000000000001,0.9840000000000001,0.9083185195937789,0.0,0.4116993366145944,0.7508638740892929,0.0,0.0
837.5,0.8676363636363637,0.9840000000000001,0.9840000000000001,0.9840000000000001,0.9083306986336065,0.0,0.4110573507382837,0.7508739419243424,0.0,0.0
838.0,0.8676363636363637,0.9840000000000001,0.9840000000000001,0.9840000000000001,0.9083426345168887,0.0,0.410415364861973,0.7508838087533992,0.0,0.0
838.5,0.8676363636363637,0.9840000000000001,0.9840000000000001,0.9840000000000001,0.9083545704001709,0.0,0.40977337898566224,0.7508936755824559,0.0,0.0
839.0,0.8676363636363637,0.9840000000000001,0.9840000000000001,0.9840000000000001,0.9083663461685781,0.0,0.40913139310935154,0.7509034100521337,0.0,0.0
839.5,0.8676363636363637,0.9840000000000001,0.9840000000000001,0.9840000000000001,0.908377785297947,0.0,0.4084894072330408,0.7509128662382719,0.0,0.0
840.0,0.8676363636363637,0.9840000000000001,0.9840000000000001,0.9840000000000001,0.908389224427316,0.0,0.4078474213567301,0.7509223224244103,0.0,0.0
840.5,0.8676363636363637,0.9840000000000001,0.9840000000000001,0.9840000000000001,0.9084006062371297,0.0,0.4072054354804194,0.7509317312271887,0.0,0.0
841.0,0.8678836363636364,0.9840000000000001,0.9840000000000001,0.9840000000000001,0.9084115641712412,0.0,0.4059303971686983,0.7511548046097781,0.0,0.0
841.5,0.8681527272727273,0.9835,0.9835,0.9835,0.9084225221053528,0.0,0.4043574518285489,0.7502519270816194,0.0,0.0
842.0,0.8684218181818182,0.983,0.983,0.983,0.9084334800394643,0.0,0.4027845064883994,0.7493494816693413,0.0,0.0
842.5,0.8686909090909091,0.9835,0.9835,0.9835,0.9084440113268898,0.0,0.40121156114825,0.7507347789136597,0.0,0.0
843.0,0.86896,0.9840000000000001,0.9840000000000001,0.9840000000000001,0.9084545034467505,0.0,0.3996386158081006,0.7521219492342849,0.0,0.0
843.5,0.8690218181818181,0.9840000000000001,0.9840000000000001,0.9840000000000001,0.9084649955666113,0.0,0.3983142857142857,0.7521841426957417,0.0,0.0
844.0,0.8688872727272727,0.9840000000000001,0.9840000000000001,0.9840000000000001,0.9084751665206029,0.0,0.39715988455988455,0.7520761064878416,0.0,0.0
844.5,0.8687527272727272,0.9840000000000001,0.9840000000000001,0.9840000000000001,0.9084852080158803,0.0,0.3960054834054834,0.7519679605172312,0.0,0.0
845.0,0.8686181818181818,0.9840000000000001,0.9840000000000001,0.9840000000000001,0.9084952495111577,0.0,0.39485108225108223,0.7518598119721813,0.0,0.0
845.5,0.8684836363636365,0.9840000000000001,0.9840000000000001,0.9840000000000001,0.9085050690442588,0.0,0.3936966810966811,0.7517514771879003,0.0,0.0
846.0,0.8684072727272728,0.9840000000000001,0.9840000000000001,0.9840000000000001,0.9085146749006084,0.0,0.39254227994227997,0.7516933252856918,0.0,0.0
846.5,0.8688109090909092,0.9840000000000001,0.9840000000000001,0.9840000000000001,0.9085242807569581,0.0,0.39138787878787884,0.7520506643732002,0.0,0.0
847.0,0.8692145454545455,0.9840000000000001,0.9840000000000001,0.9840000000000001,0.9085337576984943,0.0,0.3904607471575528,0.7524079040873523,0.0,0.0
847.5,0.8696181818181818,0.9840000000000001,0.9840000000000001,0.9840000000000001,0.9085429426858938,0.0,0.3896486193827829,0.7527649091946841,0.0,0.0
848.0,0.8700218181818182,0.9840000000000001,0.9840000000000001,0.9840000000000001,0.9085521276732933,0.0,0.388836491608013,0.7531219213665602,0.0,0.0
848.5,0.8704254545454545,0.9840000000000001,0.9840000000000001,0.9840000000000001,0.9085612707672912,0.0,0.38802436383324307,0.7534789058603651,0.0,0.0
849.0,0.8706872727272726,0.9840000000000001,0.9840000000000001,0.9840000000000001,0.9085700494293684,0.0,0.38721223605847316,0.7537128297206079,0.0,0.0
849.5,0.8708890909090908,0.9835,0.9835,0.9835,0.9085788280914454,0.0,0.38640010828370325,0.7527461722473013,0.0,0.0
850.0,0.871090909090909,0.983,0.983,0.983,0.9085876067535225,0.0,0.3855879805089334,0.7517801311833043,0.0,0.0
850.5,0.8712927272727272,0.9824999999999999,0.9824999999999999,0.9824999999999999,0.9085960326388762,0.0,0.3849130617387652,0.7508144152493201,0.0,0.0
851.0,0.8714945454545454,0.982,0.982,0.982,0.9086044192832151,0.0,0.3845980680386392,0.7498492845667268,0.0,0.0
851.5,0.8717563636363636,0.982,0.982,0.982,0.908612805927554,0.0,0.3842830743385132,0.7500814809245482,0.0,0.0
852.0,0.8721599999999999,0.982,0.982,0.982,0.908620929251943,0.0,0.3839680806383872,0.7504354890821338,0.0,0.0
852.5,0.8725636363636362,0.982,0.982,0.982,0.9086289379413539,0.0,0.3836530869382612,0.7507894087281408,0.0,0.0
853.0,0.8729672727272726,0.982,0.982,0.982,0.9086369466307649,0.0,0.3833380932381352,0.7511433344964704,0.0,0.0
853.5,0.873370909090909,0.982,0.982,0.982,0.9086447756171452,0.0,0.3830230995380092,0.751497117763245,0.0,0.0
854.0,0.8737745454545454,0.982,0.982,0.982,0.9086524201618756,0.0,0.38270810583788323,0.7518507544015023,0.0,0.0
854.5,0.8736381818181818,0.982,0.982,0.982,0.9086600647066061,0.0,0.3823931121377573,0.7517397429003834,0.0,0.0
855.0,0.8734363636363636,0.982,0.982,0.982,0.9086676074773428,0.0,0.3820781184376313,0.7515723230774105,0.0,0.0
855.5,0.8732345454545455,0.982,0.982,0.982,0.9086749014282118,0.0,0.3816927477017365,0.751404694616351,0.0,0.0
856.0,0.8730327272727273,0.982,0.982,0.982,0.9086821953790809,0.0,0.3812841675178754,0.7512370633673249,0.0,0.0
856.5,0.8728309090909091,0.982,0.982,0.982,0.9086894599547407,0.0,0.38087558733401433,0.751069405050507,0.0,0.0
857.0,0.8728581818181819,0.982,0.982,0.982,0.9086964165971729,0.0,0.38046700715015325,0.7510986233148057,0.0,0.0
857.5,0.8731272727272728,0.9815,0.9815,0.9815,0.908703373239605,0.0,0.38005842696629216,0.7501888516724703,0.0,0.0
858.0,0.8733963636363636,0.981,0.981,0.981,0.9087103298820371,0.0,0.3796498467824311,0.7492795274388689,0.0,0.0
858.5,0.8736654545454545,0.981,0.981,0.981,0.9087169998866723,0.0,0.37924126659857,0.7495158797720811,0.0,0.0
859.0,0.8739345454545454,0.981,0.981,0.981,0.9087236322356059,0.0,0.3788326864147089,0.7497522044259786,0.0,0.0
859.5,0.874241818181818,0.982,0.982,0.982,0.9087302645845394,0.0,0.3784241062308478,0.7523172709812713,0.0,0.0
860.0,0.8749818181818181,0.983,0.983,0.983,0.90873668486517,0.0,0.37801552604698674,0.7552620144348001,0.0,0.0
860.5,0.8757218181818182,0.9835,0.9835,0.9835,0.9087430056608172,0.0,0.37717654611598544,0.7570600761101849,0.0,0.0
861.0,0.8764618181818182,0.9840000000000001,0.9840000000000001,0.9840000000000001,0.9087493264564644,0.0,0.37632056494757116,0.758861288144482,0.0,0.0
861.5,0.8772018181818182,0.9840000000000001,0.9840000000000001,0.9840000000000001,0.9087555044427913,0.0,0.37546458377915687,0.7595071609282801,0.0,0.0
862.0,0.8779418181818183,0.9840000000000001,0.9840000000000001,0.9840000000000001,0.9087615261472206,0.0,0.3746086026107426,0.7601529116982808,0.0,0.0
862.5,0.8781363636363636,0.9835,0.9835,0.9835,0.9087675478516498,0.0,0.3737526214423283,0.7591679487987809,0.0,0.0
863.0,0.8780690909090909,0.983,0.983,0.983,0.9087734908640704,0.0,0.372896640273914,0.7579575674440758,0.0,0.0
863.5,0.8780018181818181,0.9824999999999999,0.9824999999999999,0.9824999999999999,0.9087792256585852,0.0,0.37204065910549966,0.7567483506425531,0.0,0.0
864.0,0.8779345454545454,0.982,0.982,0.982,0.9087849604530999,0.0,0.37118467793708537,0.7555404714924828,0.0,0.0
864.5,0.8778672727272726,0.9824999999999999,0.9824999999999999,0.9824999999999999,0.9087906757022718,0.0,0.3703286967686711,0.7566419192220378,0.0,0.0
865.0,0.8779090909090908,0.983,0.983,0.983,0.9087961354855555,0.0,0.36944641653561,0.7578383371079425,0.0,0.0
865.5,0.8782454545454544,0.983,0.983,0.983,0.9088015952688392,0.0,0.3685477420804314,0.7581332512411381,0.0,0.0
866.0,0.8785818181818181,0.983,0.983,0.983,0.9088070550521229,0.0,0.3676490676252528,0.7584281688631248,0.0,0.0
866.5,0.8789181818181818,0.983,0.983,0.983,0.9088122862422355,0.0,0.3667503931700742,0.7587228991326521,0.0,0.0
867.0,0.8792545454545454,0.983,0.983,0.983,0.9088174826292356,0.0,0.3658517187148956,0.7590176036783651,0.0,0.0
867.5,0.8795909090909091,0.983,0.983,0.983,0.9088226790162356,0.0,0.3649530442597169,0.7593123115445598,0.0,0.0
868.0,0.8796945454545455,0.983,0.983,0.983,0.9088277078642161,0.0,0.3640543698045383,0.7594059783262238,0.0,0.0
868.5,0.8797618181818182,0.983,0.983,0.983,0.9088326521857333,0.0,0.3631556953493597,0.7594681839810453,0.0,0.0
869.0,0.8798290909090909,0.983,0.983,0.983,0.9088375965072505,0.0,0.3622570208941811,0.7595303902677493,0.0,0.0
869.5,0.8798963636363637,0.9824999999999999,0.9824999999999999,0.9824999999999999,0.9088424296079899,0.0,0.361388698630137,0.7584340003564225,0.0,0.0
870.0,0.8799636363636364,0.982,0.982,0.982,0.9088471329109453,0.0,0.3605325342465754,0.7573384920681634,0.0,0.0
870.5,0.8802163636363637,0.9815,0.9815,0.9815,0.9088518362139009,0.0,0.35967636986301377,0.7564033416954243,0.0,0.0
871.0,0.8806872727272728,0.981,0.981,0.981,0.9088564800517022,0.0,0.3588202054794521,0.7556558526255006,0.0,0.0
871.5,0.8811581818181818,0.9815,0.9815,0.9815,0.9088609531000492,0.0,0.3579640410958905,0.7572202775799328,0.0,0.0
872.0,0.8816290909090909,0.982,0.982,0.982,0.9088654261483964,0.0,0.35710787671232885,0.7587871338656061,0.0,0.0
872.5,0.8821,0.982,0.982,0.982,0.9088698870971785,0.0,0.3562517123287672,0.7591961550634163,0.0,0.0
873.0,0.8825418181818182,0.982,0.982,0.982,0.9088741403734282,0.0,0.35539554794520556,0.759579968912621,0.0,0.0
873.5,0.8824745454545454,0.982,0.982,0.982,0.9088783936496778,0.0,0.3545393835616439,0.759525623438871,0.0,0.0
874.0,0.8824072727272727,0.982,0.982,0.982,0.9088826469259275,0.0,0.3536977124183007,0.7594712774232113,0.0,0.0
874.5,0.8823399999999999,0.9815,0.9815,0.9815,0.9088867216805027,0.0,0.35288071895424844,0.7582573669689842,0.0,0.0
875.0,0.8822727272727272,0.981,0.981,0.981,0.9088907653878302,0.0,0.35206372549019616,0.7570447771179377,0.0,0.0
875.5,0.8822054545454544,0.9815,0.9815,0.9815,0.9088948090951576,0.0,0.3512467320261438,0.7581484885759541,0.0,0.0
876.0,0.8827054545454546,0.982,0.982,0.982,0.9088987233046959,0.0,0.35042973856209153,0.759741355003294,0.0,0.0
876.5,0.8835127272727272,0.9824999999999999,0.9824999999999999,0.9824999999999999,0.9089025673695982,0.0,0.34961274509803925,0.7616015466712432,0.0,0.0
877.0,0.88432,0.983,0.983,0.983,0.9089064114345005,0.0,0.34879575163398696,0.7634650623509969,0.0,0.0
877.5,0.8851272727272727,0.983,0.983,0.983,0.9089101708694755,0.0,0.3479787581699347,0.7641651704896559,0.0,0.0
878.0,0.8859345454545454,0.983,0.983,0.983,0.9089138249449455,0.0,0.34716176470588234,0.7648651957320969,0.0,0.0
878.5,0.8865454545454544,0.9824999999999999,0.9824999999999999,0.9824999999999999,0.9089174790204156,0.0,0.34634477124183005,0.7642283420689023,0.0,0.0
879.0,0.8865454545454544,0.982,0.982,0.982,0.9089210893454149,0.0,0.3452058257763122,0.7630652058829237,0.0,0.0
879.5,0.8865454545454544,0.9815,0.9815,0.9815,0.9089245628146024,0.0,0.34383182192910144,0.7619031326616029,0.0,0.0
880.0,0.8865454545454544,0.981,0.981,0.981,0.90892803628379,0.0,0.3424578180818907,0.7607422368841444,0.0,0.0
880.5,0.8865454545454544,0.981,0.981,0.981,0.9089315030582172,0.0,0.3410838142346799,0.7607451384578965,0.0,0.0
881.0,0.8865454545454544,0.981,0.981,0.981,0.9089348050385432,0.0,0.3397098103874691,0.7607479021045208,0.0,0.0
881.5,0.8865454545454544,0.981,0.981,0.981,0.9089381070188691,0.0,0.33833580654025835,0.7607506657511452,0.0,0.0
882.0,0.8865454545454544,0.981,0.981,0.981,0.9089414089991951,0.0,0.3369618026930476,0.7607534293977697,0.0,0.0
882.5,0.8865454545454544,0.981,0.981,0.981,0.9089445750453392,0.0,0.3356491683991685,0.7607560792720497,0.0,0.0
883.0,0.8865454545454544,0.981,0.981,0.981,0.9089477143930332,0.0,0.3344797297297298,0.7607587068006239,0.0,0.0
883.5,0.8865454545454544,0.981,0.981,0.981,0.9089508537407274,0.0,0.3333102910602911,0.760761334329198,0.0,0.0
884.0,0.8868945454545454,0.981,0.981,0.981,0.9089538956423313,0.0,0.3321408523908524,0.7610634427781947,0.0,0.0
884.5,0.8877018181818181,0.981,0.981,0.981,0.9089568809573608,0.0,0.33097141372141375,0.7617586828795627,0.0,0.0
885.0,0.8885090909090908,0.981,0.981,0.981,0.9089598662723902,0.0,0.32980197505197506,0.7624539275313087,0.0,0.0
885.5,0.8893163636363636,0.981,0.981,0.981,0.9089627890265642,0.0,0.32863253638253637,0.7631491242084419,0.0,0.0
886.0,0.8901236363636362,0.981,0.981,0.981,0.9089656286579233,0.0,0.3274630977130977,0.7638442554887951,0.0,0.0
886.5,0.8909072727272725,0.981,0.981,0.981,0.9089684682892822,0.0,0.32625309150865617,0.7645191078960673,0.0,0.0
887.0,0.8908399999999999,0.981,0.981,0.981,0.9089712767964304,0.0,0.3250164880461665,0.7644637407972902,0.0,0.0
887.5,0.8907727272727272,0.9804999999999999,0.9804999999999999,0.9804999999999999,0.9089739788477599,0.0,0.3237798845836768,0.763240059438781,0.0,0.0
888.0,0.8907054545454545,0.98,0.98,0.98,0.9089766808990895,0.0,0.32254328112118713,0.7620177380089314,0.0,0.0
888.5,0.8906381818181818,0.9804999999999999,0.9804999999999999,0.9804999999999999,0.9089793799639687,0.0,0.3213066776586974,0.7631293114496044,0.0,0.0
889.0,0.8905709090909091,0.981,0.981,0.981,0.9089819522994766,0.0,0.3200700741962077,0.7642417992450767,0.0,0.0
889.5,0.8905872727272727,0.9815,0.9815,0.9815,0.9089845246349847,0.0,0.31883347073371804,0.7654271903774215,0.0,0.0
890.0,0.8906545454545454,0.982,0.982,0.982,0.9089870969704927,0.0,0.31764165979664744,0.7666576445565142,0.0,0.0
890.5,0.8907218181818181,0.982,0.982,0.982,0.9089895692184164,0.0,0.3165424567188788,0.7667176368767291,0.0,0.0
891.0,0.8907890909090908,0.982,0.982,0.982,0.9089920194690689,0.0,0.3154432536411102,0.7667776109561981,0.0,0.0
891.5,0.8908563636363636,0.982,0.982,0.982,0.9089944697197215,0.0,0.3143440505633416,0.7668375853478537,0.0,0.0
892.0,0.8909818181818181,0.982,0.982,0.982,0.9089968492563507,0.0,0.31324484748557296,0.7669475826764708,0.0,0.0
892.5,0.8913181818181818,0.9815,0.9815,0.9815,0.9089991848263063,0.0,0.31214564440780435,0.766067735026369,0.0,0.0
893.0,0.8916545454545454,0.981,0.981,0.981,0.9090015203962618,0.0,0.31104644133003573,0.7651881920354914,0.0,0.0
893.5,0.8919909090909091,0.9815,0.9815,0.9815,0.9090038115256404,0.0,0.3099449961802903,0.766649830977274,0.0,0.0
894.0,0.8923272727272727,0.982,0.982,0.982,0.9090060395988975,0.0,0.3087990832696715,0.7681135013769453,0.0,0.0
894.5,0.8926636363636364,0.9815,0.9815,0.9815,0.9090082676721547,0.0,0.3076531703590527,0.7672317888620711,0.0,0.0
895.0,0.893109090909091,0.981,0.981,0.981,0.9090104746138151,0.0,0.30650725744843393,0.7664439842967037,0.0,0.0
895.5,0.89358,0.981,0.981,0.981,0.9090126021610483,0.0,0.30536134453781516,0.7668499015682835,0.0,0.0
896.0,0.8940509090909091,0.981,0.981,0.981,0.9090147297082816,0.0,0.30421543162719633,0.7672558207315677,0.0,0.0
896.5,0.8945218181818182,0.9804999999999999,0.9804999999999999,0.9804999999999999,0.9090168565985259,0.0,0.30306951871657756,0.766488544683105,0.0,0.0
897.0,0.8949927272727273,0.98,0.98,0.98,0.9090188903840808,0.0,0.3019236058059588,0.7657211479290901,0.0,0.0
897.5,0.8953,0.9804999999999999,0.9804999999999999,0.9804999999999999,0.9090209241696355,0.0,0.30078202247191016,0.7671587778039822,0.0,0.0
898.0,0.8953672727272727,0.981,0.981,0.981,0.9090229579551903,0.0,0.2996584269662922,0.7683924518111475,0.0,0.0
898.5,0.8954345454545455,0.981,0.981,0.981,0.9090249216518416,0.0,0.29853483146067417,0.7684518444109337,0.0,0.0
899.0,0.8955018181818182,0.981,0.981,0.981,0.9090268682408651,0.0,0.2974112359550562,0.7685112227969877,0.0,0.0
899.5,0.895569090909091,0.9815,0.9815,0.9815,0.9090288148298887,0.0,0.2962876404494382,0.7697463849106028,0.0,0.0
900.0,0.8956363636363637,0.982,0.982,0.982,0.9090307128763639,0.0,0.29516404494382026,0.7709828864286268,0.0,0.0
900.5,0.8957036363636364,0.9824999999999999,0.9824999999999999,0.9824999999999999,0.9090325786420447,0.0,0.2940404494382023,0.7722207418569255,0.0,0.0
901.0,0.8957709090909091,0.983,0.983,0.983,0.9090344444077254,0.0,0.29291685393258426,0.7734599794196185,0.0,0.0
901.5,0.8958381818181818,0.9824999999999999,0.9824999999999999,0.9824999999999999,0.9090362805137351,0.0,0.2917933100349476,0.7723398838986416,0.0,0.0
902.0,0.8959054545454544,0.982,0.982,0.982,0.9090380716446265,0.0,0.29066999500748875,0.7712207687443532,0.0,0.0
902.5,0.8959727272727271,0.981,0.981,0.981,0.909039862775518,0.0,0.28954667998003,0.7689263441830407,0.0,0.0
903.0,0.8962799999999999,0.98,0.98,0.98,0.9090416405801272,0.0,0.28842336495257115,0.7668416800852168,0.0,0.0
903.5,0.8967509090909089,0.9804999999999999,0.9804999999999999,0.9804999999999999,0.9090433630875345,0.0,0.2873000499251123,0.7684209910278325,0.0,0.0
904.0,0.897221818181818,0.981,0.981,0.981,0.9090450855949419,0.0,0.2861767348976535,0.7700027415225121,0.0,0.0
904.5,0.8976927272727271,0.981,0.981,0.981,0.9090468081023493,0.0,0.28505341987019467,0.7704083391746043,0.0,0.0
905.0,0.8981636363636363,0.981,0.981,0.981,0.9090484683933568,0.0,0.28393010484273584,0.7708138856028064,0.0,0.0
905.5,0.8985454545454544,0.981,0.981,0.981,0.909050128118761,0.0,0.28280674157303365,0.7711429740922984,0.0,0.0
906.0,0.8985454545454544,0.981,0.981,0.981,0.909051787844165,0.0,0.2816831460674157,0.7711443820295998,0.0,0.0
906.5,0.8985454545454544,0.981,0.981,0.981,0.9090534025845972,0.0,0.2805595505617977,0.7711457518063599,0.0,0.0
907.0,0.8985454545454544,0.981,0.981,0.981,0.9090550052070956,0.0,0.27943595505617974,0.7711471113035334,0.0,0.0
907.5,0.8985454545454544,0.9804999999999999,0.9804999999999999,0.9804999999999999,0.909056607829594,0.0,0.27831235955056177,0.7699699455781649,0.0,0.0
908.0,0.8985454545454544,0.98,0.98,0.98,0.9090581802999472,0.0,0.2771887640449438,0.7687939515505512,0.0,0.0
908.5,0.89902,0.98,0.98,0.98,0.9090597313436907,0.0,0.27606516853932583,0.7692012842448183,0.0,0.0
909.0,0.8996254545454546,0.98,0.98,0.98,0.9090612823874341,0.0,0.27494157303370786,0.769720624300719,0.0,0.0
909.5,0.9002309090909092,0.9804999999999999,0.9804999999999999,0.9804999999999999,0.9090628158105418,0.0,0.27381436210847976,0.7714194914969913,0.0,0.0
910.0,0.9008363636363638,0.981,0.981,0.981,0.9090643206521456,0.0,0.27266844919786093,0.7731211311503133,0.0,0.0
910.5,0.9014418181818182,0.981,0.981,0.981,0.9090658254937494,0.0,0.27152253628724216,0.7736420286090658,0.0,0.0
911.0,0.901818181818182,0.981,0.981,0.981,0.9090673230361607,0.0,0.2703766233766234,0.7739663091629542,0.0,0.0
911.5,0.901818181818182,0.9804999999999999,0.9804999999999999,0.9804999999999999,0.9090687869120716,0.0,0.2692307104660046,0.7727847219320403,0.0,0.0
912.0,0.901818181818182,0.98,0.98,0.98,0.9090702507879825,0.0,0.2680847975553858,0.7716043366361872,0.0,0.0
912.5,0.901818181818182,0.9804999999999999,0.9804999999999999,0.9804999999999999,0.9090717146638935,0.0,0.266938884644767,0.7727872107666699,0.0,0.0
913.0,0.901818181818182,0.981,0.981,0.981,0.9090731435751435,0.0,0.26579297173414823,0.7739712646827047,0.0,0.0
913.5,0.901818181818182,0.981,0.981,0.981,0.9090745715889432,0.0,0.2646614454520473,0.773972480472275,0.0,0.0
914.0,0.9022763636363637,0.981,0.981,0.981,0.909075999602743,0.0,0.26356224237427867,0.774366924833333,0.0,0.0
914.5,0.9027472727272727,0.981,0.981,0.981,0.9090774037810103,0.0,0.26246303929651005,0.7747722731487009,0.0,0.0
915.0,0.9032181818181818,0.981,0.981,0.981,0.9090788009106376,0.0,0.26136383621874143,0.7751776167021682,0.0,0.0
915.5,0.9036890909090909,0.981,0.981,0.981,0.909080198040265,0.0,0.2602646331409728,0.7755829614978909,0.0,0.0
916.0,0.9041599999999999,0.981,0.981,0.981,0.909081580373036,0.0,0.2591654300632042,0.7759882949053327,0.0,0.0
916.5,0.9045163636363636,0.981,0.981,0.981,0.9090829514779109,0.0,0.2580662269854356,0.7762953120581506,0.0,0.0
917.0,0.9047854545454546,0.981,0.981,0.981,0.9090843225827856,0.0,0.2569620786516854,0.7765274287675109,0.0,0.0
917.5,0.9050545454545456,0.98,0.98,0.98,0.9090856859138385,0.0,0.2556980337078652,0.7743865486909787,0.0,0.0
918.0,0.9053236363636366,0.9790000000000001,0.9790000000000001,0.9790000000000001,0.9090870357418698,0.0,0.25443398876404494,0.7722490789871304,0.0,0.0
918.5,0.9055927272727275,0.9795,0.9795,0.9795,0.9090883855699009,0.0,0.2531699438202247,0.77366394220276,0.0,0.0
919.0,0.9057527272727275,0.98,0.98,0.98,0.9090897327005969,0.0,0.25190589887640447,0.7749873797670855,0.0,0.0
919.5,0.905349090909091,0.9804999999999999,0.9804999999999999,0.9804999999999999,0.909091065895061,0.0,0.2506418539325842,0.7758294365604206,0.0,0.0
920.0,0.9049454545454546,0.981,0.981,0.981,0.9090923990895251,0.0,0.24937780898876397,0.7766716480004384,0.0,0.0
920.5,0.9045418181818182,0.981,0.981,0.981,0.9090937322839893,0.0,0.24811376404494373,0.7763263645947595,0.0,0.0
921.0,0.9041381818181817,0.981,0.981,0.981,0.9090950538863748,0.0,0.2468303341902313,0.7759810702783055,0.0,0.0
921.5,0.9037345454545453,0.9804999999999999,0.9804999999999999,0.9804999999999999,0.9090963749926483,0.0,0.24554498714652953,0.7744503914846231,0.0,0.0
922.0,0.9042472727272728,0.98,0.98,0.98,0.9090976960989219,0.0,0.24425964010282775,0.7737060481416007,0.0,0.0
922.5,0.9050545454545454,0.9804999999999999,0.9804999999999999,0.9804999999999999,0.9090990114356485,0.0,0.242974293059126,0.7755838075285676,0.0,0.0
923.0,0.9058618181818181,0.981,0.981,0.981,0.90910032490778,0.0,0.2416889460154242,0.7774648975107102,0.0,0.0
923.5,0.9066690909090908,0.982,0.982,0.982,0.9091016383799114,0.0,0.24040359897172245,0.7805409889717709,0.0,0.0
924.0,0.9074763636363635,0.983,0.983,0.983,0.9091029500479466,0.0,0.2391182519280207,0.7836261905480316,0.0,0.0
924.5,0.9078818181818181,0.9824999999999999,0.9824999999999999,0.9824999999999999,0.9091042602550561,0.0,0.23757007874015762,0.7827817445913116,0.0,0.0
925.0,0.9075454545454545,0.982,0.982,0.982,0.9091055704621656,0.0,0.23599527559055128,0.781298819633441,0.0,0.0
925.5,0.9072090909090909,0.9815,0.9815,0.9815,0.9091068810274916,0.0,0.23442047244094497,0.7798179906558337,0.0,0.0
926.0,0.9068727272727273,0.981,0.981,0.981,0.9091081922599831,0.0,0.23284566929133865,0.7783392559607037,0.0,0.0
926.5,0.9065363636363636,0.9815,0.9815,0.9815,0.9091095034924745,0.0,0.23127086614173234,0.7792419761820525,0.0,0.0
927.0,0.9062,0.982,0.982,0.982,0.9091108154912227,0.0,0.22969606299212603,0.7801450292582155,0.0,0.0
927.5,0.9066909090909091,0.982,0.982,0.982,0.9091121319667995,0.0,0.22828346709470307,0.7805687818461076,0.0,0.0
928.0,0.9072290909090909,0.982,0.982,0.982,0.9091134484423764,0.0,0.2269993579454254,0.7810332327337044,0.0,0.0
928.5,0.9077672727272728,0.9815,0.9815,0.9815,0.9091147649179532,0.0,0.2257152487961477,0.7803045589327321,0.0,0.0
929.0,0.9083054545454545,0.981,0.981,0.981,0.9091160902514341,0.0,0.22443113964687,0.7795756916086944,0.0,0.0
929.5,0.9088436363636363,0.981,0.981,0.981,0.9091174161209029,0.0,0.22314703049759232,0.7800387371258808,0.0,0.0
930.0,0.9090545454545454,0.981,0.981,0.981,0.9091187419903718,0.0,0.22186292134831465,0.7802208932331808,0.0,0.0
930.5,0.9089872727272728,0.9815,0.9815,0.9815,0.9091200778340375,0.0,0.2205263157894737,0.7813578208225167,0.0,0.0
931.0,0.90892,0.982,0.982,0.982,0.909121417186893,0.0,0.21908215661103983,0.7824957946563286,0.0,0.0
931.5,0.9088527272727273,0.9815,0.9815,0.9815,0.9091227565397484,0.0,0.21763799743260592,0.7812444685962431,0.0,0.0
932.0,0.9087854545454546,0.981,0.981,0.981,0.909124105291073,0.0,0.21619383825417202,0.7799945401223612,0.0,0.0
932.5,0.9088090909090909,0.9804999999999999,0.9804999999999999,0.9804999999999999,0.9091254621608513,0.0,0.21474967907573814,0.7788239137583113,0.0,0.0
933.0,0.9094145454545455,0.98,0.98,0.98,0.9091268190306298,0.0,0.21330551989730423,0.7781522773141643,0.0,0.0
933.5,0.91002,0.98,0.98,0.98,0.909128183066946,0.0,0.2118790170132325,0.7786715106016595,0.0,0.0
934.0,0.9106254545454545,0.98,0.98,0.98,0.9091295614363378,0.0,0.21061877756773784,0.7791907577282418,0.0,0.0
934.5,0.9112309090909091,0.981,0.981,0.981,0.9091309398057297,0.0,0.2093585381222432,0.782099310199732,0.0,0.0
935.0,0.9118363636363636,0.982,0.982,0.982,0.9091323214851535,0.0,0.20809829867674853,0.7850159288043624,0.0,0.0
935.5,0.9118527272727273,0.9815,0.9815,0.9815,0.9091337252908681,0.0,0.2068380592312539,0.7838327079706753,0.0,0.0
936.0,0.9116509090909091,0.981,0.981,0.981,0.9091351290965827,0.0,0.20557781978575923,0.7824633970960889,0.0,0.0
936.5,0.9114490909090909,0.9804999999999999,0.9804999999999999,0.9804999999999999,0.9091365329022973,0.0,0.2043175803402646,0.7810958313133659,0.0,0.0
937.0,0.9112472727272727,0.98,0.98,0.98,0.9091379638963144,0.0,0.20322977346278312,0.7797300325175806,0.0,0.0
937.5,0.9110454545454544,0.9804999999999999,0.9804999999999999,0.9804999999999999,0.9091393970336858,0.0,0.20220005884083547,0.7807523817168374,0.0,0.0
938.0,0.91104,0.981,0.981,0.981,0.9091408301710572,0.0,0.20117034421888785,0.7819439616750559,0.0,0.0
938.5,0.9114436363636363,0.9815,0.9815,0.9815,0.9091422873287881,0.0,0.20014062959694023,0.783488430250592,0.0,0.0
939.0,0.9118472727272728,0.982,0.982,0.982,0.9091437536561167,0.0,0.1991109149749926,0.7850351921805467,0.0,0.0
939.5,0.9122509090909092,0.981,0.981,0.981,0.9091452199834453,0.0,0.19808120035304497,0.782987063384748,0.0,0.0
940.0,0.9126545454545457,0.98,0.98,0.98,0.9091467055779932,0.0,0.19705148573109735,0.7809417072839445,0.0,0.0
940.5,0.9130581818181821,0.9804999999999999,0.9804999999999999,0.9804999999999999,0.909148208920614,0.0,0.1965248099239696,0.7824848432105183,0.0,0.0
941.0,0.9130909090909093,0.981,0.981,0.981,0.9091497122632348,0.0,0.19602460984393758,0.7837119097939019,0.0,0.0
941.5,0.9130909090909093,0.9804999999999999,0.9804999999999999,0.9804999999999999,0.9091512285560361,0.0,0.19552440976390556,0.7825154892977066,0.0,0.0
942.0,0.9130909090909093,0.98,0.98,0.98,0.9091527727101091,0.0,0.19502420968387355,0.7813203096772404,0.0,0.0
942.5,0.9130909090909093,0.98,0.98,0.98,0.9091543168641819,0.0,0.19452400960384153,0.7813216367137678,0.0,0.0
943.0,0.9130909090909093,0.98,0.98,0.98,0.9091558661056836,0.0,0.19402380952380954,0.7813229681224003,0.0,0.0
943.5,0.9131600000000002,0.9804999999999999,0.9804999999999999,0.9804999999999999,0.9091574548416979,0.0,0.19352360944377753,0.7825800593794228,0.0,0.0
944.0,0.9132945454545457,0.981,0.981,0.981,0.9091590435777122,0.0,0.1930234093637455,0.7838947378611687,0.0,0.0
944.5,0.9134290909090911,0.981,0.981,0.981,0.9091606323137266,0.0,0.1925232092837135,0.7840115903327318,0.0,0.0
945.0,0.9135636363636366,0.981,0.981,0.981,0.9091622650740417,0.0,0.1920230092036815,0.7841284811777,0.0,0.0
945.5,0.9136981818181821,0.9804999999999999,0.9804999999999999,0.9804999999999999,0.9091639021400305,0.0,0.19141532175689482,0.7830468352849533,0.0,0.0
946.0,0.9138400000000002,0.98,0.98,0.98,0.9091655392060192,0.0,0.1908024514811032,0.7819722777160739,0.0,0.0
946.5,0.9140418181818184,0.9804999999999999,0.9804999999999999,0.9804999999999999,0.9091672131141888,0.0,0.19018958120531157,0.7833441872229898,0.0,0.0
947.0,0.9142436363636366,0.981,0.981,0.981,0.9091689022386481,0.0,0.18957671092951994,0.7847178663319117,0.0,0.0
947.5,0.9144454545454547,0.982,0.982,0.982,0.9091705913631075,0.0,0.18896384065372832,0.7872952807183442,0.0,0.0
948.0,0.9146472727272729,0.983,0.983,0.983,0.9091723086238082,0.0,0.1883509703779367,0.7898786893103819,0.0,0.0
948.5,0.9148490909090911,0.9824999999999999,0.9824999999999999,0.9824999999999999,0.9091740535183171,0.0,0.18773810010214506,0.7888495299790869,0.0,0.0
949.0,0.9149563636363637,0.982,0.982,0.982,0.9091757984128261,0.0,0.18712522982635343,0.787739661395258,0.0,0.0
949.5,0.9150236363636364,0.9815,0.9815,0.9815,0.9091775612248281,0.0,0.1865123595505618,0.7865963613850394,0.0,0.0
950.0,0.9150909090909091,0.981,0.981,0.981,0.9091793655863648,0.0,0.18576972760460547,0.7854541408630952,0.0,0.0
950.5,0.9151581818181818,0.981,0.981,0.981,0.9091811699479014,0.0,0.1843656276326875,0.7855134422994648,0.0,0.0
951.0,0.9152254545454545,0.981,0.981,0.981,0.9091829805044719,0.0,0.18296152766076948,0.7855727493177991,0.0,0.0
951.5,0.9152927272727271,0.981,0.981,0.981,0.9091848480174235,0.0,0.1815574276888515,0.7856321057824642,0.0,0.0
952.0,0.9153599999999998,0.981,0.981,0.981,0.909186715530375,0.0,0.18015332771693351,0.7856914624843433,0.0,0.0
952.5,0.9154272727272726,0.981,0.981,0.981,0.9091885830433266,0.0,0.17874922774501553,0.785750819423436,0.0,0.0
953.0,0.9154945454545453,0.981,0.981,0.981,0.9091905103575504,0.0,0.17734512777309755,0.7858102282857761,0.0,0.0
953.5,0.9155618181818181,0.9815,0.9815,0.9815,0.9091924446954135,0.0,0.17594691011235963,0.7870718915628007,0.0,0.0
954.0,0.9156290909090908,0.982,0.982,0.982,0.9091943790332765,0.0,0.1746828651685394,0.7883349625024751,0.0,0.0
954.5,0.9156363636363636,0.982,0.982,0.982,0.9091963621277317,0.0,0.17341882022471916,0.7883429436433314,0.0,0.0
955.0,0.9156363636363636,0.982,0.982,0.982,0.9091983669545027,0.0,0.17215477528089893,0.7883446819818289,0.0,0.0
955.5,0.9156363636363636,0.9815,0.9815,0.9815,0.9092003717812738,0.0,0.1708907303370787,0.7871428382071923,0.0,0.0
956.0,0.9156363636363636,0.981,0.981,0.981,0.9092024128267702,0.0,0.16962668539325843,0.7859422460795178,0.0,0.0
956.5,0.9156363636363636,0.981,0.981,0.981,0.909204491798022,0.0,0.1683626404494382,0.7859440432055615,0.0,0.0
957.0,0.9156690909090909,0.981,0.981,0.981,0.9092065707692738,0.0,0.16709859550561795,0.785973932120974,0.0,0.0
957.5,0.9157363636363636,0.981,0.981,0.981,0.9092086719335509,0.0,0.16583455056179774,0.7860334928634123,0.0,0.0
958.0,0.9158036363636363,0.981,0.981,0.981,0.9092108286971963,0.0,0.16457050561797754,0.7860931019433096,0.0,0.0
958.5,0.915870909090909,0.9815,0.9815,0.9815,0.9092129854608417,0.0,0.16330646067415733,0.7873553924421579,0.0,0.0
959.0,0.9159381818181818,0.982,0.982,0.982,0.9092151489086853,0.0,0.16204241573033715,0.7886190974654668,0.0,0.0
959.5,0.9160054545454545,0.982,0.982,0.982,0.909217387105427,0.0,0.16077837078651694,0.7886789604840176,0.0,0.0
960.0,0.9160727272727271,0.982,0.982,0.982,0.9092196253021687,0.0,0.15951432584269673,0.7887388237877374,0.0,0.0
960.5,0.91614,0.982,0.982,0.982,0.9092218634989103,0.0,0.15825028089887652,0.7887986873766255,0.0,0.0
961.0,0.9162072727272726,0.982,0.982,0.982,0.9092241764589997,0.0,0.15711843913162968,0.7888586161166554,0.0,0.0
961.5,0.9162745454545455,0.982,0.982,0.982,0.909226499722466,0.0,0.15601923605386106,0.7889185540914242,0.0,0.0
962.0,0.9163418181818181,0.982,0.982,0.982,0.9092288229859324,0.0,0.15492003297609244,0.7889784923621997,0.0,0.0
962.5,0.916409090909091,0.982,0.982,0.982,0.9092312061771706,0.0,0.15382082989832382,0.7890384829348065,0.0,0.0
963.0,0.9164763636363636,0.982,0.982,0.982,0.909233618133739,0.0,0.1527216268205552,0.7890984987756833,0.0,0.0
963.5,0.9165436363636364,0.982,0.982,0.982,0.9092360300903076,0.0,0.1516224237427866,0.7891585149238678,0.0,0.0
964.0,0.9166109090909091,0.982,0.982,0.982,0.9092384856616327,0.0,0.15052322066501797,0.7892185692369472,0.0,0.0
964.5,0.916678181818182,0.982,0.982,0.982,0.9092409899299423,0.0,0.14938737334372576,0.7892786661349526,0.0,0.0
965.0,0.9167454545454546,0.982,0.982,0.982,0.9092434941982519,0.0,0.1482182385035075,0.7893387633520267,0.0,0.0
965.5,0.9168127272727273,0.982,0.982,0.982,0.9092460242953664,0.0,0.14704910366328924,0.789398883312496,0.0,0.0
966.0,0.9168800000000001,0.982,0.982,0.982,0.90924862448552,0.0,0.14587996882307097,0.7894590644539105,0.0,0.0
966.5,0.9169472727272728,0.9815,0.9815,0.9815,0.9092512246756737,0.0,0.14471083398285273,0.7883138732403455,0.0,0.0
967.0,0.9170145454545455,0.981,0.981,0.981,0.9092538314408746,0.0,0.14354169914263445,0.7871697318496473,0.0,0.0
967.5,0.9170818181818182,0.9804999999999999,0.9804999999999999,0.9804999999999999,0.9092565311533355,0.0,0.1423725643024162,0.7860267145771007,0.0,0.0
968.0,0.917149090909091,0.98,0.98,0.98,0.9092592308657965,0.0,0.14120342946219794,0.7848847404920799,0.0,0.0
968.5,0.9172163636363637,0.981,0.981,0.981,0.9092619305782574,0.0,0.14009180868609122,0.7873499867773401,0.0,0.0
969.0,0.9172836363636365,0.982,0.982,0.982,0.9092647192619961,0.0,0.13899230346344144,0.7898205870493865,0.0,0.0
969.5,0.9173509090909092,0.982,0.982,0.982,0.9092675220861816,0.0,0.13789279824079165,0.7898809465695188,0.0,0.0
970.0,0.917418181818182,0.982,0.982,0.982,0.909270324910367,0.0,0.13679329301814186,0.7899413064467589,0.0,0.0
970.5,0.9174854545454547,0.9815,0.9815,0.9815,0.909273198112579,0.0,0.13569378779549204,0.7887956185277532,0.0,0.0
971.0,0.9175527272727274,0.981,0.981,0.981,0.9092761076251537,0.0,0.13459428257284226,0.7876510062454869,0.0,0.0
971.5,0.9176200000000002,0.981,0.981,0.981,0.9092790171377283,0.0,0.13349477735019247,0.7877112754154187,0.0,0.0
972.0,0.9176872727272729,0.981,0.981,0.981,0.9092819769747645,0.0,0.13230497051390064,0.7877715885543556,0.0,0.0
972.5,0.9177545454545456,0.9815,0.9815,0.9815,0.90928499673764,0.0,0.1310412805391744,0.7890372040940967,0.0,0.0
973.0,0.917818181818182,0.982,0.982,0.982,0.9092880165005154,0.0,0.12977759056444818,0.7903011022584678,0.0,0.0
973.5,0.917818181818182,0.982,0.982,0.982,0.9092910650823878,0.0,0.12851390058972195,0.7903037519113505,0.0,0.0
974.0,0.917818181818182,0.982,0.982,0.982,0.9092941986404328,0.0,0.12725021061499572,0.7903064754206589,0.0,0.0
974.5,0.917818181818182,0.982,0.982,0.982,0.9092973321984777,0.0,0.1259865206402695,0.7903091989299673,0.0,0.0
975.0,0.917818181818182,0.982,0.982,0.982,0.9093004716284158,0.0,0.12472283066554327,0.790311927542789,0.0,0.0
975.5,0.917818181818182,0.9815,0.9815,0.9815,0.9093037225068825,0.0,0.1234589887640448,0.7891081658195868,0.0,0.0
976.0,0.9177745454545456,0.981,0.981,0.981,0.9093069733853493,0.0,0.12219494382022461,0.7878681643217813,0.0,0.0
976.5,0.9177072727272729,0.9815,0.9815,0.9815,0.9093102242638159,0.0,0.1209308988764044,0.7890184516846313,0.0,0.0
977.0,0.9176400000000001,0.982,0.982,0.982,0.9093135774610347,0.0,0.11966685393258421,0.790169887944213,0.0,0.0
977.5,0.9175727272727274,0.982,0.982,0.982,0.9093169491627087,0.0,0.118402808988764,0.7901148898321226,0.0,0.0
978.0,0.9175054545454547,0.982,0.982,0.982,0.9093203208643826,0.0,0.11713876404494379,0.7900598912904436,0.0,0.0
978.5,0.9175036363636365,0.982,0.982,0.982,0.9093237725712229,0.0,0.1158747191011236,0.7900613246600104,0.0,0.0
979.0,0.9177054545454547,0.982,0.982,0.982,0.9093272685733029,0.0,0.11461078348778435,0.7902381482156822,0.0,0.0
979.5,0.9179072727272728,0.9815,0.9815,0.9815,0.9093307645753831,0.0,0.11334709351305816,0.7892082328991836,0.0,0.0
980.0,0.918109090909091,0.981,0.981,0.981,0.9093343168431292,0.0,0.11208340353833197,0.7881790568952328,0.0,0.0
980.5,0.9183109090909092,0.9804999999999999,0.9804999999999999,0.9804999999999999,0.9093379405938463,0.0,0.11081971356360579,0.7871506333772383,0.0,0.0
981.0,0.9185127272727273,0.98,0.98,0.98,0.9093415643445634,0.0,0.10955602358887959,0.7861229004972027,0.0,0.0
981.5,0.9185454545454546,0.98,0.98,0.98,0.9093452192123286,0.0,0.1082923336141534,0.7861540703588392,0.0,0.0
982.0,0.9185454545454546,0.98,0.98,0.98,0.9093489741273113,0.0,0.10702864363942721,0.786157316586603,0.0,0.0
982.5,0.9185454545454546,0.9804999999999999,0.9804999999999999,0.9804999999999999,0.909352729042294,0.0,0.10581713483146074,0.7873644838348111,0.0,0.0
983.0,0.9185454545454546,0.981,0.981,0.981,0.9093564885363319,0.0,0.104833988764045,0.7885728934921765,0.0,0.0
983.5,0.9185454545454546,0.9804999999999999,0.9804999999999999,0.9804999999999999,0.9093603779947282,0.0,0.10385084269662925,0.7873711066922491,0.0,0.0
984.0,0.9185745454545454,0.98,0.98,0.98,0.9093642674531246,0.0,0.10286769662921351,0.7861954366020629,0.0,0.0
984.5,0.9186418181818181,0.98,0.98,0.98,0.909368156911521,0.0,0.10188455056179777,0.7862563773096752,0.0,0.0
985.0,0.9187090909090908,0.98,0.98,0.98,0.9093721609265084,0.0,0.10090140449438202,0.7863174175648036,0.0,0.0
985.5,0.9187763636363635,0.9804999999999999,0.9804999999999999,0.9804999999999999,0.909376188266874,0.0,0.09991825842696628,0.7875827332325378,0.0,0.0
986.0,0.9188436363636363,0.981,0.981,0.981,0.9093802156072397,0.0,0.09894232209737826,0.788849465355109,0.0,0.0
986.5,0.9189127272727271,0.9815,0.9815,0.9815,0.9093843315533107,0.0,0.0980684144818976,0.7901192551809246,0.0,0.0
987.0,0.9190472727272726,0.982,0.982,0.982,0.909388500069274,0.0,0.09719450686641695,0.7914468809286092,0.0,0.0
987.5,0.9191818181818181,0.982,0.982,0.982,0.9093926685852373,0.0,0.0963205992509363,0.791566374529878,0.0,0.0
988.0,0.9193163636363636,0.982,0.982,0.982,0.9093968983964708,0.0,0.09544669163545565,0.7916859225546699,0.0,0.0
988.5,0.919450909090909,0.9815,0.9815,0.9815,0.9094012113321865,0.0,0.094572784019975,0.7905966808157403,0.0,0.0
989.0,0.9195854545454545,0.981,0.981,0.981,0.9094055242679023,0.0,0.09369887640449436,0.7895083061235952,0.0,0.0
989.5,0.9198036363636364,0.9804999999999999,0.9804999999999999,0.9804999999999999,0.9094098648342701,0.0,0.0928249687890137,0.7884925187993418,0.0,0.0
990.0,0.9200727272727273,0.98,0.98,0.98,0.9094143026705349,0.0,0.09197140522875814,0.7875210387570034,0.0,0.0
990.5,0.9203418181818181,0.9804999999999999,0.9804999999999999,0.9804999999999999,0.9094187405067997,0.0,0.09146078431372548,0.788961569854397,0.0,0.0
991.0,0.9206109090909091,0.981,0.981,0.981,0.9094231810941876,0.0,0.0909501633986928,0.7904040541529452,0.0,0.0
991.5,0.92088,0.981,0.981,0.981,0.9094277716177821,0.0,0.09043954248366012,0.7906390770291829,0.0,0.0
992.0,0.9210472727272728,0.981,0.981,0.981,0.9094323621413765,0.0,0.08992892156862746,0.7907866838557637,0.0,0.0
992.5,0.9208454545454546,0.981,0.981,0.981,0.9094369526649708,0.0,0.08941830065359478,0.7906173988977675,0.0,0.0
993.0,0.9206436363636364,0.981,0.981,0.981,0.9094416699707505,0.0,0.08890767973856212,0.790448222384202,0.0,0.0
993.5,0.9204418181818182,0.9815,0.9815,0.9815,0.9094464160906632,0.0,0.08839705882352944,0.7914880628885481,0.0,0.0
994.0,0.9202400000000001,0.982,0.982,0.982,0.909451162210576,0.0,0.08788643790849676,0.7925286161724547,0.0,0.0
994.5,0.9200381818181819,0.982,0.982,0.982,0.9094560052389213,0.0,0.0873758169934641,0.7923590258868216,0.0,0.0
995.0,0.920109090909091,0.982,0.982,0.982,0.9094609098065004,0.0,0.08683820224719106,0.7924243679120392,0.0,0.0
995.5,0.9202436363636364,0.9815,0.9815,0.9815,0.9094658143740795,0.0,0.08622533197139945,0.7913345249360677,0.0,0.0
996.0,0.9203781818181819,0.981,0.981,0.981,0.9094707847914459,0.0,0.08561246169560782,0.7902456059151751,0.0,0.0
996.5,0.9205127272727273,0.9815,0.9815,0.9815,0.9094758505941664,0.0,0.0849995914198162,0.791574656346686,0.0,0.0
997.0,0.9206472727272728,0.982,0.982,0.982,0.9094809163968868,0.0,0.08438672114402457,0.7929053077285545,0.0,0.0
997.5,0.9207272727272727,0.982,0.982,0.982,0.9094860158434994,0.0,0.08377385086823294,0.7929786537363629,0.0,0.0
998.0,0.9207272727272727,0.982,0.982,0.982,0.9094912455986508,0.0,0.08316098059244131,0.7929832135472088,0.0,0.0
998.5,0.9207272727272727,0.9824999999999999,0.9824999999999999,0.9824999999999999,0.9094964753538022,0.0,0.08254811031664969,0.794199674992699,0.0,0.0
999.0,0.9207272727272727,0.983,0.983,0.983,0.9095017054424733,0.0,0.08193524004085806,0.7954173847898509,0.0,0.0
999.5,0.9207272727272727,0.983,0.983,0.983,0.9095071017907809,0.0,0.08132236976506643,0.795422104241428,0.0,0.0
1000.0,0.9207272727272727,0.983,0.983,0.983,0.9095124981390884,0.0,0.08059426492617168,0.7954268236930052,0.0,0.0
1000.5,0.9207945454545454,0.9824999999999999,0.9824999999999999,0.9824999999999999,0.909517894487396,0.0,0.07973828375775739,0.7942764082082432,0.0,0.0
1001.0,0.9208618181818182,0.982,0.982,0.982,0.909523425953228,0.0,0.07888230258934309,0.7931271538941994,0.0,0.0
1001.5,0.9209290909090909,0.982,0.982,0.982,0.9095289914524214,0.0,0.0780263214209288,0.7931899486900127,0.0,0.0
1002.0,0.9209963636363637,0.982,0.982,0.982,0.9095345569516148,0.0,0.0771703402525145,0.7932527441949262,0.0,0.0
1002.5,0.9210636363636364,0.982,0.982,0.982,0.9095402246664176,0.0,0.07631435908410021,0.7933156295630404,0.0,0.0
1003.0,0.9210909090909092,0.982,0.982,0.982,0.9095459617847602,0.0,0.07545837791568591,0.7933441238224223,0.0,0.0
1003.5,0.9210909090909092,0.9824999999999999,0.9824999999999999,0.9824999999999999,0.909551698903103,0.0,0.07460239674727162,0.7945615818606657,0.0,0.0
1004.0,0.9210909090909092,0.983,0.983,0.983,0.9095575042943683,0.0,0.07374641557885732,0.795780349612725,0.0,0.0
1004.5,0.9210909090909092,0.982,0.982,0.982,0.9095634154041646,0.0,0.07286840301576429,0.793359347601072,0.0,0.0
1005.0,0.9210909090909092,0.981,0.981,0.981,0.909569326513961,0.0,0.07184030157642227,0.7909432503490302,0.0,0.0
1005.5,0.9210909090909092,0.981,0.981,0.981,0.9095752709704893,0.0,0.07081220013708024,0.7909484195292467,0.0,0.0
1006.0,0.9210909090909092,0.981,0.981,0.981,0.9095813583415832,0.0,0.06978409869773822,0.790953712985104,0.0,0.0
1006.5,0.9210909090909092,0.9815,0.9815,0.9815,0.9095874457126771,0.0,0.06875599725839619,0.7921690404074434,0.0,0.0
1007.0,0.9210909090909092,0.982,0.982,0.982,0.909593533083771,0.0,0.06772789581905417,0.7933856175040156,0.0,0.0
1007.5,0.9210909090909092,0.9830000000000001,0.9830000000000001,0.9830000000000001,0.9095997963766418,0.0,0.06669979437971213,0.795817351350228,0.0,0.0
1008.0,0.9210909090909092,0.9840000000000001,0.9840000000000001,0.9840000000000001,0.9096060621699235,0.0,0.0656716929403701,0.7982540623248167,0.0,0.0
1008.5,0.9211436363636365,0.9840000000000001,0.9840000000000001,0.9840000000000001,0.9096123279632052,0.0,0.06464359150102808,0.7983052569423553,0.0,0.0
1009.0,0.9212109090909092,0.9840000000000001,0.9840000000000001,0.9840000000000001,0.9096187350234616,0.0,0.0634837819185645,0.7983691820227868,0.0,0.0
1009.5,0.9212781818181819,0.9840000000000001,0.9840000000000001,0.9840000000000001,0.9096251812844001,0.0,0.06210351966873705,0.798433142333354,0.0,0.0
1010.0,0.9213454545454546,0.9840000000000001,0.9840000000000001,0.9840000000000001,0.9096316275453386,0.0,0.06072325741890959,0.7984971034702677,0.0,0.0
1010.5,0.9214127272727274,0.9835,0.9835,0.9835,0.9096381795165368,0.0,0.05934299516908213,0.7973444578481574,0.0,0.0
1011.0,0.9214800000000001,0.983,0.983,0.983,0.9096448081687526,0.0,0.057962732919254675,0.7961929215741705,0.0,0.0
1011.5,0.9215472727272728,0.9824999999999999,0.9824999999999999,0.9824999999999999,0.9096514368209684,0.0,0.056582470669427225,0.7950424270010833,0.0,0.0
1012.0,0.9216145454545456,0.982,0.982,0.982,0.9096581347967002,0.0,0.05544254615596586,0.7938930342952211,0.0,0.0
1012.5,0.9216818181818183,0.9824999999999999,0.9824999999999999,0.9824999999999999,0.909664947635598,0.0,0.05447809313860571,0.7951703130906087,0.0,0.0
1013.0,0.9217490909090911,0.983,0.983,0.983,0.9096717604744959,0.0,0.05351364012124556,0.7964490237811228,0.0,0.0
1013.5,0.9218163636363638,0.983,0.983,0.983,0.909678605497209,0.0,0.05254918710388541,0.7965131451276607,0.0,0.0
1014.0,0.9218836363636366,0.983,0.983,0.983,0.9096856041836874,0.0,0.051584734086525266,0.7965774019065586,0.0,0.0
1014.5,0.9219509090909093,0.9835,0.9835,0.9835,0.9096926028701656,0.0,0.050620281069165114,0.7978579061785718,0.0,0.0
1015.0,0.922018181818182,0.9840000000000001,0.9840000000000001,0.9840000000000001,0.9096996015566439,0.0,0.04965582805180496,0.7991398449344073,0.0,0.0
1015.5,0.9220854545454547,0.9830000000000001,0.9830000000000001,0.9830000000000001,0.9097067819842375,0.0,0.048712378017462823,0.7967703367885143,0.0,0.0
1016.0,0.9221527272727273,0.982,0.982,0.982,0.909713968038491,0.0,0.04781355932203396,0.7944053886785851,0.0,0.0
1016.5,0.9221818181818183,0.982,0.982,0.982,0.9097211540927446,0.0,0.0469147406266051,0.794436724977451,0.0,0.0
1017.0,0.9221818181818183,0.982,0.982,0.982,0.9097284848674653,0.0,0.046015921931176235,0.7944431267596174,0.0,0.0
1017.5,0.9221818181818183,0.9824999999999999,0.9824999999999999,0.9824999999999999,0.9097358596629024,0.0,0.04511710323574737,0.7956637026380377,0.0,0.0
1018.0,0.9221818181818183,0.983,0.983,0.983,0.9097432344583395,0.0,0.0442182845403185,0.7968855346018996,0.0,0.0
1018.5,0.9221818181818183,0.983,0.983,0.983,0.9097507163093546,0.0,0.04331946584488964,0.7968920882959751,0.0,0.0
1019.0,0.9221927272727274,0.983,0.983,0.983,0.9097582810666431,0.0,0.042420647149460776,0.7969081416466993,0.0,0.0
1019.5,0.9222600000000002,0.983,0.983,0.983,0.9097658458239316,0.0,0.04162812063111649,0.796972901908079,0.0,0.0
1020.0,0.9223272727272729,0.983,0.983,0.983,0.9097734794186889,0.0,0.04092909926103459,0.7970377234436166,0.0,0.0
1020.5,0.9223945454545456,0.983,0.983,0.983,0.9097812351999532,0.0,0.040230077890952703,0.7971026530081408,0.0,0.0
1021.0,0.9224618181818183,0.983,0.983,0.983,0.9097889909812177,0.0,0.039531056520870814,0.797167583563851,0.0,0.0
1021.5,0.9225290909090911,0.9824999999999999,0.9824999999999999,0.9824999999999999,0.9097967769243853,0.0,0.03883203515078892,0.7960166304009701,0.0,0.0
1022.0,0.9224945454545456,0.982,0.982,0.982,0.9098047246275698,0.0,0.03813301378070703,0.7947791365593714,0.0,0.0
1022.5,0.9224272727272729,0.982,0.982,0.982,0.9098126723307542,0.0,0.03743399241062513,0.7947281198300414,0.0,0.0
1023.0,0.9223600000000002,0.982,0.982,0.982,0.9098206200339386,0.0,0.03673497104054324,0.7946771020880946,0.0,0.0
1023.5,0.9222927272727274,0.982,0.982,0.982,0.9098287515165757,0.0,0.03603594967046135,0.794626243842831,0.0,0.0
1024.0,0.9222254545454547,0.982,0.982,0.982,0.9098368918699943,0.0,0.035336928300379454,0.7945753923085335,0.0,0.0
1024.5,0.9221818181818183,0.982,0.982,0.982,0.909845032223413,0.0,0.03473544433094994,0.7945449046498504,0.0,0.0
1025.0,0.9221818181818183,0.982,0.982,0.982,0.9098533176246334,0.0,0.03422471910112358,0.7945521400834566,0.0,0.0
1025.5,0.9221818181818183,0.9815,0.9815,0.9815,0.909861651181724,0.0,0.033713993871297226,0.7933463499668997,0.0,0.0
1026.0,0.9221818181818183,0.981,0.981,0.981,0.9098699847388146,0.0,0.03320326864147087,0.7921417729432781,0.0,0.0
1026.5,0.9221818181818183,0.9815,0.9815,0.9815,0.9098784242886319,0.0,0.032692543411644515,0.7933609751388977,0.0,0.0
1027.0,0.9221818181818183,0.982,0.982,0.982,0.9098869514229325,0.0,0.03218181818181816,0.7945815116380799,0.0,0.0
1027.5,0.9224363636363637,0.982,0.982,0.982,0.9098954785572332,0.0,0.0316710929519918,0.794808284776311,0.0,0.0
1028.0,0.9227054545454546,0.982,0.982,0.982,0.9099040724137822,0.0,0.031160367722165447,0.7950476533916802,0.0,0.0
1028.5,0.9229745454545455,0.982,0.982,0.982,0.9099127933141474,0.0,0.03064964249233909,0.7952871374263784,0.0,0.0
1029.0,0.9232436363636364,0.982,0.982,0.982,0.9099215142145125,0.0,0.030138917262512735,0.7955266259055961,0.0,0.0
1029.5,0.9235127272727273,0.982,0.982,0.982,0.9099302624631911,0.0,0.029702614379084936,0.7957661427463988,0.0,0.0
1030.0,0.9236363636363636,0.982,0.982,0.982,0.9099391771292665,0.0,0.02929411764705879,0.7958804741182195,0.0,0.0
1030.5,0.9236363636363636,0.982,0.982,0.982,0.909948091795342,0.0,0.02888562091503264,0.7958882713521896,0.0,0.0
1031.0,0.9236363636363636,0.982,0.982,0.982,0.9099570064614174,0.0,0.028477124183006495,0.7958960685861599,0.0,0.0
1031.5,0.9236363636363636,0.9824999999999999,0.9824999999999999,0.9824999999999999,0.9099661026859178,0.0,0.02806862745098035,0.7971203830827297,0.0,0.0
1032.0,0.9236363636363636,0.983,0.983,0.983,0.9099752109238893,0.0,0.0276601307189542,0.7983459711035397,0.0,0.0
1032.5,0.9236454545454544,0.983,0.983,0.983,0.9099843191618607,0.0,0.027251633986928054,0.7983618198227147,0.0,0.0
1033.0,0.9237127272727272,0.983,0.983,0.983,0.9099935693363758,0.0,0.026843137254901905,0.7984280837509906,0.0,0.0
1033.5,0.92378,0.983,0.983,0.983,0.9100028707550109,0.0,0.02643464052287576,0.7984943938262855,0.0,0.0
1034.0,0.9238472727272727,0.983,0.983,0.983,0.9100121721736458,0.0,0.026026143790849613,0.7985607050902981,0.0,0.0
1034.5,0.9239145454545455,0.983,0.983,0.983,0.9100215759590676,0.0,0.025617568947905962,0.7986271073792399,0.0,0.0
1035.0,0.9239818181818182,0.983,0.983,0.983,0.9100310699660642,0.0,0.025208988764044878,0.7986935900534252,0.0,0.0
1035.5,0.924,0.983,0.983,0.983,0.9100405639730609,0.0,0.024800408580183793,0.7987176391195002,0.0,0.0
1036.0,0.924,0.983,0.983,0.983,0.9100501209506938,0.0,0.02439182839632271,0.7987260270166054,0.0,0.0
1036.5,0.924,0.9824999999999999,0.9824999999999999,0.9824999999999999,0.910059806749354,0.0,0.023983248212461627,0.7975163260593948,0.0,0.0
1037.0,0.924,0.982,0.982,0.982,0.9100694925480143,0.0,0.023574668028600542,0.7963078384540334,0.0,0.0
1037.5,0.924,0.982,0.982,0.982,0.9100792022189945,0.0,0.023166087844739457,0.7963163343844802,0.0,0.0
1038.0,0.9240218181818182,0.982,0.982,0.982,0.9100890788052359,0.0,0.022757507660878373,0.7963437797885269,0.0,0.0
1038.5,0.924089090909091,0.982,0.982,0.982,0.9100989553914773,0.0,0.022348927477017288,0.796410399824345,0.0,0.0
1039.0,0.9241563636363637,0.982,0.982,0.982,0.9101088319777186,0.0,0.02195526960784308,0.7964770211185387,0.0,0.0
1039.5,0.9242236363636364,0.9824999999999999,0.9824999999999999,0.9824999999999999,0.9101188833359067,0.0,0.021648897058823485,0.7977611328412506,0.0,0.0
1040.0,0.924290909090909,0.983,0.983,0.983,0.9101289494956278,0.0,0.021342524509803888,0.7990467026996365,0.0,0.0
1040.5,0.9243581818181819,0.983,0.983,0.983,0.9101390156553488,0.0,0.021036151960784292,0.799113697986428,0.0,0.0
1041.0,0.9244254545454546,0.983,0.983,0.983,0.910149217039906,0.0,0.020729779411764696,0.7991808132974475,0.0,0.0
1041.5,0.9244927272727274,0.9824999999999999,0.9824999999999999,0.9824999999999999,0.910159471346718,0.0,0.0204234068627451,0.7980289913748588,0.0,0.0
1042.0,0.92456,0.982,0.982,0.982,0.91016972565353,0.0,0.020117034313725503,0.7968782060594286,0.0,0.0
1042.5,0.9246272727272729,0.982,0.982,0.982,0.9101800761073506,0.0,0.019810661764705906,0.7969452511804239,0.0,0.0
1043.0,0.9246945454545455,0.982,0.982,0.982,0.9101905169206899,0.0,0.01950428921568631,0.7970123767438849,0.0,0.0
1043.5,0.9247618181818184,0.9824999999999999,0.9824999999999999,0.9824999999999999,0.9102009577340291,0.0,0.019197916666666717,0.7982976585522935,0.0,0.0
1044.0,0.924829090909091,0.983,0.983,0.983,0.9102114562159278,0.0,0.018855362614913253,0.7995844381189534,0.0,0.0
1044.5,0.9248963636363637,0.983,0.983,0.983,0.9102220816795585,0.0,0.018446782431052168,0.7996519351856172,0.0,0.0
1045.0,0.9249636363636364,0.983,0.983,0.983,0.9102327071431892,0.0,0.018038202247191083,0.7997194336102109,0.0,0.0
1045.5,0.9250309090909092,0.983,0.983,0.983,0.9102433525276652,0.0,0.01762962206333,0.7997869508962218,0.0,0.0
1046.0,0.9250909090909092,0.983,0.983,0.983,0.9102541605685849,0.0,0.017221041879468914,0.79984832435572,0.0,0.0
1046.5,0.9250909090909092,0.983,0.983,0.983,0.9102649686095047,0.0,0.01681246169560783,0.7998578214761878,0.0,0.0
1047.0,0.9250909090909092,0.983,0.983,0.983,0.9102757766504244,0.0,0.016403881511746744,0.7998673185966555,0.0,0.0
1047.5,0.9250909090909092,0.9835,0.9835,0.9835,0.9102867480142565,0.0,0.015995301327885663,0.8010981452170138,0.0,0.0
1048.0,0.9250909090909092,0.9840000000000001,0.9840000000000001,0.9840000000000001,0.9102977363420154,0.0,0.015586721144024578,0.8023302585463474,0.0,0.0
1048.5,0.9250909090909092,0.9840000000000001,0.9840000000000001,0.9840000000000001,0.9103087246697743,0.0,0.015178140960163494,0.8023399435840004,0.0,0.0
1049.0,0.9251381818181819,0.9840000000000001,0.9840000000000001,0.9840000000000001,0.9103198379230926,0.0,0.014827205882352985,0.8023907393064665,0.0,0.0
1049.5,0.9252054545454547,0.9840000000000001,0.9840000000000001,0.9840000000000001,0.910331004029532,0.0,0.014520833333333375,0.8024589292295798,0.0,0.0
1050.0,0.9252727272727275,0.9840000000000001,0.9840000000000001,0.9840000000000001,0.9103421701359716,0.0,0.014214460784313765,0.8025271205840768,0.0,0.0
1050.5,0.9253400000000002,0.9840000000000001,0.9840000000000001,0.9840000000000001,0.9103534236812882,0.0,0.013908088235294153,0.802595390458743,0.0,0.0
1051.0,0.925407272727273,0.9840000000000001,0.9840000000000001,0.9840000000000001,0.91036476484071,0.0,0.013601715686274543,0.8026637390248891,0.0,0.0
1051.5,0.9254745454545457,0.9835,0.9835,0.9835,0.9103761060001319,0.0,0.013295343137254933,0.801509033761611,0.0,0.0
1052.0,0.9255418181818184,0.983,0.983,0.983,0.9103874981552126,0.0,0.012988970588235322,0.8003554095496512,0.0,0.0
1052.5,0.9256090909090912,0.983,0.983,0.983,0.9103990114249835,0.0,0.012682598039215712,0.8004237056187533,0.0,0.0
1053.0,0.9256763636363639,0.983,0.983,0.983,0.9104105246947543,0.0,0.012376225490196102,0.8004920031592468,0.0,0.0
1053.5,0.9257436363636367,0.9835,0.9835,0.9835,0.9104220536927732,0.0,0.012069852941176492,0.8017825452806469,0.0,0.0
1054.0,0.9258109090909094,0.9840000000000001,0.9840000000000001,0.9840000000000001,0.9104337359143696,0.0,0.011842288049029636,0.8030746760965786,0.0,0.0
1054.5,0.9258181818181821,0.9840000000000001,0.9840000000000001,0.9840000000000001,0.9104454181359661,0.0,0.011637997957099093,0.8030912893925812,0.0,0.0
1055.0,0.9258181818181821,0.9840000000000001,0.9840000000000001,0.9840000000000001,0.9104571003575627,0.0,0.011433707865168551,0.803101594118398,0.0,0.0
1055.5,0.9258181818181821,0.9835,0.9835,0.9835,0.9104689299261516,0.0,0.011229417773238009,0.8018883946514722,0.0,0.0
1056.0,0.9258181818181821,0.983,0.983,0.983,0.9104807777266519,0.0,0.011025127681307466,0.800676422967445,0.0,0.0
1056.5,0.9258181818181821,0.983,0.983,0.983,0.9104926255271522,0.0,0.010820837589376924,0.8006868419183517,0.0,0.0
1057.0,0.9258509090909093,0.983,0.983,0.983,0.9105045845664478,0.0,0.010616547497446383,0.8007256629982976,0.0,0.0
1057.5,0.925918181818182,0.983,0.983,0.983,0.9105165943604707,0.0,0.01041225740551584,0.8007944066198103,0.0,0.0
1058.0,0.9259854545454547,0.983,0.983,0.983,0.9105286041544937,0.0,0.010207967313585298,0.8008631517761701,0.0,0.0
1058.5,0.9260527272727274,0.983,0.983,0.983,0.9105406904346711,0.0,0.010003677221654756,0.80093196574631,0.0,0.0
1059.0,0.92612,0.983,0.983,0.983,0.9105528584267654,0.0,0.009799428104575169,0.8010008531419237,0.0,0.0
1059.5,0.9261872727272727,0.983,0.983,0.983,0.9105650264188595,0.0,0.009595179738562094,0.8010697420926022,0.0,0.0
1060.0,0.9262545454545456,0.983,0.983,0.983,0.9105772376288807,0.0,0.009390931372549021,0.8011386706220863,0.0,0.0
1060.5,0.9263218181818184,0.983,0.983,0.983,0.9105895598163642,0.0,0.009186683006535946,0.8012076983587834,0.0,0.0
1061.0,0.9263890909090912,0.983,0.983,0.983,0.9106018820038477,0.0,0.008982434640522874,0.8012767276702513,0.0,0.0
1061.5,0.926456363636364,0.983,0.983,0.983,0.9106142157520268,0.0,0.008778186274509799,0.801345768729969,0.0,0.0
1062.0,0.9265236363636367,0.983,0.983,0.983,0.9106266879282762,0.0,0.008573937908496726,0.8014149331922819,0.0,0.0
1062.5,0.9265909090909095,0.9835,0.9835,0.9835,0.9106391601045256,0.0,0.008369689542483653,0.8027077388836069,0.0,0.0
1063.0,0.926658181818182,0.9840000000000001,0.9840000000000001,0.9840000000000001,0.910651632280775,0.0,0.008165441176470578,0.8040020022763414,0.0,0.0
1063.5,0.9267254545454547,0.9840000000000001,0.9840000000000001,0.9840000000000001,0.910664231677275,0.0,0.007980592441266593,0.8040714951608552,0.0,0.0
1064.0,0.9267927272727274,0.9840000000000001,0.9840000000000001,0.9840000000000001,0.9106768494354606,0.0,0.007878447395301321,0.8041410058741235,0.0,0.0
1064.5,0.9268600000000001,0.9840000000000001,0.9840000000000001,0.9840000000000001,0.9106894671936463,0.0,0.007776302349336051,0.8042105182048632,0.0,0.0
1065.0,0.926909090909091,0.9840000000000001,0.9840000000000001,0.9840000000000001,0.9107021795023661,0.0,0.00767415730337078,0.8042643395789941,0.0,0.0
1065.5,0.926909090909091,0.9835,0.9835,0.9835,0.9107149382396317,0.0,0.007572012257405509,0.8030502001337357,0.0,0.0
1066.0,0.926909090909091,0.983,0.983,0.983,0.9107276969768973,0.0,0.0074698672114402375,0.8018372717032611,0.0,0.0
1066.5,0.926909090909091,0.9824999999999999,0.9824999999999999,0.9824999999999999,0.9107405193761327,0.0,0.007367722165474966,0.8006256096715717,0.0,0.0
1067.0,0.926909090909091,0.982,0.982,0.982,0.9107534142982118,0.0,0.007265577119509696,0.7994152209792906,0.0,0.0
1067.5,0.926909090909091,0.982,0.982,0.982,0.9107663092202909,0.0,0.007163432073544425,0.7994265395171314,0.0,0.0
1068.0,0.9269672727272729,0.982,0.982,0.982,0.9107792388149476,0.0,0.007061287027579154,0.7994880689761928,0.0,0.0
1068.5,0.9270345454545456,0.9824999999999999,0.9824999999999999,0.9824999999999999,0.9107922649412126,0.0,0.006959150326797376,0.8007794674226166,0.0,0.0
1069.0,0.9271018181818182,0.983,0.983,0.983,0.9108052910674775,0.0,0.006857026143790839,0.8020723242786612,0.0,0.0
1069.5,0.9271690909090909,0.983,0.983,0.983,0.9108183248900417,0.0,0.006754901960784303,0.8021420032294835,0.0,0.0
1070.0,0.9272363636363636,0.983,0.983,0.983,0.9108314770589763,0.0,0.006652777777777765,0.8022117880791948,0.0,0.0
1070.5,0.9273036363636363,0.983,0.983,0.983,0.9108446292279109,0.0,0.006550653594771229,0.8022815746097482,0.0,0.0
1071.0,0.9273709090909091,0.983,0.983,0.983,0.9108577813968455,0.0,0.006448529411764692,0.8023513628211443,0.0,0.0
1071.5,0.9274381818181818,0.983,0.983,0.983,0.9108710371145007,0.0,0.006346405228758155,0.8024212439334233,0.0,0.0
1072.0,0.9275054545454546,0.983,0.983,0.983,0.9108843099895869,0.0,0.006244281045751619,0.8024911418555136,0.0,0.0
1072.5,0.9275727272727273,0.9824999999999999,0.9824999999999999,0.9824999999999999,0.910897582864673,0.0,0.006142156862745081,0.801337003492557,0.0,0.0
1073.0,0.9276363636363637,0.982,0.982,0.982,0.9109109311565801,0.0,0.006040032679738545,0.8001808284341256,0.0,0.0
1073.5,0.9276363636363637,0.982,0.982,0.982,0.9109243192325899,0.0,0.005937895812053098,0.8001925890589972,0.0,0.0
1074.0,0.9276363636363637,0.982,0.982,0.982,0.9109377073085997,0.0,0.005835750766087827,0.8002043496838687,0.0,0.0
1074.5,0.9276363636363637,0.9824999999999999,0.9824999999999999,0.9824999999999999,0.9109511448337434,0.0,0.0057336057201225555,0.8014391023185382,0.0,0.0
1075.0,0.9276363636363637,0.983,0.983,0.983,0.9109646424434222,0.0,0.005631460674157284,0.8026751893583546,0.0,0.0
1075.5,0.9276363636363637,0.983,0.983,0.983,0.9109781400531011,0.0,0.005529315628192013,0.8026870824614456,0.0,0.0
1076.0,0.9275927272727273,0.983,0.983,0.983,0.9109916634089659,0.0,0.005427170582226742,0.8026612389872344,0.0,0.0
1076.5,0.9275254545454547,0.983,0.983,0.983,0.9110052647300957,0.0,0.005325025536261471,0.8026150098433176,0.0,0.0
1077.0,0.9274581818181818,0.983,0.983,0.983,0.9110188660512255,0.0,0.0052228804902962,0.802568778961157,0.0,0.0
1077.5,0.9273909090909092,0.9824999999999999,0.9824999999999999,0.9824999999999999,0.9110324717751346,0.0,0.005120735444330929,0.8012985709433298,0.0,0.0
1078.0,0.9273236363636363,0.982,0.982,0.982,0.9110461708379622,0.0,0.005018590398365658,0.8000298292448722,0.0,0.0
1078.5,0.9273054545454545,0.982,0.982,0.982,0.9110598699007898,0.0,0.004916462418300635,0.8000261727621433,0.0,0.0
1079.0,0.9274399999999999,0.982,0.982,0.982,0.9110735689636175,0.0,0.004814338235294103,0.8001542821551303,0.0,0.0
1079.5,0.9275745454545454,0.9824999999999999,0.9824999999999999,0.9824999999999999,0.911087345166254,0.0,0.004712214052287571,0.8015055127071155,0.0,0.0
1080.0,0.9277090909090908,0.983,0.983,0.983,0.9111011358612684,0.0,0.004610089869281039,0.8028583970086008,0.0,0.0
1080.5,0.9278436363636363,0.983,0.983,0.983,0.9111149265562827,0.0,0.004507965686274507,0.8029869894567395,0.0,0.0
1081.0,0.9279781818181817,0.983,0.983,0.983,0.9111287717853072,0.0,0.004405841503267975,0.8031156334988432,0.0,0.0
1081.5,0.9280563636363636,0.983,0.983,0.983,0.91114264787135,0.0,0.004303717320261443,0.8031955278180086,0.0,0.0
1082.0,0.9281236363636364,0.983,0.983,0.983,0.9111565239573928,0.0,0.0042015931372549106,0.8032659826740596,0.0,0.0
1082.5,0.9281909090909091,0.983,0.983,0.983,0.9111704344544386,0.0,0.0040994689542483784,0.8033364696420453,0.0,0.0
1083.0,0.9282581818181819,0.983,0.983,0.983,0.9111843895671297,0.0,0.003997344228804919,0.8034069977261717,0.0,0.0
1083.5,0.9283254545454546,0.983,0.983,0.983,0.9111983446798206,0.0,0.003895199182839648,0.803477527593756,0.0,0.0
1084.0,0.9283636363636364,0.983,0.983,0.983,0.9112123166404418,0.0,0.0037930541368743774,0.8035228951629271,0.0,0.0
1084.5,0.9283636363636364,0.9824999999999999,0.9824999999999999,0.9824999999999999,0.9112263443009005,0.0,0.0036909090909091062,0.8023097411653961,0.0,0.0
1085.0,0.9283636363636364,0.982,0.982,0.982,0.9112403719613594,0.0,0.003588764044943835,0.8010977961729109,0.0,0.0
1085.5,0.9283636363636364,0.982,0.982,0.982,0.9112544015366714,0.0,0.003486618998978564,0.8011101299787973,0.0,0.0
1086.0,0.9283636363636364,0.982,0.982,0.982,0.9112684951605157,0.0,0.003384473953013293,0.801122520091603,0.0,0.0
1086.5,0.9283654545454546,0.982,0.982,0.982,0.91128258878436,0.0,0.003282328907048022,0.8011364792112833,0.0,0.0
1087.0,0.9284327272727273,0.982,0.982,0.982,0.9112966824082042,0.0,0.0031801838610827507,0.8012069235005516,0.0,0.0
1087.5,0.9285,0.9824999999999999,0.9824999999999999,0.9824999999999999,0.9113108249892782,0.0,0.00307803881511748,0.8025019830962908,0.0,0.0
1088.0,0.9285672727272728,0.983,0.983,0.983,0.9113249778958771,0.0,0.003,0.8037985161862732,0.0,0.0
1088.5,0.9286345454545455,0.9835,0.9835,0.9835,0.9113391308024759,0.0,0.003,0.805096514664511,0.0,0.0
1089.0,0.9287018181818182,0.9840000000000001,0.9840000000000001,0.9840000000000001,0.9113533164063279,0.0,0.003,0.8063960084350281,0.0,0.0
1089.5,0.9287690909090909,0.9840000000000001,0.9840000000000001,0.9840000000000001,0.9113675218282901,0.0,0.003,0.8064669919945078,0.0,0.0
1090.0,0.9288363636363637,0.9840000000000001,0.9840000000000001,0.9840000000000001,0.9113817272502522,0.0,0.003,0.8065379773749813,0.0,0.0
1090.5,0.9289036363636364,0.9845,0.9845,0.9845,0.9113959518274811,0.0,0.003,0.8078391932873393,0.0,0.0
1091.0,0.9289709090909091,0.985,0.985,0.985,0.9114102029203538,0.0,0.003,0.8091419014803096,0.0,0.0
1091.5,0.9290381818181818,0.9845,0.9845,0.9845,0.9114244540132265,0.0,0.003,0.8079814706733259,0.0,0.0
1092.0,0.9290909090909091,0.9840000000000001,0.9840000000000001,0.9840000000000001,0.9114387134864849,0.0,0.003,0.8068094517002907,0.0,0.0
1092.5,0.9290909090909091,0.9840000000000001,0.9840000000000001,0.9840000000000001,0.9114530033386418,0.0,0.003,0.8068221011386051,0.0,0.0
1093.0,0.9290909090909091,0.9840000000000001,0.9840000000000001,0.9840000000000001,0.9114672931907988,0.0,0.003,0.8068347505769196,0.0,0.0
1093.5,0.9290909090909091,0.9835,0.9835,0.9835,0.9114815834566463,0.0,0.003,0.8056180749448675,0.0,0.0
1094.0,0.9290909090909091,0.983,0.983,0.983,0.9114959050993401,0.0,0.003,0.8044026377902042,0.0,0.0
1094.5,0.9290909090909091,0.983,0.983,0.983,0.9115102267420337,0.0,0.003,0.8044152767577473,0.0,0.0
1095.0,0.9291454545454546,0.983,0.983,0.983,0.9115245483847274,0.0,0.003,0.8044751424131023,0.0,0.0
1095.5,0.9292127272727273,0.983,0.983,0.983,0.9115388900903463,0.0,0.003,0.8045460469941285,0.0,0.0
1096.0,0.9292800000000001,0.983,0.983,0.983,0.9115532365079005,0.0,0.003,0.8046169575671877,0.0,0.0
1096.5,0.9293472727272729,0.983,0.983,0.983,0.9115675829254548,0.0,0.003,0.8046878699737137,0.0,0.0
1097.0,0.9294145454545456,0.983,0.983,0.983,0.9115819400936337,0.0,0.003,0.8047587937045256,0.0,0.0
1097.5,0.9294818181818184,0.9835,0.9835,0.9835,0.9115963042337524,0.0,0.003,0.8060584728859775,0.0,0.0
1098.0,0.9295490909090911,0.9840000000000001,0.9840000000000001,0.9840000000000001,0.911610668373871,0.0,0.0028950577663671376,0.8073596206016136,0.0,0.0
1098.5,0.9296163636363638,0.9840000000000001,0.9840000000000001,0.9840000000000001,0.9116250368078337,0.0,0.002734595635430038,0.807430776503944,0.0,0.0
1099.0,0.9296836363636365,0.9840000000000001,0.9840000000000001,0.9840000000000001,0.9116394115919978,0.0,0.0025741335044929385,0.8075019398729761,0.0,0.0
1099.5,0.9297509090909092,0.9840000000000001,0.9840000000000001,0.9840000000000001,0.9116537863761619,0.0,0.0024136713735558387,0.8075731050847127,0.0,0.0
1100.0,0.9298181818181819,0.9840000000000001,0.9840000000000001,0.9840000000000001,0.9116681618709901,0.0,0.0022532092426187393,0.8076442727687287,0.0,0.0
1100.5,0.9298181818181819,0.9840000000000001,0.9840000000000001,0.9840000000000001,0.9116825402049219,0.0,0.0020927471116816395,0.8076570104945128,0.0,0.0
1101.0,0.9298181818181819,0.9840000000000001,0.9840000000000001,0.9840000000000001,0.9116969185388537,0.0,0.0,0.8076697482202969,0.0,0.0
1101.5,0.9298181818181819,0.9840000000000001,0.9840000000000001,0.9840000000000001,0.9117112968727854,0.0,0.0,0.8076824859460808,0.0,0.0
1102.0,0.9298181818181819,0.9840000000000001,0.9840000000000001,0.9840000000000001,0.9117256716676095,0.0,0.0,0.8076952205365794,0.0,0.0
1102.5,0.9298181818181819,0.9840000000000001,0.9840000000000001,0.9840000000000001,0.9117400464517736,0.0,0.0,0.8077079551176342,0.0,0.0
1103.0,0.9298181818181819,0.9840000000000001,0.9840000000000001,0.9840000000000001,0.9117544212359378,0.0,0.0,0.8077206896986889,0.0,0.0
1103.5,0.9298181818181819,0.9840000000000001,0.9840000000000001,0.9840000000000001,0.9117687875709245,0.0,0.0,0.8077334167946412,0.0,0.0
1104.0,0.9298181818181819,0.9840000000000001,0.9840000000000001,0.9840000000000001,0.9117831517110432,0.0,0.0,0.8077461419461659,0.0,0.0
1104.5,0.9298181818181819,0.9840000000000001,0.9840000000000001,0.9840000000000001,0.9117975158511618,0.0,0.0,0.8077588670976906,0.0,0.0
1105.0,0.9298181818181819,0.9840000000000001,0.9840000000000001,0.9840000000000001,0.9118118695245007,0.0,0.0,0.8077715829767245,0.0,0.0
1105.5,0.9298309090909092,0.9840000000000001,0.9840000000000001,0.9840000000000001,0.9118262159420549,0.0,0.0,0.807795349311037,0.0,0.0
1106.0,0.929898181818182,0.9840000000000001,0.9840000000000001,0.9840000000000001,0.9118405623596092,0.0,0.0,0.8078665033809552,0.0,0.0
1106.5,0.9299654545454547,0.9840000000000001,0.9840000000000001,0.9840000000000001,0.911854899179695,0.0,0.0,0.8079376507862243,0.0,0.0
1107.0,0.9300327272727275,0.9840000000000001,0.9840000000000001,0.9840000000000001,0.9118692208223886,0.0,0.0,0.8080087865806194,0.0,0.0
1107.5,0.9301000000000003,0.9840000000000001,0.9840000000000001,0.9840000000000001,0.9118835424650824,0.0,0.0,0.8080799242109067,0.0,0.0
1108.0,0.930167272727273,0.9840000000000001,0.9840000000000001,0.9840000000000001,0.911897858252462,0.0,0.0,0.8081510584879321,0.0,0.0
1108.5,0.9302345454545458,0.9840000000000001,0.9840000000000001,0.9840000000000001,0.9119121481046188,0.0,0.0,0.8082221716138696,0.0,0.0
1109.0,0.9303018181818183,0.9840000000000001,0.9840000000000001,0.9840000000000001,0.9119264379567756,0.0,0.0,0.8082932865716237,0.0,0.0
1109.5,0.930369090909091,0.9840000000000001,0.9840000000000001,0.9840000000000001,0.9119407278089324,0.0,0.0,0.8083644033611947,0.0,0.0
1110.0,0.9304363636363637,0.9840000000000001,0.9840000000000001,0.9840000000000001,0.9119549796389688,0.0,0.0,0.8084354882764985,0.0,0.0
1110.5,0.9305036363636364,0.9840000000000001,0.9840000000000001,0.9840000000000001,0.9119692307318414,0.0,0.0,0.8085065743652123,0.0,0.0
1111.0,0.9305454545454546,0.9840000000000001,0.9840000000000001,0.9840000000000001,0.9119834818247141,0.0,0.0,0.8085555447004191,0.0,0.0
1111.5,0.9305454545454546,0.9840000000000001,0.9840000000000001,0.9840000000000001,0.9119976973957674,0.0,0.0,0.8085681480852669,0.0,0.0
1112.0,0.9305454545454546,0.9840000000000001,0.9840000000000001,0.9840000000000001,0.9120119028177295,0.0,0.0,0.8085807424720306,0.0,0.0
1112.5,0.9305454545454546,0.9840000000000001,0.9840000000000001,0.9840000000000001,0.9120261082396915,0.0,0.0,0.8085933368587943,0.0,0.0
1113.0,0.9305454545454546,0.9840000000000001,0.9840000000000001,0.9840000000000001,0.9120402834876612,0.0,0.0,0.8086059044935945,0.0,0.0
1113.5,0.9305454545454546,0.9840000000000001,0.9840000000000001,0.9840000000000001,0.9120544363942602,0.0,0.0,0.8086184523207562,0.0,0.0
1114.0,0.9306109090909092,0.9840000000000001,0.9840000000000001,0.9840000000000001,0.9120685893008592,0.0,0.0,0.8086878792335086,0.0,0.0
1114.5,0.930678181818182,0.9840000000000001,0.9840000000000001,0.9840000000000001,0.9120827201915402,0.0,0.0,0.8087588683887262,0.0,0.0
1115.0,0.9307454545454548,0.9840000000000001,0.9840000000000001,0.9840000000000001,0.9120968138153844,0.0,0.0,0.8088298263078728,0.0,0.0
1115.5,0.9308127272727275,0.9840000000000001,0.9840000000000001,0.9840000000000001,0.9121109074392287,0.0,0.0,0.8089007860336815,0.0,0.0
1116.0,0.9308800000000003,0.9840000000000001,0.9840000000000001,0.9840000000000001,0.9121249899701313,0.0,0.0,0.8089717377277247,0.0,0.0
1116.5,0.930947272727273,0.9840000000000001,0.9840000000000001,0.9840000000000001,0.9121390176305901,0.0,0.0,0.8090426425584082,0.0,0.0
1117.0,0.9310145454545457,0.9840000000000001,0.9840000000000001,0.9840000000000001,0.9121530452910491,0.0,0.0,0.8091135491872984,0.0,0.0
1117.5,0.9310818181818183,0.9840000000000001,0.9840000000000001,0.9840000000000001,0.912167072951508,0.0,0.0,0.8091844576143951,0.0,0.0
1118.0,0.931149090909091,0.9840000000000001,0.9840000000000001,0.9840000000000001,0.9121810306059125,0.0,0.0,0.8092553057327599,0.0,0.0
1118.5,0.9312163636363636,0.9840000000000001,0.9840000000000001,0.9840000000000001,0.9121949857186035,0.0,0.0,0.8093261533852746,0.0,0.0
1119.0,0.9312727272727273,0.9840000000000001,0.9840000000000001,0.9840000000000001,0.9122089408312944,0.0,0.0,0.8093875215203131,0.0,0.0
1119.5,0.9312727272727273,0.9840000000000001,0.9840000000000001,0.9840000000000001,0.9122228357445067,0.0,0.0,0.8093998502411393,0.0,0.0
1120.0,0.9312727272727273,0.9840000000000001,0.9840000000000001,0.9840000000000001,0.9122367118305496,0.0,0.0,0.8094121622569374,0.0,0.0
1120.5,0.9312727272727273,0.9840000000000001,0.9840000000000001,0.9840000000000001,0.9122505879165924,0.0,0.0,0.8094244742727353,0.0,0.0
1121.0,0.9312727272727273,0.9840000000000001,0.9840000000000001,0.9840000000000001,0.9122644163067455,0.0,0.0,0.8094367439687793,0.0,0.0
1121.5,0.9312727272727273,0.9840000000000001,0.9840000000000001,0.9840000000000001,0.9122782070017599,0.0,0.0,0.8094489802185661,0.0,0.0
1122.0,0.9313236363636364,0.9840000000000001,0.9840000000000001,0.9840000000000001,0.9122919976967743,0.0,0.0,0.8095054665934235,0.0,0.0
1122.5,0.931390909090909,0.9840000000000001,0.9840000000000001,0.9840000000000001,0.9123057558298003,0.0,0.0,0.8095761488802249,0.0,0.0
1123.0,0.9314581818181817,0.9840000000000001,0.9840000000000001,0.9840000000000001,0.912319454892628,0.0,0.0,0.8096467805082594,0.0,0.0
1123.5,0.9315254545454545,0.9840000000000001,0.9840000000000001,0.9840000000000001,0.9123331539554557,0.0,0.0,0.8097174138923778,0.0,0.0
1124.0,0.9315927272727272,0.9840000000000001,0.9840000000000001,0.9840000000000001,0.9123468381466736,0.0,0.0,0.8097880358327183,0.0,0.0
1124.5,0.9316599999999999,0.9840000000000001,0.9840000000000001,0.9840000000000001,0.9123604394678034,0.0,0.0,0.8098585859674351,0.0,0.0
1125.0,0.9317272727272727,0.9840000000000001,0.9840000000000001,0.9840000000000001,0.9123740407889332,0.0,0.0,0.809929137845706,0.0,0.0
1125.5,0.9317945454545454,0.9840000000000001,0.9840000000000001,0.9840000000000001,0.9123876421100631,0.0,0.0,0.8099996914675307,0.0,0.0
1126.0,0.9318618181818182,0.9840000000000001,0.9840000000000001,0.9840000000000001,0.9124011450143205,0.0,0.0,0.8100701594540503,0.0,0.0
1126.5,0.9319290909090909,0.9840000000000001,0.9840000000000001,0.9840000000000001,0.9124146426239993,0.0,0.0,0.8101406244704068,0.0,0.0
1127.0,0.9319963636363636,0.9840000000000001,0.9840000000000001,0.9840000000000001,0.9124281402336781,0.0,0.0,0.8102110912170228,0.0,0.0
1127.5,0.932,0.9840000000000001,0.9840000000000001,0.9840000000000001,0.9124415561590893,0.0,0.0,0.8102261654311474,0.0,0.0
1128.0,0.932,0.9840000000000001,0.9840000000000001,0.9840000000000001,0.912454944235099,0.0,0.0,0.8102380537207751,0.0,0.0
1128.5,0.932,0.9840000000000001,0.9840000000000001,0.9840000000000001,0.9124683323111088,0.0,0.0,0.8102499420104027,0.0,0.0
1129.0,0.932,0.9840000000000001,0.9840000000000001,0.9840000000000001,0.9124816578857166,0.0,0.0,0.8102617748002879,0.0,0.0
1129.5,0.932,0.9840000000000001,0.9840000000000001,0.9840000000000001,0.9124949307608028,0.0,0.0,0.810273560794265,0.0,0.0
1130.0,0.932,0.9840000000000001,0.9840000000000001,0.9840000000000001,0.9125082036358889,0.0,0.0,0.8102853467882422,0.0,0.0
1130.5,0.932,0.9840000000000001,0.9840000000000001,0.9840000000000001,0.9125214355506294,0.0,0.0,0.8102970964104169,0.0,0.0
1131.0,0.932,0.9840000000000001,0.9840000000000001,0.9840000000000001,0.9125345877195639,0.0,0.0,0.8103087752202333,0.0,0.0
1131.5,0.932,0.9840000000000001,0.9840000000000001,0.9840000000000001,0.9125477398884985,0.0,0.0,0.8103204540300497,0.0,0.0
1132.0,0.932,0.9840000000000001,0.9840000000000001,0.9840000000000001,0.9125608748984709,0.0,0.0,0.8103321176031203,0.0,0.0
1132.5,0.9320090909090909,0.9840000000000001,0.9840000000000001,0.9840000000000001,0.9125739010247359,0.0,0.0,0.8103515887398275,0.0,0.0
1133.0,0.9320763636363637,0.9840000000000001,0.9840000000000001,0.9840000000000001,0.912586927151001,0.0,0.0,0.8104216480226779,0.0,0.0
1133.5,0.9321436363636364,0.9840000000000001,0.9840000000000001,0.9840000000000001,0.912599953277266,0.0,0.0,0.8104917089753478,0.0,0.0
1134.0,0.9322109090909091,0.9840000000000001,0.9840000000000001,0.9840000000000001,0.912612856998825,0.0,0.0,0.810561662880805,0.0,0.0
1134.5,0.9322781818181819,0.9840000000000001,0.9840000000000001,0.9840000000000001,0.912625751920904,0.0,0.0,0.8106316106243318,0.0,0.0
1135.0,0.9323454545454546,0.9840000000000001,0.9840000000000001,0.9840000000000001,0.9126386468429831,0.0,0.0,0.8107015600208594,0.0,0.0
1135.5,0.9323636363636364,0.9840000000000001,0.9840000000000001,0.9840000000000001,0.9126514423869551,0.0,0.0,0.8107287362105147,0.0,0.0
1136.0,0.9323636363636364,0.9840000000000001,0.9840000000000001,0.9840000000000001,0.9126642011242206,0.0,0.0,0.8107400700828548,0.0,0.0
1136.5,0.9323636363636364,0.9840000000000001,0.9840000000000001,0.9840000000000001,0.9126769598614861,0.0,0.0,0.8107514039551947,0.0,0.0
1137.0,0.9323636363636364,0.9840000000000001,0.9840000000000001,0.9840000000000001,0.9126896443695265,0.0,0.0,0.8107626718880498,0.0,0.0
1137.5,0.9323636363636364,0.9840000000000001,0.9840000000000001,0.9840000000000001,0.9127022621277121,0.0,0.0,0.8107738805255127,0.0,0.0
1138.0,0.9323854545454545,0.9840000000000001,0.9840000000000001,0.9840000000000001,0.9127148798858978,0.0,0.0,0.8108040622929872,0.0,0.0
1138.5,0.9324527272727273,0.9840000000000001,0.9840000000000001,0.9840000000000001,0.912727450574048,0.0,0.0,0.8108737306683176,0.0,0.0
1139.0,0.9325200000000001,0.9840000000000001,0.9840000000000001,0.9840000000000001,0.9127399227502974,0.0,0.0,0.8109433131300792,0.0,0.0
1139.5,0.9325872727272728,0.9840000000000001,0.9840000000000001,0.9840000000000001,0.9127523949265467,0.0,0.0,0.8110128971906494,0.0,0.0
1140.0,0.9326545454545456,0.9840000000000001,0.9840000000000001,0.9840000000000001,0.9127648490861274,0.0,0.0,0.8110824668404246,0.0,0.0
1140.5,0.9327218181818183,0.9840000000000001,0.9840000000000001,0.9840000000000001,0.912777171273611,0.0,0.0,0.8111519208078893,0.0,0.0
1141.0,0.932789090909091,0.9840000000000001,0.9840000000000001,0.9840000000000001,0.9127894934610946,0.0,0.0,0.8112213763549361,0.0,0.0
1141.5,0.9328563636363638,0.9840000000000001,0.9840000000000001,0.9840000000000001,0.9128018156485781,0.0,0.0,0.8112908334815646,0.0,0.0
1142.0,0.9329236363636365,0.9840000000000001,0.9840000000000001,0.9840000000000001,0.9128139964517007,0.0,0.0,0.8113601665174421,0.0,0.0
1142.5,0.9329909090909093,0.9840000000000001,0.9840000000000001,0.9840000000000001,0.9128261644437948,0.0,0.0,0.8114294897267975,0.0,0.0
1143.0,0.933058181818182,0.9840000000000001,0.9840000000000001,0.9840000000000001,0.9128383324358891,0.0,0.0,0.8114988144959683,0.0,0.0
1143.5,0.9330909090909093,0.9840000000000001,0.9840000000000001,0.9840000000000001,0.9128503875198503,0.0,0.0,0.811537995194939,0.0,0.0
1144.0,0.9330909090909093,0.9840000000000001,0.9840000000000001,0.9840000000000001,0.9128623973138732,0.0,0.0,0.8115486720860235,0.0,0.0
1144.5,0.9330909090909093,0.9840000000000001,0.9840000000000001,0.9840000000000001,0.9128744071078961,0.0,0.0,0.8115593489771081,0.0,0.0
1145.0,0.9330909090909093,0.9840000000000001,0.9840000000000001,0.9840000000000001,0.9128863342025231,0.0,0.0,0.8115699523471612,0.0,0.0
1145.5,0.9330909090909093,0.9840000000000001,0.9840000000000001,0.9840000000000001,0.9128981820030234,0.0,0.0,0.8115804852235198,0.0,0.0
1146.0,0.933098181818182,0.9840000000000001,0.9840000000000001,0.9840000000000001,0.9129100298035238,0.0,0.0,0.81159734382878,0.0,0.0
1146.5,0.9331654545454547,0.9840000000000001,0.9840000000000001,0.9840000000000001,0.912921826720417,0.0,0.0,0.8116663452990397,0.0,0.0
1147.0,0.9332327272727274,0.9840000000000001,0.9840000000000001,0.9840000000000001,0.9129335089420135,0.0,0.0,0.8117352463001714,0.0,0.0
1147.5,0.9333000000000001,0.9840000000000001,0.9840000000000001,0.9840000000000001,0.91294519116361,0.0,0.0,0.8118041487988475,0.0,0.0
1148.0,0.9333672727272728,0.9840000000000001,0.9840000000000001,0.9840000000000001,0.912956855796628,0.0,0.0,0.811873037153921,0.0,0.0
1148.5,0.9334345454545456,0.9840000000000001,0.9840000000000001,0.9840000000000001,0.9129683690663988,0.0,0.0,0.8119417923904794,0.0,0.0
1149.0,0.9335018181818183,0.9840000000000001,0.9840000000000001,0.9840000000000001,0.9129798823361694,0.0,0.0,0.812010549102924,0.0,0.0
1149.5,0.933569090909091,0.9840000000000001,0.9840000000000001,0.9840000000000001,0.9129913956059402,0.0,0.0,0.8120793072912555,0.0,0.0
1150.0,0.9336363636363638,0.9840000000000001,0.9840000000000001,0.9840000000000001,0.9130027538213427,0.0,0.0,0.8121479290291821,0.0,0.0
1150.5,0.9337036363636365,0.9840000000000001,0.9840000000000001,0.9840000000000001,0.9130140949807645,0.0,0.0,0.8122165370501333,0.0,0.0
1151.0,0.9337709090909093,0.9840000000000001,0.9840000000000001,0.9840000000000001,0.9130254361401864,0.0,0.0,0.8122851465249087,0.0,0.0
1151.5,0.933818181818182,0.9840000000000001,0.9840000000000001,0.9840000000000001,0.9130366551655456,0.0,0.0,0.8123362506201349,0.0,0.0
1152.0,0.933818181818182,0.9840000000000001,0.9840000000000001,0.9840000000000001,0.913047821271985,0.0,0.0,0.8123461851972276,0.0,0.0
1152.5,0.933818181818182,0.9840000000000001,0.9840000000000001,0.9840000000000001,0.9130589873784246,0.0,0.0,0.8123561197743202,0.0,0.0
1153.0,0.933818181818182,0.9840000000000001,0.9840000000000001,0.9840000000000001,0.9130700655742853,0.0,0.0,0.812365976136645,0.0,0.0
1153.5,0.933818181818182,0.9840000000000001,0.9840000000000001,0.9840000000000001,0.9130810539020442,0.0,0.0,0.8123757525425775,0.0,0.0
1154.0,0.933818181818182,0.9840000000000001,0.9840000000000001,0.9840000000000001,0.9130920422298031,0.0,0.0,0.8123855289485101,0.0,0.0
1154.5,0.9338781818181819,0.9840000000000001,0.9840000000000001,0.9840000000000001,0.9131029780415758,0.0,0.0,0.8124474569240229,0.0,0.0
1155.0,0.9339454545454546,0.9840000000000001,0.9840000000000001,0.9840000000000001,0.9131137860824956,0.0,0.0,0.8125155995972224,0.0,0.0
1155.5,0.9340127272727273,0.9840000000000001,0.9840000000000001,0.9840000000000001,0.9131245941234153,0.0,0.0,0.8125837436559054,0.0,0.0
1156.0,0.93408,0.9840000000000001,0.9840000000000001,0.9840000000000001,0.9131353860814507,0.0,0.0,0.8126518747869848,0.0,0.0
1156.5,0.9341472727272727,0.9840000000000001,0.9840000000000001,0.9840000000000001,0.9131460115450813,0.0,0.0,0.8127198591178354,0.0,0.0
1157.0,0.9342145454545455,0.9840000000000001,0.9840000000000001,0.9840000000000001,0.913156637008712,0.0,0.0,0.812787844810765,0.0,0.0
1157.5,0.9342818181818182,0.9840000000000001,0.9840000000000001,0.9840000000000001,0.9131672624723426,0.0,0.0,0.8128558318657733,0.0,0.0
1158.0,0.934349090909091,0.9840000000000001,0.9840000000000001,0.9840000000000001,0.9131777245417214,0.0,0.0,0.8129236748269956,0.0,0.0
1158.5,0.9344163636363638,0.9840000000000001,0.9840000000000001,0.9840000000000001,0.9131881653550608,0.0,0.0,0.812991500205563,0.0,0.0
1159.0,0.9344836363636365,0.9840000000000001,0.9840000000000001,0.9840000000000001,0.9131986061684,0.0,0.0,0.8130593269225385,0.0,0.0
1159.5,0.9345454545454548,0.9840000000000001,0.9840000000000001,0.9840000000000001,0.9132089198436562,0.0,0.0,0.8131222959233868,0.0,0.0
1160.0,0.9345454545454548,0.9840000000000001,0.9840000000000001,0.9840000000000001,0.9132191741504682,0.0,0.0,0.8131314263702286,0.0,0.0
1160.5,0.9345454545454548,0.9840000000000001,0.9840000000000001,0.9840000000000001,0.9132294284572802,0.0,0.0,0.8131405568170704,0.0,0.0
1161.0,0.9345454545454548,0.9840000000000001,0.9840000000000001,0.9840000000000001,0.9132395927397584,0.0,0.0,0.8131496071061396,0.0,0.0
1161.5,0.9345454545454548,0.9840000000000001,0.9840000000000001,0.9840000000000001,0.9132496588994794,0.0,0.0,0.8131585700265903,0.0,0.0
1162.0,0.9345454545454548,0.9840000000000001,0.9840000000000001,0.9840000000000001,0.9132597250592004,0.0,0.0,0.813167532947041,0.0,0.0
1162.5,0.9345454545454548,0.9840000000000001,0.9840000000000001,0.9840000000000001,0.9132697390340295,0.0,0.0,0.8131764494020027,0.0,0.0
1163.0,0.9345454545454548,0.9840000000000001,0.9840000000000001,0.9840000000000001,0.9132796156202709,0.0,0.0,0.8131852435260044,0.0,0.0
1163.5,0.9345454545454548,0.9840000000000001,0.9840000000000001,0.9840000000000001,0.9132894922065125,0.0,0.0,0.8131940376500061,0.0,0.0
1164.0,0.9345454545454548,0.9840000000000001,0.9840000000000001,0.9840000000000001,0.9132993550422975,0.0,0.0,0.8132028195305853,0.0,0.0
1164.5,0.9345454545454548,0.9840000000000001,0.9840000000000001,0.9840000000000001,0.9133090408409578,0.0,0.0,0.8132114437771003,0.0,0.0
1165.0,0.9345636363636366,0.9840000000000001,0.9840000000000001,0.9840000000000001,0.913318726639618,0.0,0.0,0.813235889425717,0.0,0.0
1165.5,0.9346309090909093,0.9840000000000001,0.9840000000000001,0.9840000000000001,0.9133284124382781,0.0,0.0,0.8133030536486063,0.0,0.0
1166.0,0.934698181818182,0.9840000000000001,0.9840000000000001,0.9840000000000001,0.9133379315951325,0.0,0.0,0.8133700707108105,0.0,0.0
1166.5,0.9347654545454547,0.9840000000000001,0.9840000000000001,0.9840000000000001,0.9133474256021292,0.0,0.0,0.8134370665945413,0.0,0.0
1167.0,0.9348327272727274,0.9840000000000001,0.9840000000000001,0.9840000000000001,0.9133569196091258,0.0,0.0,0.8135040636953091,0.0,0.0
1167.5,0.9349000000000002,0.9840000000000001,0.9840000000000001,0.9840000000000001,0.9133662854166625,0.0,0.0,0.8135709478208593,0.0,0.0
1168.0,0.934909090909091,0.9840000000000001,0.9840000000000001,0.9840000000000001,0.9133755868352975,0.0,0.0,0.8135871441504943,0.0,0.0
1168.5,0.934909090909091,0.9840000000000001,0.9840000000000001,0.9840000000000001,0.9133848882539325,0.0,0.0,0.8135954293671487,0.0,0.0
1169.0,0.934909090909091,0.9840000000000001,0.9840000000000001,0.9840000000000001,0.9133941003337622,0.0,0.0,0.8136036350054736,0.0,0.0
1169.5,0.934909090909091,0.9840000000000001,0.9840000000000001,0.9840000000000001,0.9134032085717337,0.0,0.0,0.8136117481469088,0.0,0.0
1170.0,0.934909090909091,0.9840000000000001,0.9840000000000001,0.9840000000000001,0.9134123168097054,0.0,0.0,0.8136198612883442,0.0,0.0
1170.5,0.9349400000000001,0.9840000000000001,0.9840000000000001,0.9840000000000001,0.9134213748623705,0.0,0.0,0.8136548291338035,0.0,0.0
1171.0,0.9350072727272728,0.9840000000000001,0.9840000000000001,0.9840000000000001,0.9134302895284457,0.0,0.0,0.8137213164524607,0.0,0.0
1171.5,0.9350745454545455,0.9840000000000001,0.9840000000000001,0.9840000000000001,0.9134392041945211,0.0,0.0,0.8137878049138897,0.0,0.0
1172.0,0.9351418181818182,0.9840000000000001,0.9840000000000001,0.9840000000000001,0.9134481079988549,0.0,0.0,0.8138542848406108,0.0,0.0
1172.5,0.9352090909090909,0.9840000000000001,0.9840000000000001,0.9840000000000001,0.9134568288992202,0.0,0.0,0.8139206029351547,0.0,0.0
1173.0,0.9352727272727271,0.9840000000000001,0.9840000000000001,0.9840000000000001,0.9134655497995855,0.0,0.0,0.8139837573585278,0.0,0.0
1173.5,0.9352727272727271,0.9840000000000001,0.9840000000000001,0.9840000000000001,0.9134742706999507,0.0,0.0,0.8139915285013457,0.0,0.0
1174.0,0.9352727272727271,0.9840000000000001,0.9840000000000001,0.9840000000000001,0.9134828263463749,0.0,0.0,0.8139991523873528,0.0,0.0
1174.5,0.9352727272727271,0.9840000000000001,0.9840000000000001,0.9840000000000001,0.9134913534806756,0.0,0.0,0.8140067508663749,0.0,0.0
1175.0,0.9352727272727271,0.9840000000000001,0.9840000000000001,0.9840000000000001,0.9134998806149761,0.0,0.0,0.8140143493453968,0.0,0.0
1175.5,0.9352727272727271,0.9840000000000001,0.9840000000000001,0.9840000000000001,0.91350828199191,0.0,0.0,0.8140218357627721,0.0,0.0
1176.0,0.9353163636363635,0.9840000000000001,0.9840000000000001,0.9840000000000001,0.9135166155490007,0.0,0.0,0.8140672413385909,0.0,0.0
1176.5,0.9353836363636362,0.9840000000000001,0.9840000000000001,0.9840000000000001,0.9135249491060914,0.0,0.0,0.8141332200741834,0.0,0.0
1177.0,0.935450909090909,0.9840000000000001,0.9840000000000001,0.9840000000000001,0.9135331964080892,0.0,0.0,0.8141991230020084,0.0,0.0
1177.5,0.9355181818181817,0.9840000000000001,0.9840000000000001,0.9840000000000001,0.9135413367615077,0.0,0.0,0.8142649316607968,0.0,0.0
1178.0,0.9355854545454545,0.9840000000000001,0.9840000000000001,0.9840000000000001,0.9135494771149263,0.0,0.0,0.8143307413630976,0.0,0.0
1178.5,0.9356363636363636,0.9840000000000001,0.9840000000000001,0.9840000000000001,0.9135575706074771,0.0,0.0,0.8143822673488701,0.0,0.0
1179.0,0.9356363636363636,0.9840000000000001,0.9840000000000001,0.9840000000000001,0.9135655183106616,0.0,0.0,0.8143893522538043,0.0,0.0
1179.5,0.9356363636363636,0.9840000000000001,0.9840000000000001,0.9840000000000001,0.913573466013846,0.0,0.0,0.8143964371587383,0.0,0.0
1180.0,0.9356363636363636,0.9840000000000001,0.9840000000000001,0.9840000000000001,0.9135814060324692,0.0,0.0,0.8144035152133428,0.0,0.0
1180.5,0.9356363636363636,0.9840000000000001,0.9840000000000001,0.9840000000000001,0.9135891618137335,0.0,0.0,0.814410429031294,0.0,0.0
1181.0,0.9356363636363636,0.9840000000000001,0.9840000000000001,0.9840000000000001,0.9135969175949978,0.0,0.0,0.8144173428492452,0.0,0.0
1181.5,0.9356927272727272,0.9840000000000001,0.9840000000000001,0.9840000000000001,0.9136046733762623,0.0,0.0,0.8144733183694054,0.0,0.0
1182.0,0.9357599999999999,0.9840000000000001,0.9840000000000001,0.9840000000000001,0.913612269301627,0.0,0.0,0.8145386480956361,0.0,0.0
1182.5,0.9358272727272727,0.9840000000000001,0.9840000000000001,0.9840000000000001,0.9136198340589156,0.0,0.0,0.8146039510054326,0.0,0.0
1183.0,0.9358945454545454,0.9840000000000001,0.9840000000000001,0.9840000000000001,0.9136273988162041,0.0,0.0,0.8146692548849556,0.0,0.0
1183.5,0.9359618181818181,0.9840000000000001,0.9840000000000001,0.9840000000000001,0.9136348432072745,0.0,0.0,0.8147344523975536,0.0,0.0
1184.0,0.9359999999999999,0.9840000000000001,0.9840000000000001,0.9840000000000001,0.9136422180027115,0.0,0.0,0.8147742655885399,0.0,0.0
1184.5,0.9359999999999999,0.9840000000000001,0.9840000000000001,0.9840000000000001,0.9136495927981485,0.0,0.0,0.8147808423353425,0.0,0.0
1185.0,0.9359999999999999,0.9840000000000001,0.9840000000000001,0.9840000000000001,0.9136568863536366,0.0,0.0,0.8147873466334138,0.0,0.0
1185.5,0.9359999999999999,0.9840000000000001,0.9840000000000001,0.9840000000000001,0.9136640724078903,0.0,0.0,0.8147937550632801,0.0,0.0
1186.0,0.9359999999999999,0.9840000000000001,0.9840000000000001,0.9840000000000001,0.9136712584621439,0.0,0.0,0.8148001634931465,0.0,0.0
1186.5,0.9360109090909087,0.9840000000000001,0.9840000000000001,0.9840000000000001,0.9136784019413374,0.0,0.0,0.8148160305347766,0.0,0.0
1187.0,0.9364145454545452,0.9840000000000001,0.9840000000000001,0.9840000000000001,0.9136854006278157,0.0,0.0,0.8151736480837664,0.0,0.0
1187.5,0.9368181818181817,0.9840000000000001,0.9840000000000001,0.9840000000000001,0.9136923993142938,0.0,0.0,0.8155312710157281,0.0,0.0
1188.0,0.9372218181818182,0.9840000000000001,0.9840000000000001,0.9840000000000001,0.9136993935359653,0.0,0.0,0.8158888953438076,0.0,0.0
1188.5,0.9376254545454547,0.9840000000000001,0.9840000000000001,0.9840000000000001,0.9137062063748633,0.0,0.0,0.8162463630157203,0.0,0.0
1189.0,0.9380290909090911,0.9840000000000001,0.9840000000000001,0.9840000000000001,0.9137130192137612,0.0,0.0,0.8166038359276618,0.0,0.0
1189.5,0.9381400000000003,0.9840000000000001,0.9840000000000001,0.9840000000000001,0.9137198320526592,0.0,0.0,0.8167064776375048,0.0,0.0
1190.0,0.9380727272727275,0.9840000000000001,0.9840000000000001,0.9840000000000001,0.9137264937072935,0.0,0.0,0.8166538666735293,0.0,0.0
1190.5,0.9380054545454548,0.9840000000000001,0.9840000000000001,0.9840000000000001,0.9137331223595092,0.0,0.0,0.8166012253614092,0.0,0.0
1191.0,0.937938181818182,0.9840000000000001,0.9840000000000001,0.9840000000000001,0.913739751011725,0.0,0.0,0.8165485831995617,0.0,0.0
1191.5,0.9378709090909093,0.9840000000000001,0.9840000000000001,0.9840000000000001,0.9137462670158746,0.0,0.0,0.8164958395291054,0.0,0.0
1192.0,0.9377745454545457,0.9840000000000001,0.9840000000000001,0.9840000000000001,0.9137527132768131,0.0,0.0,0.8164177064353534,0.0,0.0
1192.5,0.9375727272727276,0.9840000000000001,0.9840000000000001,0.9840000000000001,0.9137591595377516,0.0,0.0,0.8162477637739861,0.0,0.0
1193.0,0.9373709090909093,0.9840000000000001,0.9840000000000001,0.9840000000000001,0.9137655310102918,0.0,0.0,0.8160777518405717,0.0,0.0
1193.5,0.9371690909090911,0.9840000000000001,0.9840000000000001,0.9840000000000001,0.9137717968035736,0.0,0.0,0.8159076430957762,0.0,0.0
1194.0,0.9369672727272729,0.9840000000000001,0.9840000000000001,0.9840000000000001,0.9137780625968553,0.0,0.0,0.8157375319413438,0.0,0.0
1194.5,0.9367654545454547,0.9840000000000001,0.9840000000000001,0.9840000000000001,0.9137842907053708,0.0,0.0,0.8155673847430055,0.0,0.0
1195.0,0.9367272727272729,0.9840000000000001,0.9840000000000001,0.9840000000000001,0.9137903780764647,0.0,0.0,0.8155395757187304,0.0,0.0
1195.5,0.9367272727272729,0.9840000000000001,0.9840000000000001,0.9840000000000001,0.9137964654475585,0.0,0.0,0.8155450085752785,0.0,0.0
1196.0,0.9367272727272729,0.9840000000000001,0.9840000000000001,0.9840000000000001,0.9138025514071506,0.0,0.0,0.8155504401720896,0.0,0.0
1196.5,0.9367272727272729,0.9840000000000001,0.9840000000000001,0.9840000000000001,0.9138084625169469,0.0,0.0,0.8155557157189666,0.0,0.0
1197.0,0.9367272727272729,0.9840000000000001,0.9840000000000001,0.9840000000000001,0.9138143736267432,0.0,0.0,0.8155609912658436,0.0,0.0
1197.5,0.9367545454545456,0.9840000000000001,0.9840000000000001,0.9840000000000001,0.9138202847365395,0.0,0.0,0.8155900119485945,0.0,0.0
1198.0,0.9368218181818183,0.9840000000000001,0.9840000000000001,0.9840000000000001,0.913826055817178,0.0,0.0,0.8156537343772695,0.0,0.0
1198.5,0.936889090909091,0.9840000000000001,0.9840000000000001,0.9840000000000001,0.9138317929355207,0.0,0.0,0.8157174272298361,0.0,0.0
1199.0,0.9369563636363637,0.9840000000000001,0.9840000000000001,0.9840000000000001,0.9138375300538635,0.0,0.0,0.815781120817844,0.0,0.0
1199.5,0.9370236363636365,0.9840000000000001,0.9840000000000001,0.9840000000000001,0.913843163925851,0.0,0.0,0.8158447229668404,0.0,0.0
1200.0,0.9370909090909092,0.9840000000000001,0.9840000000000001,0.9840000000000001,0.9138487294250442,0.0,0.0,0.8159082647930078,0.0,0.0
1200.5,0.9370909090909092,0.9840000000000001,0.9840000000000001,0.9840000000000001,0.9138542949242375,0.0,0.0,0.8159132338175775,0.0,0.0
1201.0,0.9370909090909092,0.9840000000000001,0.9840000000000001,0.9840000000000001,0.9138597930339889,0.0,0.0,0.8159181426750748,0.0,0.0
1201.5,0.9370909090909092,0.9840000000000001,0.9840000000000001,0.9840000000000001,0.9138651893822965,0.0,0.0,0.8159229606772694,0.0,0.0
1202.0,0.9370909090909092,0.9840000000000001,0.9840000000000001,0.9840000000000001,0.9138705857306041,0.0,0.0,0.815927778679464,0.0,0.0
1202.5,0.9370909090909092,0.9840000000000001,0.9840000000000001,0.9840000000000001,0.913875949560728,0.0,0.0,0.8159325676485659,0.0,0.0
1203.0,0.9371309090909091,0.9840000000000001,0.9840000000000001,0.9840000000000001,0.9138811793158793,0.0,0.0,0.8159720654320014,0.0,0.0
1203.5,0.9371981818181819,0.9840000000000001,0.9840000000000001,0.9840000000000001,0.9138864090710307,0.0,0.0,0.8160353104681345,0.0,0.0
1204.0,0.9372654545454546,0.9840000000000001,0.9840000000000001,0.9840000000000001,0.9138916388261821,0.0,0.0,0.8160985561746701,0.0,0.0
1204.5,0.9373327272727274,0.9840000000000001,0.9840000000000001,0.9840000000000001,0.9138967059418348,0.0,0.0,0.8161616573053001,0.0,0.0
1205.0,0.9374000000000001,0.9840000000000001,0.9840000000000001,0.9840000000000001,0.9139017717445552,0.0,0.0,0.8162247579128765,0.0,0.0
1205.5,0.9374672727272729,0.9840000000000001,0.9840000000000001,0.9840000000000001,0.9139068375472756,0.0,0.0,0.8162878591698385,0.0,0.0
1206.0,0.9375345454545456,0.9840000000000001,0.9840000000000001,0.9840000000000001,0.9139117761695242,0.0,0.0,0.8163508474723473,0.0,0.0
1206.5,0.9376018181818184,0.9840000000000001,0.9840000000000001,0.9840000000000001,0.9139166807371034,0.0,0.0,0.8164138059864539,0.0,0.0
1207.0,0.9376690909090911,0.9840000000000001,0.9840000000000001,0.9840000000000001,0.9139215853046825,0.0,0.0,0.8164767651292768,0.0,0.0
1207.5,0.9377363636363638,0.9840000000000001,0.9840000000000001,0.9840000000000001,0.913926397087592,0.0,0.0,0.8165396420031554,0.0,0.0
1208.0,0.9378036363636366,0.9840000000000001,0.9840000000000001,0.9840000000000001,0.9139311432075048,0.0,0.0,0.8166024608236111,0.0,0.0
1208.5,0.937818181818182,0.9840000000000001,0.9840000000000001,0.9840000000000001,0.9139358893274174,0.0,0.0,0.8166193671821961,0.0,0.0
1209.0,0.937818181818182,0.9840000000000001,0.9840000000000001,0.9840000000000001,0.9139405759500392,0.0,0.0,0.8166235547700174,0.0,0.0
1209.5,0.937818181818182,0.9840000000000001,0.9840000000000001,0.9840000000000001,0.9139451664736337,0.0,0.0,0.8166276564915019,0.0,0.0
1210.0,0.937818181818182,0.9840000000000001,0.9840000000000001,0.9840000000000001,0.913949756997228,0.0,0.0,0.8166317582129864,0.0,0.0
1210.5,0.937818181818182,0.9840000000000001,0.9840000000000001,0.9840000000000001,0.913954320162432,0.0,0.0,0.8166358354892207,0.0,0.0
1211.0,0.937818181818182,0.9840000000000001,0.9840000000000001,0.9840000000000001,0.9139587579986969,0.0,0.0,0.8166398007816275,0.0,0.0
1211.5,0.937818181818182,0.9840000000000001,0.9840000000000001,0.9840000000000001,0.9139631958349617,0.0,0.0,0.8166437660740342,0.0,0.0
1212.0,0.937818181818182,0.9840000000000001,0.9840000000000001,0.9840000000000001,0.9139676336712265,0.0,0.0,0.8166477313664411,0.0,0.0
1212.5,0.937818181818182,0.9840000000000001,0.9840000000000001,0.9840000000000001,0.9139719253776926,0.0,0.0,0.8166515660890505,0.0,0.0
1213.0,0.937818181818182,0.9840000000000001,0.9840000000000001,0.9840000000000001,0.9139762134871173,0.0,0.0,0.8166553975976342,0.0,0.0
1213.5,0.937818181818182,0.9840000000000001,0.9840000000000001,0.9840000000000001,0.9139805015965422,0.0,0.0,0.816659229106218,0.0,0.0
1214.0,0.9378836363636366,0.9840000000000001,0.9840000000000001,0.9840000000000001,0.9139846763240611,0.0,0.0,0.8167199578838843,0.0,0.0
1214.5,0.9379509090909093,0.9840000000000001,0.9840000000000001,0.9840000000000001,0.9139888177125999,0.0,0.0,0.8167822406900719,0.0,0.0
1215.0,0.938018181818182,0.9840000000000001,0.9840000000000001,0.9840000000000001,0.9139929591011386,0.0,0.0,0.8168445240271445,0.0,0.0
1215.5,0.9380854545454548,0.9840000000000001,0.9840000000000001,0.9840000000000001,0.9139970186565489,0.0,0.0,0.8169067347547827,0.0,0.0
1216.0,0.9381527272727275,0.9840000000000001,0.9840000000000001,0.9840000000000001,0.9140010163697002,0.0,0.0,0.8169688907258509,0.0,0.0
1216.5,0.9381818181818184,0.9840000000000001,0.9840000000000001,0.9840000000000001,0.9140050140828516,0.0,0.0,0.8169977972990311,0.0,0.0
1217.0,0.9381818181818184,0.9840000000000001,0.9840000000000001,0.9840000000000001,0.9140089602863063,0.0,0.0,0.8170013246752276,0.0,0.0
1217.5,0.9381818181818184,0.9840000000000001,0.9840000000000001,0.9840000000000001,0.9140128174033183,0.0,0.0,0.8170047724201023,0.0,0.0
1218.0,0.9381818181818184,0.9840000000000001,0.9840000000000001,0.9840000000000001,0.9140166745203303,0.0,0.0,0.8170082201649769,0.0,0.0
1218.5,0.9381818181818184,0.9840000000000001,0.9840000000000001,0.9840000000000001,0.9140205092042347,0.0,0.0,0.8170116478576646,0.0,0.0
1219.0,0.9381927272727275,0.9840000000000001,0.9840000000000001,0.9840000000000001,0.9140242288324458,0.0,0.0,0.8170244728801073,0.0,0.0
1219.5,0.9382600000000002,0.9840000000000001,0.9840000000000001,0.9840000000000001,0.914027948460657,0.0,0.0,0.8170863824124772,0.0,0.0
1220.0,0.9383272727272729,0.9840000000000001,0.9840000000000001,0.9840000000000001,0.9140316680888683,0.0,0.0,0.8171482924216665,0.0,0.0
1220.5,0.9383945454545456,0.9840000000000001,0.9840000000000001,0.9840000000000001,0.9140352587379279,0.0,0.0,0.8172100875914848,0.0,0.0
1221.0,0.9384618181818183,0.9840000000000001,0.9840000000000001,0.9840000000000001,0.9140388440072523,0.0,0.0,0.8172718784113924,0.0,0.0
1221.5,0.938529090909091,0.9840000000000001,0.9840000000000001,0.9840000000000001,0.9140424292765766,0.0,0.0,0.8173336696908956,0.0,0.0
1222.0,0.9386981818181818,0.9840000000000001,0.9840000000000001,0.9840000000000001,0.9140459152505161,0.0,0.0,0.8174840430294135,0.0,0.0
1222.5,0.9389,0.9840000000000001,0.9840000000000001,0.9840000000000001,0.9140493693080819,0.0,0.0,0.817662890247558,0.0,0.0
1223.0,0.9391018181818181,0.9840000000000001,0.9840000000000001,0.9840000000000001,0.9140528233656475,0.0,0.0,0.8178417387940299,0.0,0.0
1223.5,0.9393036363636362,0.9840000000000001,0.9840000000000001,0.9840000000000001,0.9140562065392313,0.0,0.0,0.8180205252323013,0.0,0.0
1224.0,0.9395054545454544,0.9840000000000001,0.9840000000000001,0.9840000000000001,0.9140595325441785,0.0,0.0,0.8181992617984569,0.0,0.0
1224.5,0.9396363636363635,0.9840000000000001,0.9840000000000001,0.9840000000000001,0.9140628585491257,0.0,0.0,0.8183162459022277,0.0,0.0
1225.0,0.9396363636363635,0.9840000000000001,0.9840000000000001,0.9840000000000001,0.9140661408000436,0.0,0.0,0.8183191843426468,0.0,0.0
1225.5,0.9396363636363635,0.9840000000000001,0.9840000000000001,0.9840000000000001,0.91406934191849,0.0,0.0,0.8183220501490903,0.0,0.0
1226.0,0.9396363636363635,0.9840000000000001,0.9840000000000001,0.9840000000000001,0.9140725430369363,0.0,0.0,0.8183249159555337,0.0,0.0
1226.5,0.9396363636363635,0.9840000000000001,0.9840000000000001,0.9840000000000001,0.914075726244887,0.0,0.0,0.818327765727577,0.0,0.0
1227.0,0.9396363636363635,0.9840000000000001,0.9840000000000001,0.9840000000000001,0.9140788056450667,0.0,0.0,0.8183305225655463,0.0,0.0
1227.5,0.9396363636363635,0.9840000000000001,0.9840000000000001,0.9840000000000001,0.9140818850452463,0.0,0.0,0.8183332794035154,0.0,0.0
1228.0,0.9396363636363635,0.9840000000000001,0.9840000000000001,0.9840000000000001,0.9140849644454261,0.0,0.0,0.8183360362414847,0.0,0.0
1228.5,0.9396363636363635,0.9840000000000001,0.9840000000000001,0.9840000000000001,0.9140879319385972,0.0,0.0,0.8183386928945241,0.0,0.0
1229.0,0.9396363636363635,0.9840000000000001,0.9840000000000001,0.9840000000000001,0.9140908927861771,0.0,0.0,0.8183413435980875,0.0,0.0
1229.5,0.9396363636363635,0.9840000000000001,0.9840000000000001,0.9840000000000001,0.914093853633757,0.0,0.0,0.8183439943016508,0.0,0.0
1230.0,0.9396363636363635,0.9840000000000001,0.9840000000000001,0.9840000000000001,0.9140967290043,0.0,0.0,0.8183465684817592,0.0,0.0
1230.5,0.9396363636363635,0.9840000000000001,0.9840000000000001,0.9840000000000001,0.91409957445788,0.0,0.0,0.8183491158786584,0.0,0.0
1231.0,0.9396363636363635,0.9840000000000001,0.9840000000000001,0.9840000000000001,0.9141024199114601,0.0,0.0,0.8183516632755576,0.0,0.0
1231.5,0.9396363636363635,0.9840000000000001,0.9840000000000001,0.9840000000000001,0.9141052050281825,0.0,0.0,0.8183541566557878,0.0,0.0
1232.0,0.9396363636363635,0.9840000000000001,0.9840000000000001,0.9840000000000001,0.9141079382349827,0.0,0.0,0.8183566035635766,0.0,0.0
1232.5,0.9396363636363635,0.9840000000000001,0.9840000000000001,0.9840000000000001,0.9141106714417828,0.0,0.0,0.8183590504713653,0.0,0.0
1233.0,0.9396363636363635,0.9840000000000001,0.9840000000000001,0.9840000000000001,0.9141133681676709,0.0,0.0,0.8183614647195587,0.0,0.0
1233.5,0.9396363636363635,0.9840000000000001,0.9840000000000001,0.9840000000000001,0.9141159922594078,0.0,0.0,0.8183638139419114,0.0,0.0
1234.0,0.9396363636363635,0.9840000000000001,0.9840000000000001,0.9840000000000001,0.9141186163511447,0.0,0.0,0.818366163164264,0.0,0.0
1234.5,0.9396363636363635,0.9840000000000001,0.9840000000000001,0.9840000000000001,0.914121226542617,0.0,0.0,0.8183684999423825,0.0,0.0
1235.0,0.9396363636363635,0.9840000000000001,0.9840000000000001,0.9840000000000001,0.9141237446315736,0.0,0.0,0.8183707542655755,0.0,0.0
1235.5,0.9396363636363635,0.9840000000000001,0.9840000000000001,0.9840000000000001,0.9141262627205302,0.0,0.0,0.8183730085887684,0.0,0.0
1236.0,0.9396363636363635,0.9840000000000001,0.9840000000000001,0.9840000000000001,0.9141287808094868,0.0,0.0,0.8183752629119613,0.0,0.0
1236.5,0.9396363636363635,0.9840000000000001,0.9840000000000001,0.9840000000000001,0.9141312034019777,0.0,0.0,0.8183774317417896,0.0,0.0
1237.0,0.9396363636363635,0.9840000000000001,0.9840000000000001,0.9840000000000001,0.9141336185772673,0.0,0.0,0.8183795939313563,0.0,0.0
1237.5,0.9396363636363635,0.9840000000000001,0.9840000000000001,0.9840000000000001,0.9141360337525569,0.0,0.0,0.8183817561209231,0.0,0.0
1238.0,0.9396363636363635,0.9840000000000001,0.9840000000000001,0.9840000000000001,0.9141383765631673,0.0,0.0,0.8183838535258944,0.0,0.0
1238.5,0.9396363636363635,0.9840000000000001,0.9840000000000001,0.9840000000000001,0.9141406918871938,0.0,0.0,0.8183859263234572,0.0,0.0
1239.0,0.9396363636363635,0.9840000000000001,0.9840000000000001,0.9840000000000001,0.9141430072112202,0.0,0.0,0.8183879991210199,0.0,0.0
1239.5,0.9396363636363635,0.9840000000000001,0.9840000000000001,0.9840000000000001,0.9141452720420997,0.0,0.0,0.8183900267145114,0.0,0.0
1240.0,0.9396363636363635,0.9840000000000001,0.9840000000000001,0.9840000000000001,0.9141474905472129,0.0,0.0,0.8183920128347861,0.0,0.0
1240.5,0.9396363636363635,0.9840000000000001,0.9840000000000001,0.9840000000000001,0.9141497090523261,0.0,0.0,0.8183939989550609,0.0,0.0
1241.0,0.9396981818181817,0.9840000000000001,0.9840000000000001,0.9840000000000001,0.9141518976928894,0.0,0.0,0.8184498001784136,0.0,0.0
1241.5,0.9397654545454545,0.9840000000000001,0.9840000000000001,0.9840000000000001,0.9141540223782377,0.0,0.0,0.8185102951576112,0.0,0.0
1242.0,0.9398327272727272,0.9840000000000001,0.9840000000000001,0.9840000000000001,0.914156147063586,0.0,0.0,0.8185707904091721,0.0,0.0
1242.5,0.9399,0.9840000000000001,0.9840000000000001,0.9840000000000001,0.9141582612899469,0.0,0.0,0.8186312765670444,0.0,0.0
1243.0,0.9399672727272727,0.9840000000000001,0.9840000000000001,0.9840000000000001,0.914160295118526,0.0,0.0,0.8186916909943479,0.0,0.0
1243.5,0.9400345454545455,0.9840000000000001,0.9840000000000001,0.9840000000000001,0.9141623289471051,0.0,0.0,0.8187521056823682,0.0,0.0
1244.0,0.9401018181818181,0.9840000000000001,0.9840000000000001,0.9840000000000001,0.9141643627756842,0.0,0.0,0.818812520631105,0.0,0.0
1244.5,0.940169090909091,0.9840000000000001,0.9840000000000001,0.9840000000000001,0.9141663164174013,0.0,0.0,0.8188728640124412,0.0,0.0
1245.0,0.9402363636363638,0.9840000000000001,0.9840000000000001,0.9840000000000001,0.9141682623132965,0.0,0.0,0.8189332007053273,0.0,0.0
1245.5,0.9403036363636365,0.9840000000000001,0.9840000000000001,0.9840000000000001,0.9141702082091916,0.0,0.0,0.8189935376476577,0.0,0.0
1246.0,0.9403636363636365,0.9840000000000001,0.9840000000000001,0.9840000000000001,0.9141720938293594,0.0,0.0,0.8190474863613212,0.0,0.0
1246.5,0.9403636363636365,0.9840000000000001,0.9840000000000001,0.9840000000000001,0.9141739546751815,0.0,0.0,0.8190491535759555,0.0,0.0
1247.0,0.9403636363636365,0.9840000000000001,0.9840000000000001,0.9840000000000001,0.9141758155210037,0.0,0.0,0.8190508207905899,0.0,0.0
1247.5,0.9403636363636365,0.9840000000000001,0.9840000000000001,0.9840000000000001,0.9141776348085563,0.0,0.0,0.81905245077132,0.0,0.0
1248.0,0.9403636363636365,0.9840000000000001,0.9840000000000001,0.9840000000000001,0.9141794134430692,0.0,0.0,0.8190540443291816,0.0,0.0
1248.5,0.9403636363636365,0.9840000000000001,0.9840000000000001,0.9840000000000001,0.914181192077582,0.0,0.0,0.819055637887043,0.0,0.0
1249.0,0.9403636363636365,0.9840000000000001,0.9840000000000001,0.9840000000000001,0.9141829467036758,0.0,0.0,0.8190572099346929,0.0,0.0
1249.5,0.9403636363636365,0.9840000000000001,0.9840000000000001,0.9840000000000001,0.9141846459196108,0.0,0.0,0.819058732337914,0.0,0.0
1250.0,0.9403636363636365,0.9840000000000001,0.9840000000000001,0.9840000000000001,0.9141863451355458,0.0,0.0,0.8190602547411352,0.0,0.0
1250.5,0.9403636363636365,0.9840000000000001,0.9840000000000001,0.9840000000000001,0.9141880367531685,0.0,0.0,0.81906177033669,0.0,0.0
1251.0,0.9403636363636365,0.9840000000000001,0.9840000000000001,0.9840000000000001,0.9141896592952256,0.0,0.0,0.8190632240443697,0.0,0.0
1251.5,0.9403836363636365,0.9840000000000001,0.9840000000000001,0.9840000000000001,0.9141912818372825,0.0,0.0,0.8190820979211431,0.0,0.0
1252.0,0.9404509090909092,0.9840000000000001,0.9840000000000001,0.9840000000000001,0.9141929043793395,0.0,0.0,0.8191421468779619,0.0,0.0
1252.5,0.9405181818181819,0.9840000000000001,0.9840000000000001,0.9840000000000001,0.9141944606438902,0.0,0.0,0.8192021366520462,0.0,0.0
1253.0,0.9405854545454546,0.9840000000000001,0.9840000000000001,0.9840000000000001,0.9141960092069206,0.0,0.0,0.8192621197238654,0.0,0.0
1253.5,0.9406527272727273,0.9840000000000001,0.9840000000000001,0.9840000000000001,0.9141975577699509,0.0,0.0,0.8193221029941952,0.0,0.0
1254.0,0.94072,0.9840000000000001,0.9840000000000001,0.9840000000000001,0.9141990569192884,0.0,0.0,0.8193820421743299,0.0,0.0
1254.5,0.9407872727272727,0.9840000000000001,0.9840000000000001,0.9840000000000001,0.9142005341466553,0.0,0.0,0.8194419618969228,0.0,0.0
1255.0,0.9408545454545455,0.9840000000000001,0.9840000000000001,0.9840000000000001,0.914202011374022,0.0,0.0,0.8195018818088814,0.0,0.0
1255.5,0.9409218181818182,0.9840000000000001,0.9840000000000001,0.9840000000000001,0.9142034549513096,0.0,0.0,0.819561771743706,0.0,0.0
1256.0,0.940989090909091,0.9840000000000001,0.9840000000000001,0.9840000000000001,0.9142048634334227,0.0,0.0,0.8196216303993398,0.0,0.0
1256.5,0.9410563636363637,0.9840000000000001,0.9840000000000001,0.9840000000000001,0.9142062719155356,0.0,0.0,0.8196814892355265,0.0,0.0
1257.0,0.9410909090909092,0.9840000000000001,0.9840000000000001,0.9840000000000001,0.9142076614428934,0.0,0.0,0.8197128250141499,0.0,0.0
1257.5,0.9410909090909092,0.9840000000000001,0.9840000000000001,0.9840000000000001,0.9142090037159138,0.0,0.0,0.8197140285464062,0.0,0.0
1258.0,0.9410909090909092,0.9840000000000001,0.9840000000000001,0.9840000000000001,0.9142103459889342,0.0,0.0,0.8197152320786625,0.0,0.0
1258.5,0.9410909090909092,0.9840000000000001,0.9840000000000001,0.9840000000000001,0.9142116829672101,0.0,0.0,0.8197164308634525,0.0,0.0
1259.0,0.9410909090909092,0.9840000000000001,0.9840000000000001,0.9840000000000001,0.9142129615119197,0.0,0.0,0.8197175772545188,0.0,0.0
1259.5,0.9410909090909092,0.9840000000000001,0.9840000000000001,0.9840000000000001,0.9142142400566293,0.0,0.0,0.8197187236455851,0.0,0.0
1260.0,0.9410909090909092,0.9840000000000001,0.9840000000000001,0.9840000000000001,0.9142155186013389,0.0,0.0,0.8197198700366514,0.0,0.0
1260.5,0.9410909090909092,0.9840000000000001,0.9840000000000001,0.9840000000000001,0.9142167432059987,0.0,0.0,0.819720968063049,0.0,0.0
1261.0,0.9410909090909092,0.9840000000000001,0.9840000000000001,0.9840000000000001,0.914217960446829,0.0,0.0,0.8197220594867615,0.0,0.0
1261.5,0.9410909090909092,0.9840000000000001,0.9840000000000001,0.9840000000000001,0.9142191776876594,0.0,0.0,0.8197231509104739,0.0,0.0
1262.0,0.9410909090909092,0.9840000000000001,0.9840000000000001,0.9840000000000001,0.9142203550474579,0.0,0.0,0.8197242065753596,0.0,0.0
1262.5,0.9410909090909092,0.9840000000000001,0.9840000000000001,0.9840000000000001,0.9142215133516746,0.0,0.0,0.8197252451542971,0.0,0.0
1263.0,0.9410909090909092,0.9840000000000001,0.9840000000000001,0.9840000000000001,0.9142226716558913,0.0,0.0,0.8197262837332348,0.0,0.0
1263.5,0.9410909090909092,0.9840000000000001,0.9840000000000001,0.9840000000000001,0.9142238031486398,0.0,0.0,0.8197272982720057,0.0,0.0
1264.0,0.9410909090909092,0.9840000000000001,0.9840000000000001,0.9840000000000001,0.9142249048256754,0.0,0.0,0.8197282860768921,0.0,0.0
1264.5,0.9410909090909092,0.9840000000000001,0.9840000000000001,0.9840000000000001,0.914226006502711,0.0,0.0,0.8197292738817784,0.0,0.0
1265.0,0.9410909090909092,0.9840000000000001,0.9840000000000001,0.9840000000000001,0.9142270934835021,0.0,0.0,0.8197302485094616,0.0,0.0
1265.5,0.9410909090909092,0.9840000000000001,0.9840000000000001,0.9840000000000001,0.9142281407844329,0.0,0.0,0.8197311875586961,0.0,0.0
1266.0,0.9410909090909092,0.9840000000000001,0.9840000000000001,0.9840000000000001,0.9142291880853637,0.0,0.0,0.8197321266079306,0.0,0.0
1266.5,0.9410909090909092,0.9840000000000001,0.9840000000000001,0.9840000000000001,0.9142302318864822,0.0,0.0,0.8197330625191023,0.0,0.0
1267.0,0.9410909090909092,0.9840000000000001,0.9840000000000001,0.9840000000000001,0.9142312270036439,0.0,0.0,0.8197339547784152,0.0,0.0
1267.5,0.9410909090909092,0.9840000000000001,0.9840000000000001,0.9840000000000001,0.9142322221208055,0.0,0.0,0.8197348470377279,0.0,0.0
1268.0,0.9410909090909092,0.9840000000000001,0.9840000000000001,0.9840000000000001,0.914233217237967,0.0,0.0,0.8197357392970407,0.0,0.0
1268.5,0.9410909090909092,0.9840000000000001,0.9840000000000001,0.9840000000000001,0.9142341691183722,0.0,0.0,0.8197365927886585,0.0,0.0
1269.0,0.9410909090909092,0.9840000000000001,0.9840000000000001,0.9840000000000001,0.9142351141851055,0.0,0.0,0.819737440170883,0.0,0.0
1269.5,0.9410909090909092,0.9840000000000001,0.9840000000000001,0.9840000000000001,0.9142360592518387,0.0,0.0,0.8197382875531074,0.0,0.0
1270.0,0.9410909090909092,0.9840000000000001,0.9840000000000001,0.9840000000000001,0.9142369726225786,0.0,0.0,0.8197391065155172,0.0,0.0
1270.5,0.9411218181818183,0.9840000000000001,0.9840000000000001,0.9840000000000001,0.9142378697131037,0.0,0.0,0.8197668343319547,0.0,0.0
1271.0,0.941189090909091,0.9840000000000001,0.9840000000000001,0.9840000000000001,0.9142387668036288,0.0,0.0,0.8198262368811071,0.0,0.0
1271.5,0.9412563636363637,0.9840000000000001,0.9840000000000001,0.9840000000000001,0.9142396428688987,0.0,0.0,0.8198856206899121,0.0,0.0
1272.0,0.9413236363636365,0.9840000000000001,0.9840000000000001,0.9840000000000001,0.9142404939983079,0.0,0.0,0.8199449822470644,0.0,0.0
1272.5,0.9413909090909092,0.9840000000000001,0.9840000000000001,0.9840000000000001,0.914241345127717,0.0,0.0,0.820004343913323,0.0,0.0
1273.0,0.9414509090909092,0.9840000000000001,0.9840000000000001,0.9840000000000001,0.9142421850686566,0.0,0.0,0.8200573606931104,0.0,0.0
1273.5,0.9413836363636364,0.9840000000000001,0.9840000000000001,0.9840000000000001,0.9142429921930219,0.0,0.0,0.8199994862392805,0.0,0.0
1274.0,0.9413163636363637,0.9840000000000001,0.9840000000000001,0.9840000000000001,0.9142437993173871,0.0,0.0,0.8199416116819855,0.0,0.0
1274.5,0.941249090909091,0.9840000000000001,0.9840000000000001,0.9840000000000001,0.9142446042921061,0.0,0.0,0.8198837350934478,0.0,0.0
1275.0,0.9411818181818183,0.9840000000000001,0.9840000000000001,0.9840000000000001,0.9142453693086943,0.0,0.0,0.819825822570303,0.0,0.0
1275.5,0.9411145454545455,0.9840000000000001,0.9840000000000001,0.9840000000000001,0.9142461343252825,0.0,0.0,0.8197679099490904,0.0,0.0
1276.0,0.9412218181818183,0.9840000000000001,0.9840000000000001,0.9840000000000001,0.9142468993418708,0.0,0.0,0.8198620370456716,0.0,0.0
1276.5,0.9414236363636365,0.9840000000000001,0.9840000000000001,0.9840000000000001,0.914247630216476,0.0,0.0,0.8200384886439972,0.0,0.0
1277.0,0.9416254545454547,0.9840000000000001,0.9840000000000001,0.9840000000000001,0.9142483549640668,0.0,0.0,0.8202149350265641,0.0,0.0
1277.5,0.9418272727272728,0.9840000000000001,0.9840000000000001,0.9840000000000001,0.9142490797116574,0.0,0.0,0.8203913816878471,0.0,0.0
1278.0,0.942029090909091,0.9840000000000001,0.9840000000000001,0.9840000000000001,0.9142497796479765,0.0,0.0,0.8205678063589534,0.0,0.0
1278.5,0.9421818181818183,0.9840000000000001,0.9840000000000001,0.9840000000000001,0.9142504659072749,0.0,0.0,0.8207014576560236,0.0,0.0
1279.0,0.9421818181818183,0.9840000000000001,0.9840000000000001,0.9840000000000001,0.9142511521665733,0.0,0.0,0.8207020736950934,0.0,0.0
1279.5,0.9421818181818183,0.9840000000000001,0.9840000000000001,0.9840000000000001,0.9142518221962072,0.0,0.0,0.8207026751651694,0.0,0.0
1280.0,0.9421818181818183,0.9840000000000001,0.9840000000000001,0.9840000000000001,0.9142524716903472,0.0,0.0,0.8207032582010083,0.0,0.0
1280.5,0.9421818181818183,0.9840000000000001,0.9840000000000001,0.9840000000000001,0.9142531211844872,0.0,0.0,0.8207038412368474,0.0,0.0
1281.0,0.9421818181818183,0.9840000000000001,0.9840000000000001,0.9840000000000001,0.9142537623167013,0.0,0.0,0.8207044167663793,0.0,0.0
1281.5,0.942238181818182,0.9840000000000001,0.9840000000000001,0.9840000000000001,0.9142543767118332,0.0,0.0,0.8207540648867344,0.0,0.0
1282.0,0.9423054545454547,0.9840000000000001,0.9840000000000001,0.9840000000000001,0.9142549911069651,0.0,0.0,0.8208132156456726,0.0,0.0
1282.5,0.9423727272727275,0.9840000000000001,0.9840000000000001,0.9840000000000001,0.9142556043288025,0.0,0.0,0.8208723654299175,0.0,0.0
1283.0,0.9424400000000002,0.9840000000000001,0.9840000000000001,0.9840000000000001,0.914256185234757,0.0,0.0,0.8209314862756029,0.0,0.0
1283.5,0.9425072727272729,0.9840000000000001,0.9840000000000001,0.9840000000000001,0.9142567661407116,0.0,0.0,0.8209906071957545,0.0,0.0
1284.0,0.9425454545454547,0.9840000000000001,0.9840000000000001,0.9840000000000001,0.9142573470466661,0.0,0.0,0.8210243879314857,0.0,0.0
1284.5,0.9425454545454547,0.9840000000000001,0.9840000000000001,0.9840000000000001,0.9142579013881312,0.0,0.0,0.8210248857430303,0.0,0.0
1285.0,0.9425454545454547,0.9840000000000001,0.9840000000000001,0.9840000000000001,0.9142584503591581,0.0,0.0,0.8210253787317963,0.0,0.0
1285.5,0.9425454545454547,0.9840000000000001,0.9840000000000001,0.9840000000000001,0.914258999330185,0.0,0.0,0.8210258717205623,0.0,0.0
1286.0,0.9425454545454547,0.9840000000000001,0.9840000000000001,0.9840000000000001,0.9142595291686129,0.0,0.0,0.8210263475278089,0.0,0.0
1286.5,0.9425472727272728,0.9840000000000001,0.9840000000000001,0.9840000000000001,0.9142600477041837,0.0,0.0,0.8210283969556853,0.0,0.0
1287.0,0.9426145454545455,0.9840000000000001,0.9840000000000001,0.9840000000000001,0.9142605662397546,0.0,0.0,0.8210874621686113,0.0,0.0
1287.5,0.9426818181818183,0.9840000000000001,0.9840000000000001,0.9840000000000001,0.914261072442286,0.0,0.0,0.8211465163710494,0.0,0.0
1288.0,0.942749090909091,0.9840000000000001,0.9840000000000001,0.9840000000000001,0.9142615619879597,0.0,0.0,0.8212055556768998,0.0,0.0
1288.5,0.9428163636363637,0.9840000000000001,0.9840000000000001,0.9840000000000001,0.9142620515336334,0.0,0.0,0.8212645950455051,0.0,0.0
1289.0,0.9428836363636364,0.9840000000000001,0.9840000000000001,0.9840000000000001,0.914262534946567,0.0,0.0,0.8213236289675456,0.0,0.0
1289.5,0.9429090909090909,0.9840000000000001,0.9840000000000001,0.9840000000000001,0.91426299689491,0.0,0.0,0.8213462168203054,0.0,0.0
1290.0,0.9429090909090909,0.9840000000000001,0.9840000000000001,0.9840000000000001,0.9142634588432529,0.0,0.0,0.8213466318207211,0.0,0.0
1290.5,0.9429090909090909,0.9840000000000001,0.9840000000000001,0.9840000000000001,0.9142639202922176,0.0,0.0,0.8213470463725105,0.0,0.0
1291.0,0.9429090909090909,0.9840000000000001,0.9840000000000001,0.9840000000000001,0.9142643559837744,0.0,0.0,0.821347437784624,0.0,0.0
1291.5,0.9429090909090909,0.9840000000000001,0.9840000000000001,0.9840000000000001,0.9142647916753313,0.0,0.0,0.8213478291967375,0.0,0.0
1292.0,0.9429090909090909,0.9840000000000001,0.9840000000000001,0.9840000000000001,0.914265227366888,0.0,0.0,0.8213482206088509,0.0,0.0
1292.5,0.9429090909090909,0.9840000000000001,0.9840000000000001,0.9840000000000001,0.9142656426897694,0.0,0.0,0.8213485937223627,0.0,0.0
1293.0,0.9429090909090909,0.9840000000000001,0.9840000000000001,0.9840000000000001,0.9142660534140785,0.0,0.0,0.8213489627046562,0.0,0.0
1293.5,0.9429090909090909,0.9840000000000001,0.9840000000000001,0.9840000000000001,0.9142664641383877,0.0,0.0,0.8213493316869498,0.0,0.0
1294.0,0.9429090909090909,0.9840000000000001,0.9840000000000001,0.9840000000000001,0.9142668603268336,0.0,0.0,0.8213496876106634,0.0,0.0
1294.5,0.9429090909090909,0.9840000000000001,0.9840000000000001,0.9840000000000001,0.9142672473234834,0.0,0.0,0.8213500352767457,0.0,0.0
1295.0,0.9429636363636363,0.9840000000000001,0.9840000000000001,0.9840000000000001,0.9142676343201332,0.0,0.0,0.8213978964628591,0.0,0.0
1295.5,0.943030909090909,0.9840000000000001,0.9840000000000001,0.9840000000000001,0.9142680120899517,0.0,0.0,0.8214568358917195,0.0,0.0
1296.0,0.9430981818181817,0.9840000000000001,0.9840000000000001,0.9840000000000001,0.914268376549671,0.0,0.0,0.8215157634092176,0.0,0.0
1296.5,0.9431654545454544,0.9840000000000001,0.9840000000000001,0.9840000000000001,0.9142687410093904,0.0,0.0,0.8215746909734362,0.0,0.0
1297.0,0.9432327272727271,0.9840000000000001,0.9840000000000001,0.9840000000000001,0.9142691010575468,0.0,0.0,0.8216336146197996,0.0,0.0
1297.5,0.9432727272727272,0.9840000000000001,0.9840000000000001,0.9840000000000001,0.9142694441233272,0.0,0.0,0.8216687662424974,0.0,0.0
1298.0,0.9432727272727272,0.9840000000000001,0.9840000000000001,0.9840000000000001,0.9142697871891078,0.0,0.0,0.8216690745612742,0.0,0.0
1298.5,0.9432727272727272,0.9840000000000001,0.9840000000000001,0.9840000000000001,0.9142701301939348,0.0,0.0,0.821669382825271,0.0,0.0
1299.0,0.9432727272727272,0.9840000000000001,0.9840000000000001,0.9840000000000001,0.9142704529621787,0.0,0.0,0.8216696729023226,0.0,0.0
1299.5,0.9432727272727272,0.9840000000000001,0.9840000000000001,0.9840000000000001,0.9142707757304226,0.0,0.0,0.8216699629793743,0.0,0.0
1300.0,0.9432727272727272,0.9840000000000001,0.9840000000000001,0.9840000000000001,0.9142710984986665,0.0,0.0,0.8216702530564259,0.0,0.0
1300.5,0.9433399999999998,0.9840000000000001,0.9840000000000001,0.9840000000000001,0.9142714058735203,0.0,0.0,0.821729129548965,0.0,0.0
1301.0,0.9434072727272726,0.9840000000000001,0.9840000000000001,0.9840000000000001,0.9142717093952101,0.0,0.0,0.8217880026175116,0.0,0.0
1301.5,0.9434745454545453,0.9840000000000001,0.9840000000000001,0.9840000000000001,0.9142720129168997,0.0,0.0,0.8218468757249664,0.0,0.0
1302.0,0.9435418181818181,0.9840000000000001,0.9840000000000001,0.9840000000000001,0.9142723055567845,0.0,0.0,0.8219057390888855,0.0,0.0
1302.5,0.9436090909090908,0.9840000000000001,0.9840000000000001,0.9840000000000001,0.9142725908386703,0.0,0.0,0.8219645958752072,0.0,0.0
1303.0,0.9436363636363636,0.9840000000000001,0.9840000000000001,0.9840000000000001,0.9142728761205561,0.0,0.0,0.8219886092503081,0.0,0.0
1303.5,0.9436363636363636,0.9840000000000001,0.9840000000000001,0.9840000000000001,0.9142731546061446,0.0,0.0,0.8219888596263037,0.0,0.0
1304.0,0.9436363636363636,0.9840000000000001,0.9840000000000001,0.9840000000000001,0.9142734226119463,0.0,0.0,0.8219891005803143,0.0,0.0
1304.5,0.9436363636363636,0.9840000000000001,0.9840000000000001,0.9840000000000001,0.9142736906177481,0.0,0.0,0.8219893415343249,0.0,0.0
1305.0,0.9436363636363636,0.9840000000000001,0.9840000000000001,0.9840000000000001,0.9142739555131447,0.0,0.0,0.8219895796918864,0.0,0.0
1305.5,0.9436363636363636,0.9840000000000001,0.9840000000000001,0.9840000000000001,0.9142742071647635,0.0,0.0,0.8219898059424615,0.0,0.0
1306.0,0.9436363636363636,0.9840000000000001,0.9840000000000001,0.9840000000000001,0.9142744588163823,0.0,0.0,0.8219900321930368,0.0,0.0
1306.5,0.9436363636363636,0.9840000000000001,0.9840000000000001,0.9840000000000001,0.914274710468001,0.0,0.0,0.821990258443612,0.0,0.0
1307.0,0.9436363636363636,0.9840000000000001,0.9840000000000001,0.9840000000000001,0.9142749468480861,0.0,0.0,0.8219904709641214,0.0,0.0
1307.5,0.9436363636363636,0.9840000000000001,0.9840000000000001,0.9840000000000001,0.9142751830268223,0.0,0.0,0.8219906833036056,0.0,0.0
1308.0,0.9436363636363636,0.9840000000000001,0.9840000000000001,0.9840000000000001,0.9142754192055585,0.0,0.0,0.8219908956430898,0.0,0.0
1308.5,0.9436890909090909,0.9840000000000001,0.9840000000000001,0.9840000000000001,0.9142756439167853,0.0,0.0,0.82203702781097,0.0,0.0
1309.0,0.9437563636363636,0.9840000000000001,0.9840000000000001,0.9840000000000001,0.9142758654645611,0.0,0.0,0.8220958275430477,0.0,0.0
1309.5,0.9438236363636364,0.9840000000000001,0.9840000000000001,0.9840000000000001,0.9142760870123369,0.0,0.0,0.8221546273035258,0.0,0.0
1310.0,0.9438909090909091,0.9840000000000001,0.9840000000000001,0.9840000000000001,0.9142763005323117,0.0,0.0,0.822213419872961,0.0,0.0
1310.5,0.9439581818181819,0.9840000000000001,0.9840000000000001,0.9840000000000001,0.9142765082528922,0.0,0.0,0.8222722072539705,0.0,0.0
1311.0,0.9440254545454546,0.9840000000000001,0.9840000000000001,0.9840000000000001,0.9142767159734728,0.0,0.0,0.8223309946616075,0.0,0.0
1311.5,0.9440927272727273,0.9840000000000001,0.9840000000000001,0.9840000000000001,0.9142769187653662,0.0,0.0,0.8223897776625306,0.0,0.0
1312.0,0.94416,0.9840000000000001,0.9840000000000001,0.9840000000000001,0.9142771134255794,0.0,0.0,0.8224485533745026,0.0,0.0
1312.5,0.9442272727272728,0.9840000000000001,0.9840000000000001,0.9840000000000001,0.9142773080857927,0.0,0.0,0.8225073291114283,0.0,0.0
1313.0,0.9442945454545455,0.9840000000000001,0.9840000000000001,0.9840000000000001,0.9142775005985666,0.0,0.0,0.8225661029412782,0.0,0.0
1313.5,0.9443618181818182,0.9840000000000001,0.9840000000000001,0.9840000000000001,0.9142776829295168,0.0,0.0,0.8226248676346712,0.0,0.0
1314.0,0.9443636363636364,0.9840000000000001,0.9840000000000001,0.9840000000000001,0.9142778652604671,0.0,0.0,0.8226266154893702,0.0,0.0
1314.5,0.9443636363636364,0.9840000000000001,0.9840000000000001,0.9840000000000001,0.9142780475914172,0.0,0.0,0.822626779542661,0.0,0.0
1315.0,0.9443636363636364,0.9840000000000001,0.9840000000000001,0.9840000000000001,0.9142782186273763,0.0,0.0,0.8226269334332204,0.0,0.0
1315.5,0.9443636363636364,0.9840000000000001,0.9840000000000001,0.9840000000000001,0.9142783893256502,0.0,0.0,0.8226270870199457,0.0,0.0
1316.0,0.9443636363636364,0.9840000000000001,0.9840000000000001,0.9840000000000001,0.914278560023924,0.0,0.0,0.8226272406066709,0.0,0.0
1316.5,0.9443636363636364,0.9840000000000001,0.9840000000000001,0.9840000000000001,0.914278722300237,0.0,0.0,0.8226273866156898,0.0,0.0
1317.0,0.9443636363636364,0.9840000000000001,0.9840000000000001,0.9840000000000001,0.9142788820290988,0.0,0.0,0.8226275303326253,0.0,0.0
1317.5,0.9443636363636364,0.9840000000000001,0.9840000000000001,0.9840000000000001,0.9142790417579607,0.0,0.0,0.8226276740495608,0.0,0.0
1318.0,0.9443636363636364,0.9840000000000001,0.9840000000000001,0.9840000000000001,0.914279195650192,0.0,0.0,0.8226278125149554,0.0,0.0
1318.5,0.9443636363636364,0.9840000000000001,0.9840000000000001,0.9840000000000001,0.9142793450407669,0.0,0.0,0.8226279469299596,0.0,0.0
1319.0,0.9443745454545455,0.9840000000000001,0.9840000000000001,0.9840000000000001,0.9142794944313418,0.0,0.0,0.8226375841722414,0.0,0.0
1319.5,0.9444418181818183,0.9840000000000001,0.9840000000000001,0.9840000000000001,0.9142796403029316,0.0,0.0,0.8226963162000978,0.0,0.0
1320.0,0.944509090909091,0.9840000000000001,0.9840000000000001,0.9840000000000001,0.9142797799553734,0.0,0.0,0.8227550426500783,0.0,0.0
1320.5,0.9445763636363638,0.9840000000000001,0.9840000000000001,0.9840000000000001,0.9142799196078151,0.0,0.0,0.8228137691179608,0.0,0.0
1321.0,0.9446436363636365,0.9840000000000001,0.9840000000000001,0.9840000000000001,0.9142800578102946,0.0,0.0,0.822872494298747,0.0,0.0
1321.5,0.9447109090909093,0.9840000000000001,0.9840000000000001,0.9840000000000001,0.9142801882949376,0.0,0.0,0.8229312125505294,0.0,0.0
1322.0,0.9447272727272729,0.9840000000000001,0.9840000000000001,0.9840000000000001,0.9142803187795807,0.0,0.0,0.8229455842517578,0.0,0.0
1322.5,0.9447272727272729,0.9840000000000001,0.9840000000000001,0.9840000000000001,0.9142804492642237,0.0,0.0,0.8229457017012517,0.0,0.0
1323.0,0.9447272727272729,0.9840000000000001,0.9840000000000001,0.9840000000000001,0.9142805715112824,0.0,0.0,0.8229458117360792,0.0,0.0
1323.5,0.9447272727272729,0.9840000000000001,0.9840000000000001,0.9840000000000001,0.9142806933697757,0.0,0.0,0.8229459214211582,0.0,0.0
1324.0,0.9447272727272729,0.9840000000000001,0.9840000000000001,0.9840000000000001,0.9142808152282691,0.0,0.0,0.8229460311062372,0.0,0.0
1324.5,0.9447272727272729,0.9840000000000001,0.9840000000000001,0.9840000000000001,0.9142809309884976,0.0,0.0,0.8229461353022556,0.0,0.0
1325.0,0.9447272727272729,0.9840000000000001,0.9840000000000001,0.9840000000000001,0.9142810447349184,0.0,0.0,0.8229462376856416,0.0,0.0
1325.5,0.9447272727272729,0.9840000000000001,0.9840000000000001,0.9840000000000001,0.9142811584813392,0.0,0.0,0.8229463400690274,0.0,0.0
1326.0,0.9447272727272729,0.9840000000000001,0.9840000000000001,0.9840000000000001,0.9142812680453659,0.0,0.0,0.8229464386878319,0.0,0.0
1326.5,0.9447272727272729,0.9840000000000001,0.9840000000000001,0.9840000000000001,0.9142813741673128,0.0,0.0,0.8229465342084132,0.0,0.0
1327.0,0.9447272727272729,0.9840000000000001,0.9840000000000001,0.9840000000000001,0.9142814802892597,0.0,0.0,0.8229466297289947,0.0,0.0
1327.5,0.9447909090909092,0.9840000000000001,0.9840000000000001,0.9840000000000001,0.9142815839377455,0.0,0.0,0.8230021563090165,0.0,0.0
1328.0,0.9448581818181819,0.9840000000000001,0.9840000000000001,0.9840000000000001,0.9142816828974095,0.0,0.0,0.823060846297295,0.0,0.0
1328.5,0.9449254545454546,0.9840000000000001,0.9840000000000001,0.9840000000000001,0.9142817818570734,0.0,0.0,0.8231195362982592,0.0,0.0
1329.0,0.9449927272727274,0.9840000000000001,0.9840000000000001,0.9840000000000001,0.9142818798609094,0.0,0.0,0.8231782254513245,0.0,0.0
1329.5,0.9450600000000001,0.9840000000000001,0.9840000000000001,0.9840000000000001,0.9142819720961209,0.0,0.0,0.8232369094227735,0.0,0.0
1330.0,0.9450909090909092,0.9840000000000001,0.9840000000000001,0.9840000000000001,0.9142820643313325,0.0,0.0,0.8232639172260836,0.0,0.0
1330.5,0.9450909090909092,0.9840000000000001,0.9840000000000001,0.9840000000000001,0.9142821565665441,0.0,0.0,0.8232640002791419,0.0,0.0
1331.0,0.9450909090909092,0.9840000000000001,0.9840000000000001,0.9840000000000001,0.9142822428770896,0.0,0.0,0.8232640779973435,0.0,0.0
1331.5,0.9450909090909092,0.9840000000000001,0.9840000000000001,0.9840000000000001,0.9142823288023424,0.0,0.0,0.8232641553686089,0.0,0.0
1332.0,0.9450909090909092,0.9840000000000001,0.9840000000000001,0.9840000000000001,0.9142824147275951,0.0,0.0,0.8232642327398741,0.0,0.0
1332.5,0.9450909090909092,0.9840000000000001,0.9840000000000001,0.9840000000000001,0.914282496298908,0.0,0.0,0.8232643061906408,0.0,0.0
1333.0,0.9450909090909092,0.9840000000000001,0.9840000000000001,0.9840000000000001,0.9142825763063569,0.0,0.0,0.8232643782332285,0.0,0.0
1333.5,0.9450909090909092,0.9840000000000001,0.9840000000000001,0.9840000000000001,0.9142826563138057,0.0,0.0,0.8232644502758161,0.0,0.0
1334.0,0.9450909090909092,0.9840000000000001,0.9840000000000001,0.9840000000000001,0.9142827333672883,0.0,0.0,0.8232645196585092,0.0,0.0
1334.5,0.9450909090909092,0.9840000000000001,0.9840000000000001,0.9840000000000001,0.9142828078277216,0.0,0.0,0.8232645867062951,0.0,0.0
1335.0,0.9450909090909092,0.9840000000000001,0.9840000000000001,0.9840000000000001,0.9142828822881549,0.0,0.0,0.8232646537540809,0.0,0.0
1335.5,0.9451400000000001,0.9840000000000001,0.9840000000000001,0.9840000000000001,0.91428295503718,0.0,0.0,0.8233074821454412,0.0,0.0
1336.0,0.9452072727272729,0.9840000000000001,0.9840000000000001,0.9840000000000001,0.9142830243009665,0.0,0.0,0.8233661455116138,0.0,0.0
1336.5,0.9452745454545456,0.9840000000000001,0.9840000000000001,0.9840000000000001,0.914283093564753,0.0,0.0,0.8234248088866652,0.0,0.0
1337.0,0.9453418181818184,0.9840000000000001,0.9840000000000001,0.9840000000000001,0.9142831622148377,0.0,0.0,0.8234834717178422,0.0,0.0
1337.5,0.9454090909090911,0.9840000000000001,0.9840000000000001,0.9840000000000001,0.9142832266128459,0.0,0.0,0.8235421307277542,0.0,0.0
1338.0,0.9454545454545457,0.9840000000000001,0.9840000000000001,0.9840000000000001,0.914283291010854,0.0,0.0,0.8235817840124442,0.0,0.0
1338.5,0.9454545454545457,0.9840000000000001,0.9840000000000001,0.9840000000000001,0.9142833554088622,0.0,0.0,0.8235818420218457,0.0,0.0
1339.0,0.9454545454545457,0.9840000000000001,0.9840000000000001,0.9840000000000001,0.9142834156043242,0.0,0.0,0.8235818962456147,0.0,0.0
1339.5,0.9454545454545457,0.9840000000000001,0.9840000000000001,0.9840000000000001,0.9142834754488145,0.0,0.0,0.8235819501532301,0.0,0.0
1340.0,0.9454545454545457,0.9840000000000001,0.9840000000000001,0.9840000000000001,0.9142835352933047,0.0,0.0,0.8235820040608456,0.0,0.0
1340.5,0.9454545454545457,0.9840000000000001,0.9840000000000001,0.9840000000000001,0.9142835920725091,0.0,0.0,0.8235820552072669,0.0,0.0
1341.0,0.9455163636363638,0.9840000000000001,0.9840000000000001,0.9840000000000001,0.9142836476579997,0.0,0.0,0.8236359548775882,0.0,0.0
1341.5,0.9455836363636366,0.9840000000000001,0.9840000000000001,0.9840000000000001,0.9142837032434905,0.0,0.0,0.8236946059899691,0.0,0.0
1342.0,0.9456509090909093,0.9840000000000001,0.9840000000000001,0.9840000000000001,0.9142837567725297,0.0,0.0,0.8237532552566493,0.0,0.0
1342.5,0.9457181818181821,0.9840000000000001,0.9840000000000001,0.9840000000000001,0.9142838083766347,0.0,0.0,0.8238119027957372,0.0,0.0
1343.0,0.9457854545454548,0.9840000000000001,0.9840000000000001,0.9840000000000001,0.9142838599807396,0.0,0.0,0.8238705503414399,0.0,0.0
1343.5,0.9458527272727275,0.9840000000000001,0.9840000000000001,0.9840000000000001,0.9142839104193609,0.0,0.0,0.8239291968434538,0.0,0.0
1344.0,0.9459200000000002,0.9840000000000001,0.9840000000000001,0.9840000000000001,0.9142839583035997,0.0,0.0,0.8239878410498259,0.0,0.0
1344.5,0.9459872727272729,0.9840000000000001,0.9840000000000001,0.9840000000000001,0.9142840061878384,0.0,0.0,0.8240464852623361,0.0,0.0
1345.0,0.9460545454545456,0.9840000000000001,0.9840000000000001,0.9840000000000001,0.9142840536895924,0.0,0.0,0.8241051291362256,0.0,0.0
1345.5,0.9461218181818183,0.9840000000000001,0.9840000000000001,0.9840000000000001,0.914284098100174,0.0,0.0,0.8241637702297265,0.0,0.0
1346.0,0.9461818181818182,0.9840000000000001,0.9840000000000001,0.9840000000000001,0.9142841425107556,0.0,0.0,0.8242160760785281,0.0,0.0
1346.5,0.9461818181818182,0.9840000000000001,0.9840000000000001,0.9840000000000001,0.9142841869213372,0.0,0.0,0.8242161161141293,0.0,0.0
1347.0,0.9461818181818182,0.9840000000000001,0.9840000000000001,0.9840000000000001,0.9142842283917233,0.0,0.0,0.8242161534991798,0.0,0.0
1347.5,0.9461818181818182,0.9840000000000001,0.9840000000000001,0.9840000000000001,0.9142842695603013,0.0,0.0,0.824216190612154,0.0,0.0
1348.0,0.9461818181818182,0.9840000000000001,0.9840000000000001,0.9840000000000001,0.9142843107288792,0.0,0.0,0.8242162277251281,0.0,0.0
1348.5,0.9461818181818182,0.9840000000000001,0.9840000000000001,0.9840000000000001,0.914284349769333,0.0,0.0,0.8242162629196242,0.0,0.0
1349.0,0.9461818181818182,0.9840000000000001,0.9840000000000001,0.9840000000000001,0.9142843879137346,0.0,0.0,0.82421629730634,0.0,0.0
1349.5,0.9461818181818182,0.9840000000000001,0.9840000000000001,0.9840000000000001,0.9142844260581361,0.0,0.0,0.8242163316930559,0.0,0.0
1350.0,0.9461818181818182,0.9840000000000001,0.9840000000000001,0.9840000000000001,0.9142844627913895,0.0,0.0,0.8242163648076387,0.0,0.0
1350.5,0.9461818181818182,0.9840000000000001,0.9840000000000001,0.9840000000000001,0.9142844981163171,0.0,0.0,0.8242163966526328,0.0,0.0
1351.0,0.9461818181818182,0.9840000000000001,0.9840000000000001,0.9840000000000001,0.9142845334412447,0.0,0.0,0.8242164284976271,0.0,0.0
1351.5,0.9461818181818182,0.9840000000000001,0.9840000000000001,0.9840000000000001,0.9142845679851064,0.0,0.0,0.8242164596384998,0.0,0.0
1352.0,0.9461818181818182,0.9840000000000001,0.9840000000000001,0.9840000000000001,0.9142846006828124,0.0,0.0,0.8242164891150856,0.0,0.0
1352.5,0.9461818181818182,0.9840000000000001,0.9840000000000001,0.9840000000000001,0.9142846333805185,0.0,0.0,0.8242165185916714,0.0,0.0
1353.0,0.9461818181818182,0.9840000000000001,0.9840000000000001,0.9840000000000001,0.914284665847998,0.0,0.0,0.8242165478607107,0.0,0.0
1353.5,0.9461818181818182,0.9840000000000001,0.9840000000000001,0.9840000000000001,0.9142846960989346,0.0,0.0,0.8242165751315635,0.0,0.0
1354.0,0.9461818181818182,0.9840000000000001,0.9840000000000001,0.9840000000000001,0.9142847263498712,0.0,0.0,0.8242166024024165,0.0,0.0
1354.5,0.9462418181818183,0.9840000000000001,0.9840000000000001,0.9840000000000001,0.9142847566008079,0.0,0.0,0.8242688955241132,0.0,0.0
1355.0,0.946309090909091,0.9840000000000001,0.9840000000000001,0.9840000000000001,0.9142847848227449,0.0,0.0,0.8243275220747615,0.0,0.0
1355.5,0.9463763636363638,0.9840000000000001,0.9840000000000001,0.9840000000000001,0.9142848127961863,0.0,0.0,0.8243861484049658,0.0,0.0
1356.0,0.9464436363636366,0.9840000000000001,0.9840000000000001,0.9840000000000001,0.9142848407696278,0.0,0.0,0.8244447747387559,0.0,0.0
1356.5,0.9465109090909093,0.9840000000000001,0.9840000000000001,0.9840000000000001,0.9142848672859961,0.0,0.0,0.8245033997621414,0.0,0.0
1357.0,0.9465454545454548,0.9840000000000001,0.9840000000000001,0.9840000000000001,0.9142848931406368,0.0,0.0,0.8245335155419641,0.0,0.0
1357.5,0.9465454545454548,0.9840000000000001,0.9840000000000001,0.9840000000000001,0.9142849189952775,0.0,0.0,0.8245335388585671,0.0,0.0
1358.0,0.9465454545454548,0.9840000000000001,0.9840000000000001,0.9840000000000001,0.9142849438954288,0.0,0.0,0.8245335613143786,0.0,0.0
1358.5,0.9465454545454548,0.9840000000000001,0.9840000000000001,0.9840000000000001,0.914284967779956,0.0,0.0,0.8245335828542656,0.0,0.0
1359.0,0.9465454545454548,0.9840000000000001,0.9840000000000001,0.9840000000000001,0.9142849916644833,0.0,0.0,0.8245336043941525,0.0,0.0
1359.5,0.9465454545454548,0.9840000000000001,0.9840000000000001,0.9840000000000001,0.9142850150340167,0.0,0.0,0.8245336254696003,0.0,0.0
1360.0,0.9465454545454548,0.9840000000000001,0.9840000000000001,0.9840000000000001,0.9142850370876588,0.0,0.0,0.8245336453583322,0.0,0.0
1360.5,0.9465454545454548,0.9840000000000001,0.9840000000000001,0.9840000000000001,0.914285059141301,0.0,0.0,0.8245336652470641,0.0,0.0
1361.0,0.9465454545454548,0.9840000000000001,0.9840000000000001,0.9840000000000001,0.9142850810621642,0.0,0.0,0.8245336850160513,0.0,0.0
1361.5,0.9465454545454548,0.9840000000000001,0.9840000000000001,0.9840000000000001,0.9142851014152157,0.0,0.0,0.8245337033711321,0.0,0.0
1362.0,0.9465454545454548,0.9840000000000001,0.9840000000000001,0.9840000000000001,0.9142851217682672,0.0,0.0,0.8245337217262129,0.0,0.0
1362.5,0.9465909090909094,0.9840000000000001,0.9840000000000001,0.9840000000000001,0.9142851421213187,0.0,0.0,0.8245733354395383,0.0,0.0
1363.0,0.9466581818181821,0.9840000000000001,0.9840000000000001,0.9840000000000001,0.9142851610931798,0.0,0.0,0.8246319536812533,0.0,0.0
1363.5,0.9467254545454548,0.9840000000000001,0.9840000000000001,0.9840000000000001,0.9142851798675022,0.0,0.0,0.8246905717472195,0.0,0.0
1364.0,0.9467927272727275,0.9840000000000001,0.9840000000000001,0.9840000000000001,0.9142851986418248,0.0,0.0,0.8247491898155924,0.0,0.0
1364.5,0.9468600000000001,0.9840000000000001,0.9840000000000001,0.9840000000000001,0.9142852164322681,0.0,0.0,0.8248078069987812,0.0,0.0
1365.0,0.946909090909091,0.9840000000000001,0.9840000000000001,0.9840000000000001,0.9142852337417692,0.0,0.0,0.8248505856054603,0.0,0.0
1365.5,0.946909090909091,0.9840000000000001,0.9840000000000001,0.9840000000000001,0.9142852510512702,0.0,0.0,0.8248506012217598,0.0,0.0
1366.0,0.946909090909091,0.9840000000000001,0.9840000000000001,0.9840000000000001,0.9142852677243983,0.0,0.0,0.824850616263936,0.0,0.0
1366.5,0.946909090909091,0.9840000000000001,0.9840000000000001,0.9840000000000001,0.9142852836754881,0.0,0.0,0.8248506306547029,0.0,0.0
1367.0,0.946909090909091,0.9840000000000001,0.9840000000000001,0.9840000000000001,0.9142852996265779,0.0,0.0,0.8248506450454699,0.0,0.0
1367.5,0.946909090909091,0.9840000000000001,0.9840000000000001,0.9840000000000001,0.9142853152436818,0.0,0.0,0.8248506591349212,0.0,0.0
1368.0,0.946909090909091,0.9840000000000001,0.9840000000000001,0.9840000000000001,0.9142853299357082,0.0,0.0,0.8248506723897854,0.0,0.0
1368.5,0.946909090909091,0.9840000000000001,0.9840000000000001,0.9840000000000001,0.9142853446277346,0.0,0.0,0.8248506856446495,0.0,0.0
1369.0,0.946909090909091,0.9840000000000001,0.9840000000000001,0.9840000000000001,0.914285359247374,0.0,0.0,0.8248506988342075,0.0,0.0
1369.5,0.946909090909091,0.9840000000000001,0.9840000000000001,0.9840000000000001,0.9142853727730375,0.0,0.0,0.8248507110368014,0.0,0.0
1370.0,0.946909090909091,0.9840000000000001,0.9840000000000001,0.9840000000000001,0.9142853862987009,0.0,0.0,0.8248507232393953,0.0,0.0
1370.5,0.9469400000000001,0.9840000000000001,0.9840000000000001,0.9840000000000001,0.9142853998243644,0.0,0.0,0.8248776602931847,0.0,0.0
1371.0,0.9470072727272729,0.9840000000000001,0.9840000000000001,0.9840000000000001,0.9142854124225325,0.0,0.0,0.8249362728069077,0.0,0.0
1371.5,0.9470745454545457,0.9840000000000001,0.9840000000000001,0.9840000000000001,0.91428542486828,0.0,0.0,0.8249948851847109,0.0,0.0
1372.0,0.9471418181818184,0.9840000000000001,0.9840000000000001,0.9840000000000001,0.9142854373140274,0.0,0.0,0.8250534975641093,0.0,0.0
1372.5,0.9472090909090912,0.9840000000000001,0.9840000000000001,0.9840000000000001,0.9142854491045472,0.0,0.0,0.8251121093537821,0.0,0.0
1373.0,0.9472727272727276,0.9840000000000001,0.9840000000000001,0.9840000000000001,0.9142854605509475,0.0,0.0,0.8251675532046251,0.0,0.0
1373.5,0.9472727272727276,0.9840000000000001,0.9840000000000001,0.9840000000000001,0.9142854719973478,0.0,0.0,0.8251675635353134,0.0,0.0
1374.0,0.9472727272727276,0.9840000000000001,0.9840000000000001,0.9840000000000001,0.9142854830255459,0.0,0.0,0.8251675734885628,0.0,0.0
1374.5,0.9472727272727276,0.9840000000000001,0.9840000000000001,0.9840000000000001,0.9142854935476455,0.0,0.0,0.8251675829850446,0.0,0.0
1375.0,0.9472727272727276,0.9840000000000001,0.9840000000000001,0.9840000000000001,0.9142855040697451,0.0,0.0,0.8251675924815263,0.0,0.0
1375.5,0.9472727272727276,0.9840000000000001,0.9840000000000001,0.9840000000000001,0.9142855143788764,0.0,0.0,0.8251676017857983,0.0,0.0
1376.0,0.9472727272727276,0.9840000000000001,0.9840000000000001,0.9840000000000001,0.9142855240465375,0.0,0.0,0.8251676105111261,0.0,0.0
1376.5,0.9472727272727276,0.9840000000000001,0.9840000000000001,0.9840000000000001,0.9142855337141986,0.0,0.0,0.8251676192364538,0.0,0.0
1377.0,0.9472727272727276,0.9840000000000001,0.9840000000000001,0.9840000000000001,0.9142855433455092,0.0,0.0,0.8251676279289741,0.0,0.0
1377.5,0.9472727272727276,0.9840000000000001,0.9840000000000001,0.9840000000000001,0.9142855522237303,0.0,0.0,0.8251676359418108,0.0,0.0
1378.0,0.9472727272727276,0.9840000000000001,0.9840000000000001,0.9840000000000001,0.9142855611019516,0.0,0.0,0.8251676439546475,0.0,0.0
1378.5,0.9472890909090912,0.9840000000000001,0.9840000000000001,0.9840000000000001,0.9142855699801727,0.0,0.0,0.8251819063031227,0.0,0.0
1379.0,0.9473563636363639,0.9840000000000001,0.9840000000000001,0.9840000000000001,0.9142855782439604,0.0,0.0,0.8252405149197,0.0,0.0
1379.5,0.9474236363636366,0.9840000000000001,0.9840000000000001,0.9840000000000001,0.9142855863931804,0.0,0.0,0.82529912343392,0.0,0.0
1380.0,0.9474909090909092,0.9840000000000001,0.9840000000000001,0.9840000000000001,0.9142855945424002,0.0,0.0,0.8253577319491843,0.0,0.0
1380.5,0.9475581818181819,0.9840000000000001,0.9840000000000001,0.9840000000000001,0.9142856022612481,0.0,0.0,0.8254163400769539,0.0,0.0
1381.0,0.9476254545454545,0.9840000000000001,0.9840000000000001,0.9840000000000001,0.914285609737633,0.0,0.0,0.8254749479868019,0.0,0.0
1381.5,0.9476363636363636,0.9840000000000001,0.9840000000000001,0.9840000000000001,0.9142856172140179,0.0,0.0,0.8254844576278723,0.0,0.0
1382.0,0.9476363636363636,0.9840000000000001,0.9840000000000001,0.9840000000000001,0.9142856244195201,0.0,0.0,0.8254844641335308,0.0,0.0
1382.5,0.9476363636363636,0.9840000000000001,0.9840000000000001,0.9840000000000001,0.9142856312752358,0.0,0.0,0.8254844703233764,0.0,0.0
1383.0,0.9476363636363636,0.9840000000000001,0.9840000000000001,0.9840000000000001,0.9142856381309514,0.0,0.0,0.8254844765132219,0.0,0.0
1383.5,0.9476363636363636,0.9840000000000001,0.9840000000000001,0.9840000000000001,0.9142856448532002,0.0,0.0,0.8254844825825637,0.0,0.0
1384.0,0.9477818181818181,0.9840000000000001,0.9840000000000001,0.9840000000000001,0.9142856511366692,0.0,0.0,0.825611193472666,0.0,0.0
1384.5,0.9481181818181817,0.9840000000000001,0.9840000000000001,0.9840000000000001,0.914285657420138,0.0,0.0,0.8259042049628647,0.0,0.0
1385.0,0.9484545454545454,0.9840000000000001,0.9840000000000001,0.9840000000000001,0.9142856636877714,0.0,0.0,0.8261972164427811,0.0,0.0
1385.5,0.9487909090909091,0.9840000000000001,0.9840000000000001,0.9840000000000001,0.9142856694439159,0.0,0.0,0.8264902274643421,0.0,0.0
1386.0,0.9491272727272729,0.9840000000000001,0.9840000000000001,0.9840000000000001,0.9142856752000603,0.0,0.0,0.8267832384895926,0.0,0.0
1386.5,0.9494490909090911,0.9840000000000001,0.9840000000000001,0.9840000000000001,0.9142856809562048,0.0,0.0,0.8270635789964269,0.0,0.0
1387.0,0.9492472727272729,0.9840000000000001,0.9840000000000001,0.9840000000000001,0.9142856863107816,0.0,0.0,0.8268877803449368,0.0,0.0
1387.5,0.9490454545454546,0.9840000000000001,0.9840000000000001,0.9840000000000001,0.9142856915812526,0.0,0.0,0.8267119816153377,0.0,0.0
1388.0,0.9488436363636364,0.9840000000000001,0.9840000000000001,0.9840000000000001,0.9142856968517237,0.0,0.0,0.8265361828837116,0.0,0.0
1388.5,0.9486418181818183,0.9840000000000001,0.9840000000000001,0.9840000000000001,0.9142857018433866,0.0,0.0,0.8263603838980634,0.0,0.0
1389.0,0.9484400000000001,0.9840000000000001,0.9840000000000001,0.9840000000000001,0.9142857066667803,0.0,0.0,0.8261845847584406,0.0,0.0
1389.5,0.9483636363636364,0.9840000000000001,0.9840000000000001,0.9840000000000001,0.9142857114901739,0.0,0.0,0.826118068873773,0.0,0.0
1390.0,0.9483636363636364,0.9840000000000001,0.9840000000000001,0.9840000000000001,0.9142857142857144,0.0,0.0,0.8261180713997301,0.0,0.0
1390.5,0.9483636363636364,0.9840000000000001,0.9840000000000001,0.9840000000000001,0.9142857142857144,0.0,0.0,0.8261180713997301,0.0,0.0
1391.0,0.9483636363636364,0.9840000000000001,0.9840000000000001,0.9840000000000001,0.9142857142857144,0.0,0.0,0.8261180713997301,0.0,0.0
1391.5,0.9483636363636364,0.9840000000000001,0.9840000000000001,0.9840000000000001,0.9142857142857144,0.0,0.0,0.8261180713997301,0.0,0.0
1392.0,0.9483636363636364,0.9840000000000001,0.9840000000000001,0.9840000000000001,0.9142857142857144,0.0,0.0,0.8261180713997301,0.0,0.0
1392.5,0.9483636363636364,0.9840000000000001,0.9840000000000001,0.9840000000000001,0.9142857142857144,0.0,0.0,0.8261180713997301,0.0,0.0
1393.0,0.9483636363636364,0.9840000000000001,0.9840000000000001,0.9840000000000001,0.9142857142857144,0.0,0.0,0.8261180713997301,0.0,0.0
1393.5,0.9483636363636364,0.9840000000000001,0.9840000000000001,0.9840000000000001,0.9142857142857144,0.0,0.0,0.8261180713997301,0.0,0.0
1394.0,0.9483636363636364,0.9840000000000001,0.9840000000000001,0.9840000000000001,0.9142857142857144,0.0,0.0,0.8261180713997301,0.0,0.0
1394.5,0.9483636363636364,0.9840000000000001,0.9840000000000001,0.9840000000000001,0.9142857142857144,0.0,0.0,0.8261180713997301,0.0,0.0
1395.0,0.9483636363636364,0.9840000000000001,0.9840000000000001,0.9840000000000001,0.9142857142857144,0.0,0.0,0.8261180713997301,0.0,0.0
1395.5,0.9483636363636364,0.9840000000000001,0.9840000000000001,0.9840000000000001,0.9142857142857144,0.0,0.0,0.8261180713997301,0.0,0.0
1396.0,0.9483636363636364,0.9840000000000001,0.9840000000000001,0.9840000000000001,0.9142857142857144,0.0,0.0,0.8261180713997301,0.0,0.0
1396.5,0.9483636363636364,0.9840000000000001,0.9840000000000001,0.9840000000000001,0.9142857142857144,0.0,0.0,0.8261180713997301,0.0,0.0
1397.0,0.9483636363636364,0.9840000000000001,0.9840000000000001,0.9840000000000001,0.9142857142857144,0.0,0.0,0.8261180713997301,0.0,0.0
1397.5,0.9483909090909092,0.9840000000000001,0.9840000000000001,0.9840000000000001,0.9142857142857144,0.0,0.0,0.8261418286295443,0.0,0.0
1398.0,0.9484581818181819,0.9840000000000001,0.9840000000000001,0.9840000000000001,0.9142857142857144,0.0,0.0,0.8262004297964188,0.0,0.0
1398.5,0.9485254545454546,0.9840000000000001,0.9840000000000001,0.9840000000000001,0.9142857142857144,0.0,0.0,0.8262590309632935,0.0,0.0
1399.0,0.9485927272727273,0.9840000000000001,0.9840000000000001,0.9840000000000001,0.9142857142857144,0.0,0.0,0.826317632130168,0.0,0.0
1399.5,0.9486600000000001,0.9840000000000001,0.9840000000000001,0.9840000000000001,0.9142857142857144,0.0,0.0,0.8263762332970427,0.0,0.0
1400.0,0.9487272727272728,0.9840000000000001,0.9840000000000001,0.9840000000000001,0.9142857142857144,0.0,0.0,0.8264348344639173,0.0,0.0
1400.5,0.9487272727272728,0.9840000000000001,0.9840000000000001,0.9840000000000001,0.9142857142857144,0.0,0.0,0.8264348344639173,0.0,0.0
1401.0,0.9487272727272728,0.9840000000000001,0.9840000000000001,0.9840000000000001,0.9142857142857144,0.0,0.0,0.8264348344639173,0.0,0.0
1401.5,0.9487272727272728,0.9840000000000001,0.9840000000000001,0.9840000000000001,0.9142857142857144,0.0,0.0,0.8264348344639173,0.0,0.0
1402.0,0.9487272727272728,0.9840000000000001,0.9840000000000001,0.9840000000000001,0.9142857142857144,0.0,0.0,0.8264348344639173,0.0,0.0
1402.5,0.9487272727272728,0.9840000000000001,0.9840000000000001,0.9840000000000001,0.9142857142857144,0.0,0.0,0.8264348344639173,0.0,0.0
1403.0,0.9487272727272728,0.9840000000000001,0.9840000000000001,0.9840000000000001,0.9142857142857144,0.0,0.0,0.8264348344639173,0.0,0.0
1403.5,0.9487272727272728,0.9840000000000001,0.9840000000000001,0.9840000000000001,0.9142857142857144,0.0,0.0,0.8264348344639173,0.0,0.0
1404.0,0.9487272727272728,0.9840000000000001,0.9840000000000001,0.9840000000000001,0.9142857142857144,0.0,0.0,0.8264348344639173,0.0,0.0
1404.5,0.9487272727272728,0.9840000000000001,0.9840000000000001,0.9840000000000001,0.9142857142857144,0.0,0.0,0.8264348344639173,0.0,0.0
1405.0,0.9487272727272728,0.9840000000000001,0.9840000000000001,0.9840000000000001,0.9142857142857144,0.0,0.0,0.8264348344639173,0.0,0.0
1405.5,0.94874,0.9840000000000001,0.9840000000000001,0.9840000000000001,0.9142857142857144,0.0,0.0,0.8264459211711638,0.0,0.0
1406.0,0.9488072727272727,0.9840000000000001,0.9840000000000001,0.9840000000000001,0.9142857142857144,0.0,0.0,0.8265045223380383,0.0,0.0
1406.5,0.9488745454545455,0.9840000000000001,0.9840000000000001,0.9840000000000001,0.9142857142857144,0.0,0.0,0.826563123504913,0.0,0.0
1407.0,0.9489418181818182,0.9840000000000001,0.9840000000000001,0.9840000000000001,0.9142857142857144,0.0,0.0,0.8266217246717876,0.0,0.0
1407.5,0.9490090909090909,0.9840000000000001,0.9840000000000001,0.9840000000000001,0.9142857142857144,0.0,0.0,0.8266803258386621,0.0,0.0
1408.0,0.9490763636363637,0.9840000000000001,0.9840000000000001,0.9840000000000001,0.9142857142857144,0.0,0.0,0.8267389270055369,0.0,0.0
1408.5,0.9490909090909091,0.9840000000000001,0.9840000000000001,0.9840000000000001,0.9142857142857144,0.0,0.0,0.8267515975281041,0.0,0.0
1409.0,0.9490909090909091,0.9840000000000001,0.9840000000000001,0.9840000000000001,0.9142857142857144,0.0,0.0,0.8267515975281041,0.0,0.0
1409.5,0.9490909090909091,0.9840000000000001,0.9840000000000001,0.9840000000000001,0.9142857142857144,0.0,0.0,0.8267515975281041,0.0,0.0
1410.0,0.9490909090909091,0.9840000000000001,0.9840000000000001,0.9840000000000001,0.9142857142857144,0.0,0.0,0.8267515975281041,0.0,0.0
1410.5,0.9490909090909091,0.9840000000000001,0.9840000000000001,0.9840000000000001,0.9142857142857144,0.0,0.0,0.8267515975281041,0.0,0.0
1411.0,0.9491163636363636,0.9840000000000001,0.9840000000000001,0.9840000000000001,0.9142857142857144,0.0,0.0,0.8267737709425973,0.0,0.0
1411.5,0.9491836363636365,0.9840000000000001,0.9840000000000001,0.9840000000000001,0.9142857142857144,0.0,0.0,0.826832372109472,0.0,0.0
1412.0,0.9492509090909091,0.9840000000000001,0.9840000000000001,0.9840000000000001,0.9142857142857144,0.0,0.0,0.8268909732763465,0.0,0.0
1412.5,0.949318181818182,0.9840000000000001,0.9840000000000001,0.9840000000000001,0.9142857142857144,0.0,0.0,0.8269495744432213,0.0,0.0
1413.0,0.9493854545454548,0.9840000000000001,0.9840000000000001,0.9840000000000001,0.9142857142857144,0.0,0.0,0.8270081756100959,0.0,0.0
1413.5,0.9494527272727274,0.9840000000000001,0.9840000000000001,0.9840000000000001,0.9142857142857144,0.0,0.0,0.8270667767769705,0.0,0.0
1414.0,0.9494545454545457,0.9840000000000001,0.9840000000000001,0.9840000000000001,0.9142857142857144,0.0,0.0,0.8270683605922914,0.0,0.0
1414.5,0.9494545454545457,0.9840000000000001,0.9840000000000001,0.9840000000000001,0.9142857142857144,0.0,0.0,0.8270683605922914,0.0,0.0
1415.0,0.9494545454545457,0.9840000000000001,0.9840000000000001,0.9840000000000001,0.9142857142857144,0.0,0.0,0.8270683605922914,0.0,0.0
1415.5,0.9494545454545457,0.9840000000000001,0.9840000000000001,0.9840000000000001,0.9142857142857144,0.0,0.0,0.8270683605922914,0.0,0.0
1416.0,0.9494545454545457,0.9840000000000001,0.9840000000000001,0.9840000000000001,0.9142857142857144,0.0,0.0,0.8270683605922914,0.0,0.0
1416.5,0.9494545454545457,0.9840000000000001,0.9840000000000001,0.9840000000000001,0.9142857142857144,0.0,0.0,0.8270683605922914,0.0,0.0
1417.0,0.9494545454545457,0.9840000000000001,0.9840000000000001,0.9840000000000001,0.9142857142857144,0.0,0.0,0.8270683605922914,0.0,0.0
1417.5,0.9494545454545457,0.9840000000000001,0.9840000000000001,0.9840000000000001,0.9142857142857144,0.0,0.0,0.8270683605922914,0.0,0.0
1418.0,0.9494545454545457,0.9840000000000001,0.9840000000000001,0.9840000000000001,0.9142857142857144,0.0,0.0,0.8270683605922914,0.0,0.0
1418.5,0.9494545454545457,0.9840000000000001,0.9840000000000001,0.9840000000000001,0.9142857142857144,0.0,0.0,0.8270683605922914,0.0,0.0
1419.0,0.9494654545454547,0.9840000000000001,0.9840000000000001,0.9840000000000001,0.9142857142857144,0.0,0.0,0.827077863484217,0.0,0.0
1419.5,0.9495327272727274,0.9840000000000001,0.9840000000000001,0.9840000000000001,0.9142857142857144,0.0,0.0,0.8271364646510916,0.0,0.0
1420.0,0.9496000000000001,0.9840000000000001,0.9840000000000001,0.9840000000000001,0.9142857142857144,0.0,0.0,0.8271950658179661,0.0,0.0
1420.5,0.9496672727272728,0.9840000000000001,0.9840000000000001,0.9840000000000001,0.9142857142857144,0.0,0.0,0.8272536669848407,0.0,0.0
1421.0,0.9497345454545456,0.9840000000000001,0.9840000000000001,0.9840000000000001,0.9142857142857144,0.0,0.0,0.8273122681517154,0.0,0.0
1421.5,0.9498018181818183,0.9840000000000001,0.9840000000000001,0.9840000000000001,0.9142857142857144,0.0,0.0,0.8273708693185899,0.0,0.0
1422.0,0.9498181818181819,0.9840000000000001,0.9840000000000001,0.9840000000000001,0.9142857142857144,0.0,0.0,0.8273851236564783,0.0,0.0
1422.5,0.9498181818181819,0.9840000000000001,0.9840000000000001,0.9840000000000001,0.9142857142857144,0.0,0.0,0.8273851236564783,0.0,0.0
1423.0,0.9498181818181819,0.9840000000000001,0.9840000000000001,0.9840000000000001,0.9142857142857144,0.0,0.0,0.8273851236564783,0.0,0.0
1423.5,0.9498181818181819,0.9840000000000001,0.9840000000000001,0.9840000000000001,0.9142857142857144,0.0,0.0,0.8273851236564783,0.0,0.0
1424.0,0.9498181818181819,0.9840000000000001,0.9840000000000001,0.9840000000000001,0.9142857142857144,0.0,0.0,0.8273851236564783,0.0,0.0
1424.5,0.9498181818181819,0.9840000000000001,0.9840000000000001,0.9840000000000001,0.9142857142857144,0.0,0.0,0.8273851236564783,0.0,0.0
1425.0,0.9498181818181819,0.9840000000000001,0.9840000000000001,0.9840000000000001,0.9142857142857144,0.0,0.0,0.8273851236564783,0.0,0.0
1425.5,0.9498181818181819,0.9840000000000001,0.9840000000000001,0.9840000000000001,0.9142857142857144,0.0,0.0,0.8273851236564783,0.0,0.0
1426.0,0.9498181818181819,0.9840000000000001,0.9840000000000001,0.9840000000000001,0.9142857142857144,0.0,0.0,0.8273851236564783,0.0,0.0
1426.5,0.9498181818181819,0.9840000000000001,0.9840000000000001,0.9840000000000001,0.9142857142857144,0.0,0.0,0.8273851236564783,0.0,0.0
1427.0,0.9498181818181819,0.9840000000000001,0.9840000000000001,0.9840000000000001,0.9142857142857144,0.0,0.0,0.8273851236564783,0.0,0.0
1427.5,0.9498181818181819,0.9840000000000001,0.9840000000000001,0.9840000000000001,0.9142857142857144,0.0,0.0,0.8273851236564783,0.0,0.0
1428.0,0.9498181818181819,0.9840000000000001,0.9840000000000001,0.9840000000000001,0.9142857142857144,0.0,0.0,0.8273851236564783,0.0,0.0
1428.5,0.9498181818181819,0.9840000000000001,0.9840000000000001,0.9840000000000001,0.9142857142857144,0.0,0.0,0.8273851236564783,0.0,0.0
1429.0,0.9498181818181819,0.9840000000000001,0.9840000000000001,0.9840000000000001,0.9142857142857144,0.0,0.0,0.8273851236564783,0.0,0.0
1429.5,0.9498181818181819,0.9840000000000001,0.9840000000000001,0.9840000000000001,0.9142857142857144,0.0,0.0,0.8273851236564783,0.0,0.0
1430.0,0.9498545454545455,0.9840000000000001,0.9840000000000001,0.9840000000000001,0.9142857142857144,0.0,0.0,0.827416799962897,0.0,0.0
1430.5,0.9499218181818183,0.9840000000000001,0.9840000000000001,0.9840000000000001,0.9142857142857144,0.0,0.0,0.8274754011297716,0.0,0.0
1431.0,0.9499890909090911,0.9840000000000001,0.9840000000000001,0.9840000000000001,0.9142857142857144,0.0,0.0,0.8275340022966463,0.0,0.0
1431.5,0.9500563636363638,0.9840000000000001,0.9840000000000001,0.9840000000000001,0.9142857142857144,0.0,0.0,0.8275926034635209,0.0,0.0
1432.0,0.9501236363636366,0.9840000000000001,0.9840000000000001,0.9840000000000001,0.9142857142857144,0.0,0.0,0.8276512046303955,0.0,0.0
1432.5,0.9501818181818185,0.9840000000000001,0.9840000000000001,0.9840000000000001,0.9142857142857144,0.0,0.0,0.8277018867206655,0.0,0.0
1433.0,0.9501818181818185,0.9840000000000001,0.9840000000000001,0.9840000000000001,0.9142857142857144,0.0,0.0,0.8277018867206655,0.0,0.0
1433.5,0.9501818181818185,0.9840000000000001,0.9840000000000001,0.9840000000000001,0.9142857142857144,0.0,0.0,0.8277018867206655,0.0,0.0
1434.0,0.9501818181818185,0.9840000000000001,0.9840000000000001,0.9840000000000001,0.9142857142857144,0.0,0.0,0.8277018867206655,0.0,0.0
1434.5,0.9501818181818185,0.9840000000000001,0.9840000000000001,0.9840000000000001,0.9142857142857144,0.0,0.0,0.8277018867206655,0.0,0.0
1435.0,0.9501818181818185,0.9840000000000001,0.9840000000000001,0.9840000000000001,0.9142857142857144,0.0,0.0,0.8277018867206655,0.0,0.0
1435.5,0.9501818181818185,0.9840000000000001,0.9840000000000001,0.9840000000000001,0.9142857142857144,0.0,0.0,0.8277018867206655,0.0,0.0
1436.0,0.9501818181818185,0.9840000000000001,0.9840000000000001,0.9840000000000001,0.9142857142857144,0.0,0.0,0.8277018867206655,0.0,0.0
1436.5,0.9501818181818185,0.9840000000000001,0.9840000000000001,0.9840000000000001,0.9142857142857144,0.0,0.0,0.8277018867206655,0.0,0.0
1437.0,0.9501818181818185,0.9840000000000001,0.9840000000000001,0.9840000000000001,0.9142857142857144,0.0,0.0,0.8277018867206655,0.0,0.0
1437.5,0.9501818181818185,0.9840000000000001,0.9840000000000001,0.9840000000000001,0.9142857142857144,0.0,0.0,0.8277018867206655,0.0,0.0
1438.0,0.9501818181818185,0.9840000000000001,0.9840000000000001,0.9840000000000001,0.9142857142857144,0.0,0.0,0.8277018867206655,0.0,0.0
1438.5,0.9501818181818185,0.9840000000000001,0.9840000000000001,0.9840000000000001,0.9142857142857144,0.0,0.0,0.8277018867206655,0.0,0.0
1439.0,0.9501818181818185,0.9840000000000001,0.9840000000000001,0.9840000000000001,0.9142857142857144,0.0,0.0,0.8277018867206655,0.0,0.0
1439.5,0.9501818181818185,0.9840000000000001,0.9840000000000001,0.9840000000000001,0.9142857142857144,0.0,0.0,0.8277018867206655,0.0,0.0
1440.0,0.9501818181818185,0.9840000000000001,0.9840000000000001,0.9840000000000001,0.9142857142857144,0.0,0.0,0.8277018867206655,0.0,0.0
1440.5,0.9501818181818185,0.9840000000000001,0.9840000000000001,0.9840000000000001,0.9142857142857144,0.0,0.0,0.8277018867206655,0.0,0.0
1441.0,0.9502436363636366,0.9840000000000001,0.9840000000000001,0.9840000000000001,0.9142857142857144,0.0,0.0,0.8277557364415773,0.0,0.0
1441.5,0.9503109090909093,0.9840000000000001,0.9840000000000001,0.9840000000000001,0.9142857142857144,0.0,0.0,0.8278143376084518,0.0,0.0
1442.0,0.950378181818182,0.9840000000000001,0.9840000000000001,0.9840000000000001,0.9142857142857144,0.0,0.0,0.8278729387753264,0.0,0.0
1442.5,0.9504454545454547,0.9840000000000001,0.9840000000000001,0.9840000000000001,0.9142857142857144,0.0,0.0,0.8279315399422009,0.0,0.0
1443.0,0.9505127272727274,0.9840000000000001,0.9840000000000001,0.9840000000000001,0.9142857142857144,0.0,0.0,0.8279901411090754,0.0,0.0
1443.5,0.9505454545454546,0.9840000000000001,0.9840000000000001,0.9840000000000001,0.9142857142857144,0.0,0.0,0.8280186497848523,0.0,0.0
1444.0,0.9505454545454546,0.9840000000000001,0.9840000000000001,0.9840000000000001,0.9142857142857144,0.0,0.0,0.8280186497848523,0.0,0.0
1444.5,0.9505454545454546,0.9840000000000001,0.9840000000000001,0.9840000000000001,0.9142857142857144,0.0,0.0,0.8280186497848523,0.0,0.0
1445.0,0.9505454545454546,0.9840000000000001,0.9840000000000001,0.9840000000000001,0.9142857142857144,0.0,0.0,0.8280186497848523,0.0,0.0
1445.5,0.9505454545454546,0.9840000000000001,0.9840000000000001,0.9840000000000001,0.9142857142857144,0.0,0.0,0.8280186497848523,0.0,0.0
1446.0,0.9505454545454546,0.9840000000000001,0.9840000000000001,0.9840000000000001,0.9142857142857144,0.0,0.0,0.8280186497848523,0.0,0.0
1446.5,0.9505454545454546,0.9840000000000001,0.9840000000000001,0.9840000000000001,0.9142857142857144,0.0,0.0,0.8280186497848523,0.0,0.0
1447.0,0.9505454545454546,0.9840000000000001,0.9840000000000001,0.9840000000000001,0.9142857142857144,0.0,0.0,0.8280186497848523,0.0,0.0
1447.5,0.9505454545454546,0.9840000000000001,0.9840000000000001,0.9840000000000001,0.9142857142857144,0.0,0.0,0.8280186497848523,0.0,0.0
1448.0,0.9505454545454546,0.9840000000000001,0.9840000000000001,0.9840000000000001,0.9142857142857144,0.0,0.0,0.8280186497848523,0.0,0.0
1448.5,0.9505454545454546,0.9840000000000001,0.9840000000000001,0.9840000000000001,0.9142857142857144,0.0,0.0,0.8280186497848523,0.0,0.0
1449.0,0.9505927272727274,0.9840000000000001,0.9840000000000001,0.9840000000000001,0.9142857142857144,0.0,0.0,0.8280598289831967,0.0,0.0
1449.5,0.9506600000000001,0.9840000000000001,0.9840000000000001,0.9840000000000001,0.9142857142857144,0.0,0.0,0.8281184301500714,0.0,0.0
1450.0,0.9507272727272729,0.9840000000000001,0.9840000000000001,0.9840000000000001,0.9142857142857144,0.0,0.0,0.8281770313169459,0.0,0.0
1450.5,0.9507945454545457,0.9840000000000001,0.9840000000000001,0.9840000000000001,0.9142857142857144,0.0,0.0,0.8282356324838205,0.0,0.0
1451.0,0.9508618181818185,0.9840000000000001,0.9840000000000001,0.9840000000000001,0.9142857142857144,0.0,0.0,0.8282942336506952,0.0,0.0
1451.5,0.9509290909090912,0.9840000000000001,0.9840000000000001,0.9840000000000001,0.9142857142857144,0.0,0.0,0.8283528348175698,0.0,0.0
1452.0,0.9509963636363639,0.9840000000000001,0.9840000000000001,0.9840000000000001,0.9142857142857144,0.0,0.0,0.8284114359844443,0.0,0.0
1452.5,0.9510636363636366,0.9840000000000001,0.9840000000000001,0.9840000000000001,0.9142857142857144,0.0,0.0,0.8284700371513188,0.0,0.0
1453.0,0.9511309090909092,0.9840000000000001,0.9840000000000001,0.9840000000000001,0.9142857142857144,0.0,0.0,0.8285286383181936,0.0,0.0
1453.5,0.9511981818181819,0.9840000000000001,0.9840000000000001,0.9840000000000001,0.9142857142857144,0.0,0.0,0.8285872394850681,0.0,0.0
1454.0,0.9512654545454546,0.9840000000000001,0.9840000000000001,0.9840000000000001,0.9142857142857144,0.0,0.0,0.8286458406519426,0.0,0.0
1454.5,0.9512727272727274,0.9840000000000001,0.9840000000000001,0.9840000000000001,0.9142857142857144,0.0,0.0,0.8286521759132264,0.0,0.0
1455.0,0.9512727272727274,0.9840000000000001,0.9840000000000001,0.9840000000000001,0.9142857142857144,0.0,0.0,0.8286521759132264,0.0,0.0
1455.5,0.9512727272727274,0.9840000000000001,0.9840000000000001,0.9840000000000001,0.9142857142857144,0.0,0.0,0.8286521759132264,0.0,0.0
1456.0,0.9512727272727274,0.9840000000000001,0.9840000000000001,0.9840000000000001,0.9142857142857144,0.0,0.0,0.8286521759132264,0.0,0.0
1456.5,0.9512727272727274,0.9840000000000001,0.9840000000000001,0.9840000000000001,0.9142857142857144,0.0,0.0,0.8286521759132264,0.0,0.0
1457.0,0.9512727272727274,0.9840000000000001,0.9840000000000001,0.9840000000000001,0.9142857142857144,0.0,0.0,0.8286521759132264,0.0,0.0
1457.5,0.9512727272727274,0.9840000000000001,0.9840000000000001,0.9840000000000001,0.9142857142857144,0.0,0.0,0.8286521759132264,0.0,0.0
1458.0,0.9512727272727274,0.9840000000000001,0.9840000000000001,0.9840000000000001,0.9142857142857144,0.0,0.0,0.8286521759132264,0.0,0.0
1458.5,0.9512727272727274,0.9840000000000001,0.9840000000000001,0.9840000000000001,0.9142857142857144,0.0,0.0,0.8286521759132264,0.0,0.0
1459.0,0.9512727272727274,0.9840000000000001,0.9840000000000001,0.9840000000000001,0.9142857142857144,0.0,0.0,0.8286521759132264,0.0,0.0
1459.5,0.9512727272727274,0.9840000000000001,0.9840000000000001,0.9840000000000001,0.9142857142857144,0.0,0.0,0.8286521759132264,0.0,0.0
1460.0,0.9512727272727274,0.9840000000000001,0.9840000000000001,0.9840000000000001,0.9142857142857144,0.0,0.0,0.8286521759132264,0.0,0.0
1460.5,0.9512727272727274,0.9840000000000001,0.9840000000000001,0.9840000000000001,0.9142857142857144,0.0,0.0,0.8286521759132264,0.0,0.0
1461.0,0.9512727272727274,0.9840000000000001,0.9840000000000001,0.9840000000000001,0.9142857142857144,0.0,0.0,0.8286521759132264,0.0,0.0
1461.5,0.9512727272727274,0.9840000000000001,0.9840000000000001,0.9840000000000001,0.9142857142857144,0.0,0.0,0.8286521759132264,0.0,0.0
1462.0,0.9512727272727274,0.9840000000000001,0.9840000000000001,0.9840000000000001,0.9142857142857144,0.0,0.0,0.8286521759132264,0.0,0.0
1462.5,0.951318181818182,0.9840000000000001,0.9840000000000001,0.9840000000000001,0.9142857142857144,0.0,0.0,0.8286917712962498,0.0,0.0
1463.0,0.9513854545454546,0.9840000000000001,0.9840000000000001,0.9840000000000001,0.9142857142857144,0.0,0.0,0.8287503724631243,0.0,0.0
1463.5,0.9514527272727274,0.9840000000000001,0.9840000000000001,0.9840000000000001,0.9142857142857144,0.0,0.0,0.8288089736299991,0.0,0.0
1464.0,0.9515200000000003,0.9840000000000001,0.9840000000000001,0.9840000000000001,0.9142857142857144,0.0,0.0,0.8288675747968736,0.0,0.0
1464.5,0.951587272727273,0.9840000000000001,0.9840000000000001,0.9840000000000001,0.9142857142857144,0.0,0.0,0.8289261759637482,0.0,0.0
1465.0,0.951636363636364,0.9840000000000001,0.9840000000000001,0.9840000000000001,0.9142857142857144,0.0,0.0,0.8289689389774136,0.0,0.0
1465.5,0.951636363636364,0.9840000000000001,0.9840000000000001,0.9840000000000001,0.9142857142857144,0.0,0.0,0.8289689389774136,0.0,0.0
1466.0,0.951636363636364,0.9840000000000001,0.9840000000000001,0.9840000000000001,0.9142857142857144,0.0,0.0,0.8289689389774136,0.0,0.0
1466.5,0.951636363636364,0.9840000000000001,0.9840000000000001,0.9840000000000001,0.9142857142857144,0.0,0.0,0.8289689389774136,0.0,0.0
1467.0,0.951636363636364,0.9840000000000001,0.9840000000000001,0.9840000000000001,0.9142857142857144,0.0,0.0,0.8289689389774136,0.0,0.0
1467.5,0.951636363636364,0.9840000000000001,0.9840000000000001,0.9840000000000001,0.9142857142857144,0.0,0.0,0.8289689389774136,0.0,0.0
1468.0,0.951636363636364,0.9840000000000001,0.9840000000000001,0.9840000000000001,0.9142857142857144,0.0,0.0,0.8289689389774136,0.0,0.0
1468.5,0.951636363636364,0.9840000000000001,0.9840000000000001,0.9840000000000001,0.9142857142857144,0.0,0.0,0.8289689389774136,0.0,0.0
1469.0,0.951636363636364,0.9840000000000001,0.9840000000000001,0.9840000000000001,0.9142857142857144,0.0,0.0,0.8289689389774136,0.0,0.0
1469.5,0.951636363636364,0.9840000000000001,0.9840000000000001,0.9840000000000001,0.9142857142857144,0.0,0.0,0.8289689389774136,0.0,0.0
1470.0,0.951636363636364,0.9840000000000001,0.9840000000000001,0.9840000000000001,0.9142857142857144,0.0,0.0,0.8289689389774136,0.0,0.0
1470.5,0.951667272727273,0.9840000000000001,0.9840000000000001,0.9840000000000001,0.9142857142857144,0.0,0.0,0.8289958638378695,0.0,0.0
1471.0,0.9517345454545457,0.9840000000000001,0.9840000000000001,0.9840000000000001,0.9142857142857144,0.0,0.0,0.8290544650047441,0.0,0.0
1471.5,0.9518018181818184,0.9840000000000001,0.9840000000000001,0.9840000000000001,0.9142857142857144,0.0,0.0,0.8291130661716186,0.0,0.0
1472.0,0.9518690909090911,0.9840000000000001,0.9840000000000001,0.9840000000000001,0.9142857142857144,0.0,0.0,0.8291716673384931,0.0,0.0
1472.5,0.9519363636363638,0.9840000000000001,0.9840000000000001,0.9840000000000001,0.9142857142857144,0.0,0.0,0.8292302685053677,0.0,0.0
1473.0,0.9520000000000001,0.9840000000000001,0.9840000000000001,0.9840000000000001,0.9142857142857144,0.0,0.0,0.8292857020416003,0.0,0.0
1473.5,0.9520000000000001,0.9840000000000001,0.9840000000000001,0.9840000000000001,0.9142857142857144,0.0,0.0,0.8292857020416003,0.0,0.0
1474.0,0.9520000000000001,0.9840000000000001,0.9840000000000001,0.9840000000000001,0.9142857142857144,0.0,0.0,0.8292857020416003,0.0,0.0
1474.5,0.9520000000000001,0.9840000000000001,0.9840000000000001,0.9840000000000001,0.9142857142857144,0.0,0.0,0.8292857020416003,0.0,0.0
1475.0,0.9520000000000001,0.9840000000000001,0.9840000000000001,0.9840000000000001,0.9142857142857144,0.0,0.0,0.8292857020416003,0.0,0.0
1475.5,0.9520000000000001,0.9840000000000001,0.9840000000000001,0.9840000000000001,0.9142857142857144,0.0,0.0,0.8292857020416003,0.0,0.0
1476.0,0.9520000000000001,0.9840000000000001,0.9840000000000001,0.9840000000000001,0.9142857142857144,0.0,0.0,0.8292857020416003,0.0,0.0
1476.5,0.9520000000000001,0.9840000000000001,0.9840000000000001,0.9840000000000001,0.9142857142857144,0.0,0.0,0.8292857020416003,0.0,0.0
1477.0,0.9520000000000001,0.9840000000000001,0.9840000000000001,0.9840000000000001,0.9142857142857144,0.0,0.0,0.8292857020416003,0.0,0.0
1477.5,0.9520000000000001,0.9840000000000001,0.9840000000000001,0.9840000000000001,0.9142857142857144,0.0,0.0,0.8292857020416003,0.0,0.0
1478.0,0.9520000000000001,0.9840000000000001,0.9840000000000001,0.9840000000000001,0.9142857142857144,0.0,0.0,0.8292857020416003,0.0,0.0
1478.5,0.9520000000000001,0.9840000000000001,0.9840000000000001,0.9840000000000001,0.9142857142857144,0.0,0.0,0.8292857020416003,0.0,0.0
1479.0,0.9520000000000001,0.9840000000000001,0.9840000000000001,0.9840000000000001,0.9142857142857144,0.0,0.0,0.8292857020416003,0.0,0.0
1479.5,0.9520000000000001,0.9840000000000001,0.9840000000000001,0.9840000000000001,0.9142857142857144,0.0,0.0,0.8292857020416003,0.0,0.0
1480.0,0.9520000000000001,0.9840000000000001,0.9840000000000001,0.9840000000000001,0.9142857142857144,0.0,0.0,0.8292857020416003,0.0,0.0
1480.5,0.9520000000000001,0.9840000000000001,0.9840000000000001,0.9840000000000001,0.9142857142857144,0.0,0.0,0.8292857020416003,0.0,0.0
1481.0,0.9520000000000001,0.9840000000000001,0.9840000000000001,0.9840000000000001,0.9142857142857144,0.0,0.0,0.8292857020416003,0.0,0.0
1481.5,0.9520000000000001,0.9840000000000001,0.9840000000000001,0.9840000000000001,0.9142857142857144,0.0,0.0,0.8292857020416003,0.0,0.0
1482.0,0.9520000000000001,0.9840000000000001,0.9840000000000001,0.9840000000000001,0.9142857142857144,0.0,0.0,0.8292857020416003,0.0,0.0
1482.5,0.9520000000000001,0.9840000000000001,0.9840000000000001,0.9840000000000001,0.9142857142857144,0.0,0.0,0.8292857020416003,0.0,0.0
1483.0,0.9520000000000001,0.9840000000000001,0.9840000000000001,0.9840000000000001,0.9142857142857144,0.0,0.0,0.8292857020416003,0.0,0.0
1483.5,0.9520000000000001,0.9840000000000001,0.9840000000000001,0.9840000000000001,0.9142857142857144,0.0,0.0,0.8292857020416003,0.0,0.0
1484.0,0.952029090909091,0.9840000000000001,0.9840000000000001,0.9840000000000001,0.9142857142857144,0.0,0.0,0.8293110430867354,0.0,0.0
1484.5,0.9520963636363637,0.9840000000000001,0.9840000000000001,0.9840000000000001,0.9142857142857144,0.0,0.0,0.8293696442536099,0.0,0.0
1485.0,0.9521636363636364,0.9840000000000001,0.9840000000000001,0.9840000000000001,0.9142857142857144,0.0,0.0,0.8294282454204845,0.0,0.0
1485.5,0.9522309090909091,0.9840000000000001,0.9840000000000001,0.9840000000000001,0.9142857142857144,0.0,0.0,0.8294868465873592,0.0,0.0
1486.0,0.9522981818181818,0.9840000000000001,0.9840000000000001,0.9840000000000001,0.9142857142857144,0.0,0.0,0.8295454477542337,0.0,0.0
1486.5,0.9523654545454545,0.9840000000000001,0.9840000000000001,0.9840000000000001,0.9142857142857144,0.0,0.0,0.8296040489211083,0.0,0.0
1487.0,0.9524327272727272,0.9840000000000001,0.9840000000000001,0.9840000000000001,0.9142857142857144,0.0,0.0,0.8296626500879828,0.0,0.0
1487.5,0.9525,0.9840000000000001,0.9840000000000001,0.9840000000000001,0.9142857142857144,0.0,0.0,0.8297212512548575,0.0,0.0
1488.0,0.9525672727272727,0.9840000000000001,0.9840000000000001,0.9840000000000001,0.9142857142857144,0.0,0.0,0.8297798524217321,0.0,0.0
1488.5,0.9526345454545455,0.9840000000000001,0.9840000000000001,0.9840000000000001,0.9142857142857144,0.0,0.0,0.8298384535886068,0.0,0.0
1489.0,0.9527018181818182,0.9840000000000001,0.9840000000000001,0.9840000000000001,0.9142857142857144,0.0,0.0,0.8298970547554813,0.0,0.0
1489.5,0.9526854545454546,0.9840000000000001,0.9840000000000001,0.9840000000000001,0.9142857142857144,0.0,0.0,0.8298828004175929,0.0,0.0
1490.0,0.9526181818181818,0.9840000000000001,0.9840000000000001,0.9840000000000001,0.9142857142857144,0.0,0.0,0.8298241992507183,0.0,0.0
1490.5,0.9525509090909091,0.9840000000000001,0.9840000000000001,0.9840000000000001,0.9142857142857144,0.0,0.0,0.8297655980838435,0.0,0.0
1491.0,0.9524836363636363,0.9840000000000001,0.9840000000000001,0.9840000000000001,0.9142857142857144,0.0,0.0,0.8297069969169689,0.0,0.0
1491.5,0.9524163636363636,0.9840000000000001,0.9840000000000001,0.9840000000000001,0.9142857142857144,0.0,0.0,0.8296483957500945,0.0,0.0
1492.0,0.9523781818181817,0.9840000000000001,0.9840000000000001,0.9840000000000001,0.9142857142857144,0.0,0.0,0.8296151356283546,0.0,0.0
1492.5,0.9524454545454545,0.9840000000000001,0.9840000000000001,0.9840000000000001,0.9142857142857144,0.0,0.0,0.8296737367952294,0.0,0.0
1493.0,0.9525127272727272,0.9840000000000001,0.9840000000000001,0.9840000000000001,0.9142857142857144,0.0,0.0,0.8297323379621039,0.0,0.0
1493.5,0.95258,0.9840000000000001,0.9840000000000001,0.9840000000000001,0.9142857142857144,0.0,0.0,0.8297909391289786,0.0,0.0
1494.0,0.9526472727272727,0.9840000000000001,0.9840000000000001,0.9840000000000001,0.9142857142857144,0.0,0.0,0.8298495402958531,0.0,0.0
1494.5,0.9527145454545455,0.9840000000000001,0.9840000000000001,0.9840000000000001,0.9142857142857144,0.0,0.0,0.8299081414627277,0.0,0.0
1495.0,0.9527818181818182,0.9840000000000001,0.9840000000000001,0.9840000000000001,0.9142857142857144,0.0,0.0,0.8299667426296025,0.0,0.0
1495.5,0.952849090909091,0.9840000000000001,0.9840000000000001,0.9840000000000001,0.9142857142857144,0.0,0.0,0.8300253437964771,0.0,0.0
1496.0,0.9529163636363637,0.9840000000000001,0.9840000000000001,0.9840000000000001,0.9142857142857144,0.0,0.0,0.8300839449633517,0.0,0.0
1496.5,0.9529836363636365,0.9840000000000001,0.9840000000000001,0.9840000000000001,0.9142857142857144,0.0,0.0,0.8301425461302262,0.0,0.0
1497.0,0.9530509090909092,0.9840000000000001,0.9840000000000001,0.9840000000000001,0.9142857142857144,0.0,0.0,0.8302011472971009,0.0,0.0
1497.5,0.9530909090909092,0.9840000000000001,0.9840000000000001,0.9840000000000001,0.9142857142857144,0.0,0.0,0.8302359912341615,0.0,0.0
1498.0,0.9530909090909092,0.9840000000000001,0.9840000000000001,0.9840000000000001,0.9142857142857144,0.0,0.0,0.8302359912341615,0.0,0.0
1498.5,0.9530909090909092,0.9840000000000001,0.9840000000000001,0.9840000000000001,0.9142857142857144,0.0,0.0,0.8302359912341615,0.0,0.0
1499.0,0.9530909090909092,0.9840000000000001,0.9840000000000001,0.9840000000000001,0.9142857142857144,0.0,0.0,0.8302359912341615,0.0,0.0
1499.5,0.9530909090909092,0.9840000000000001,0.9840000000000001,0.9840000000000001,0.9142857142857144,0.0,0.0,0.8302359912341615,0.0,0.0
1500.0,0.9530909090909092,0.9840000000000001,0.9840000000000001,0.9840000000000001,0.9142857142857144,0.0,0.0,0.8302359912341615,0.0,0.0
1500.5,0.9530909090909092,0.9840000000000001,0.9840000000000001,0.9840000000000001,0.9142857142857144,0.0,0.0,0.8302359912341615,0.0,0.0
1501.0,0.9530909090909092,0.9840000000000001,0.9840000000000001,0.9840000000000001,0.9142857142857144,0.0,0.0,0.8302359912341615,0.0,0.0
1501.5,0.9530909090909092,0.9840000000000001,0.9840000000000001,0.9840000000000001,0.9142857142857144,0.0,0.0,0.8302359912341615,0.0,0.0
1502.0,0.9530909090909092,0.9840000000000001,0.9840000000000001,0.9840000000000001,0.9142857142857144,0.0,0.0,0.8302359912341615,0.0,0.0
1502.5,0.9530909090909092,0.9840000000000001,0.9840000000000001,0.9840000000000001,0.9142857142857144,0.0,0.0,0.8302359912341615,0.0,0.0
1503.0,0.9530909090909092,0.9840000000000001,0.9840000000000001,0.9840000000000001,0.9142857142857144,0.0,0.0,0.8302359912341615,0.0,0.0
1503.5,0.9530909090909092,0.9840000000000001,0.9840000000000001,0.9840000000000001,0.9142857142857144,0.0,0.0,0.8302359912341615,0.0,0.0
1504.0,0.9530909090909092,0.9840000000000001,0.9840000000000001,0.9840000000000001,0.9142857142857144,0.0,0.0,0.8302359912341615,0.0,0.0
1504.5,0.9530909090909092,0.9840000000000001,0.9840000000000001,0.9840000000000001,0.9142857142857144,0.0,0.0,0.8302359912341615,0.0,0.0
1505.0,0.9530909090909092,0.9840000000000001,0.9840000000000001,0.9840000000000001,0.9142857142857144,0.0,0.0,0.8302359912341615,0.0,0.0
1505.5,0.9531036363636365,0.9840000000000001,0.9840000000000001,0.9840000000000001,0.9142857142857144,0.0,0.0,0.830247077941408,0.0,0.0
1506.0,0.9531709090909092,0.9840000000000001,0.9840000000000001,0.9840000000000001,0.9142857142857144,0.0,0.0,0.8303056791082826,0.0,0.0
1506.5,0.953238181818182,0.9840000000000001,0.9840000000000001,0.9840000000000001,0.9142857142857144,0.0,0.0,0.8303642802751573,0.0,0.0
1507.0,0.9533054545454547,0.9840000000000001,0.9840000000000001,0.9840000000000001,0.9142857142857144,0.0,0.0,0.8304228814420318,0.0,0.0
1507.5,0.9533727272727274,0.9840000000000001,0.9840000000000001,0.9840000000000001,0.9142857142857144,0.0,0.0,0.8304814826089064,0.0,0.0
1508.0,0.9534400000000002,0.9840000000000001,0.9840000000000001,0.9840000000000001,0.9142857142857144,0.0,0.0,0.830540083775781,0.0,0.0
1508.5,0.9534545454545456,0.9840000000000001,0.9840000000000001,0.9840000000000001,0.9142857142857144,0.0,0.0,0.8305527542983484,0.0,0.0
1509.0,0.9534545454545456,0.9840000000000001,0.9840000000000001,0.9840000000000001,0.9142857142857144,0.0,0.0,0.8305527542983484,0.0,0.0
1509.5,0.9534545454545456,0.9840000000000001,0.9840000000000001,0.9840000000000001,0.9142857142857144,0.0,0.0,0.8305527542983484,0.0,0.0
1510.0,0.9534545454545456,0.9840000000000001,0.9840000000000001,0.9840000000000001,0.9142857142857144,0.0,0.0,0.8305527542983484,0.0,0.0
1510.5,0.9534545454545456,0.9840000000000001,0.9840000000000001,0.9840000000000001,0.9142857142857144,0.0,0.0,0.8305527542983484,0.0,0.0
1511.0,0.9534545454545456,0.9840000000000001,0.9840000000000001,0.9840000000000001,0.9142857142857144,0.0,0.0,0.8305527542983484,0.0,0.0
1511.5,0.9534545454545456,0.9840000000000001,0.9840000000000001,0.9840000000000001,0.9142857142857144,0.0,0.0,0.8305527542983484,0.0,0.0
1512.0,0.9534545454545456,0.9840000000000001,0.9840000000000001,0.9840000000000001,0.9142857142857144,0.0,0.0,0.8305527542983484,0.0,0.0
1512.5,0.9534545454545456,0.9840000000000001,0.9840000000000001,0.9840000000000001,0.9142857142857144,0.0,0.0,0.8305527542983484,0.0,0.0
1513.0,0.9534545454545456,0.9840000000000001,0.9840000000000001,0.9840000000000001,0.9142857142857144,0.0,0.0,0.8305527542983484,0.0,0.0
1513.5,0.9534545454545456,0.9840000000000001,0.9840000000000001,0.9840000000000001,0.9142857142857144,0.0,0.0,0.8305527542983484,0.0,0.0
1514.0,0.9534545454545456,0.9840000000000001,0.9840000000000001,0.9840000000000001,0.9142857142857144,0.0,0.0,0.8305527542983484,0.0,0.0
1514.5,0.9534545454545456,0.9840000000000001,0.9840000000000001,0.9840000000000001,0.9142857142857144,0.0,0.0,0.8305527542983484,0.0,0.0
1515.0,0.9534545454545456,0.9840000000000001,0.9840000000000001,0.9840000000000001,0.9142857142857144,0.0,0.0,0.8305527542983484,0.0,0.0
1515.5,0.9534545454545456,0.9840000000000001,0.9840000000000001,0.9840000000000001,0.9142857142857144,0.0,0.0,0.8305527542983484,0.0,0.0
1516.0,0.9534545454545456,0.9840000000000001,0.9840000000000001,0.9840000000000001,0.9142857142857144,0.0,0.0,0.8305527542983484,0.0,0.0
1516.5,0.9534927272727274,0.9840000000000001,0.9840000000000001,0.9840000000000001,0.9142857142857144,0.0,0.0,0.8305860144200881,0.0,0.0
1517.0,0.9535600000000001,0.9840000000000001,0.9840000000000001,0.9840000000000001,0.9142857142857144,0.0,0.0,0.8306446155869626,0.0,0.0
1517.5,0.9536272727272729,0.9840000000000001,0.9840000000000001,0.9840000000000001,0.9142857142857144,0.0,0.0,0.8307032167538373,0.0,0.0
1518.0,0.9536945454545456,0.9840000000000001,0.9840000000000001,0.9840000000000001,0.9142857142857144,0.0,0.0,0.8307618179207119,0.0,0.0
1518.5,0.9537618181818184,0.9840000000000001,0.9840000000000001,0.9840000000000001,0.9142857142857144,0.0,0.0,0.8308204190875865,0.0,0.0
1519.0,0.953818181818182,0.9840000000000001,0.9840000000000001,0.9840000000000001,0.9142857142857144,0.0,0.0,0.8308695173625357,0.0,0.0
1519.5,0.953818181818182,0.9840000000000001,0.9840000000000001,0.9840000000000001,0.9142857142857144,0.0,0.0,0.8308695173625357,0.0,0.0
1520.0,0.953818181818182,0.9840000000000001,0.9840000000000001,0.9840000000000001,0.9142857142857144,0.0,0.0,0.8308695173625357,0.0,0.0
1520.5,0.953818181818182,0.9840000000000001,0.9840000000000001,0.9840000000000001,0.9142857142857144,0.0,0.0,0.8308695173625357,0.0,0.0
1521.0,0.953818181818182,0.9840000000000001,0.9840000000000001,0.9840000000000001,0.9142857142857144,0.0,0.0,0.8308695173625357,0.0,0.0
1521.5,0.953818181818182,0.9840000000000001,0.9840000000000001,0.9840000000000001,0.9142857142857144,0.0,0.0,0.8308695173625357,0.0,0.0
1522.0,0.953818181818182,0.9840000000000001,0.9840000000000001,0.9840000000000001,0.9142857142857144,0.0,0.0,0.8308695173625357,0.0,0.0
1522.5,0.953818181818182,0.9840000000000001,0.9840000000000001,0.9840000000000001,0.9142857142857144,0.0,0.0,0.8308695173625357,0.0,0.0
1523.0,0.953818181818182,0.9840000000000001,0.9840000000000001,0.9840000000000001,0.9142857142857144,0.0,0.0,0.8308695173625357,0.0,0.0
1523.5,0.953818181818182,0.9840000000000001,0.9840000000000001,0.9840000000000001,0.9142857142857144,0.0,0.0,0.8308695173625357,0.0,0.0
1524.0,0.953818181818182,0.9840000000000001,0.9840000000000001,0.9840000000000001,0.9142857142857144,0.0,0.0,0.8308695173625357,0.0,0.0
1524.5,0.953818181818182,0.9840000000000001,0.9840000000000001,0.9840000000000001,0.9142857142857144,0.0,0.0,0.8308695173625357,0.0,0.0
1525.0,0.953818181818182,0.9840000000000001,0.9840000000000001,0.9840000000000001,0.9142857142857144,0.0,0.0,0.8308695173625357,0.0,0.0
1525.5,0.953818181818182,0.9840000000000001,0.9840000000000001,0.9840000000000001,0.9142857142857144,0.0,0.0,0.8308695173625357,0.0,0.0
1526.0,0.953818181818182,0.9840000000000001,0.9840000000000001,0.9840000000000001,0.9142857142857144,0.0,0.0,0.8308695173625357,0.0,0.0
1526.5,0.953818181818182,0.9840000000000001,0.9840000000000001,0.9840000000000001,0.9142857142857144,0.0,0.0,0.8308695173625357,0.0,0.0
1527.0,0.953818181818182,0.9840000000000001,0.9840000000000001,0.9840000000000001,0.9142857142857144,0.0,0.0,0.8308695173625357,0.0,0.0
1527.5,0.9538818181818184,0.9840000000000001,0.9840000000000001,0.9840000000000001,0.9142857142857144,0.0,0.0,0.8309249508987683,0.0,0.0
1528.0,0.9539490909090911,0.9840000000000001,0.9840000000000001,0.9840000000000001,0.9142857142857144,0.0,0.0,0.8309835520656429,0.0,0.0
1528.5,0.9540163636363638,0.9840000000000001,0.9840000000000001,0.9840000000000001,0.9142857142857144,0.0,0.0,0.8310421532325175,0.0,0.0
1529.0,0.9540836363636365,0.9840000000000001,0.9840000000000001,0.9840000000000001,0.9142857142857144,0.0,0.0,0.831100754399392,0.0,0.0
1529.5,0.9541509090909092,0.9840000000000001,0.9840000000000001,0.9840000000000001,0.9142857142857144,0.0,0.0,0.8311593555662666,0.0,0.0
1530.0,0.9542181818181819,0.9840000000000001,0.9840000000000001,0.9840000000000001,0.9142857142857144,0.0,0.0,0.831217956733141,0.0,0.0
1530.5,0.9542854545454547,0.9840000000000001,0.9840000000000001,0.9840000000000001,0.9142857142857144,0.0,0.0,0.8312765579000158,0.0,0.0
1531.0,0.9543527272727275,0.9840000000000001,0.9840000000000001,0.9840000000000001,0.9142857142857144,0.0,0.0,0.8313351590668905,0.0,0.0
1531.5,0.9544200000000002,0.9840000000000001,0.9840000000000001,0.9840000000000001,0.9142857142857144,0.0,0.0,0.831393760233765,0.0,0.0
1532.0,0.954487272727273,0.9840000000000001,0.9840000000000001,0.9840000000000001,0.9142857142857144,0.0,0.0,0.8314523614006397,0.0,0.0
1532.5,0.9545454545454548,0.9840000000000001,0.9840000000000001,0.9840000000000001,0.9142857142857144,0.0,0.0,0.8315030434909096,0.0,0.0
1533.0,0.9545454545454548,0.9840000000000001,0.9840000000000001,0.9840000000000001,0.9142857142857144,0.0,0.0,0.8315030434909096,0.0,0.0
1533.5,0.9545454545454548,0.9840000000000001,0.9840000000000001,0.9840000000000001,0.9142857142857144,0.0,0.0,0.8315030434909096,0.0,0.0
1534.0,0.9545454545454548,0.9840000000000001,0.9840000000000001,0.9840000000000001,0.9142857142857144,0.0,0.0,0.8315030434909096,0.0,0.0
1534.5,0.9545454545454548,0.9840000000000001,0.9840000000000001,0.9840000000000001,0.9142857142857144,0.0,0.0,0.8315030434909096,0.0,0.0
1535.0,0.9545454545454548,0.9840000000000001,0.9840000000000001,0.9840000000000001,0.9142857142857144,0.0,0.0,0.8315030434909096,0.0,0.0
1535.5,0.9545454545454548,0.9840000000000001,0.9840000000000001,0.9840000000000001,0.9142857142857144,0.0,0.0,0.8315030434909096,0.0,0.0
1536.0,0.9545454545454548,0.9840000000000001,0.9840000000000001,0.9840000000000001,0.9142857142857144,0.0,0.0,0.8315030434909096,0.0,0.0
1536.5,0.9545454545454548,0.9840000000000001,0.9840000000000001,0.9840000000000001,0.9142857142857144,0.0,0.0,0.8315030434909096,0.0,0.0
1537.0,0.9545454545454548,0.9840000000000001,0.9840000000000001,0.9840000000000001,0.9142857142857144,0.0,0.0,0.8315030434909096,0.0,0.0
1537.5,0.9545454545454548,0.9840000000000001,0.9840000000000001,0.9840000000000001,0.9142857142857144,0.0,0.0,0.8315030434909096,0.0,0.0
1538.0,0.9545454545454548,0.9840000000000001,0.9840000000000001,0.9840000000000001,0.9142857142857144,0.0,0.0,0.8315030434909096,0.0,0.0
1538.5,0.9545454545454548,0.9840000000000001,0.9840000000000001,0.9840000000000001,0.9142857142857144,0.0,0.0,0.8315030434909096,0.0,0.0
1539.0,0.9545454545454548,0.9840000000000001,0.9840000000000001,0.9840000000000001,0.9142857142857144,0.0,0.0,0.8315030434909096,0.0,0.0
1539.5,0.9545454545454548,0.9840000000000001,0.9840000000000001,0.9840000000000001,0.9142857142857144,0.0,0.0,0.8315030434909096,0.0,0.0
1540.0,0.9545454545454548,0.9840000000000001,0.9840000000000001,0.9840000000000001,0.9142857142857144,0.0,0.0,0.8315030434909096,0.0,0.0
1540.5,0.9545454545454548,0.9840000000000001,0.9840000000000001,0.9840000000000001,0.9142857142857144,0.0,0.0,0.8315030434909096,0.0,0.0
1541.0,0.954607272727273,0.9840000000000001,0.9840000000000001,0.9840000000000001,0.9142857142857144,0.0,0.0,0.8315568932118215,0.0,0.0
1541.5,0.9546745454545457,0.9840000000000001,0.9840000000000001,0.9840000000000001,0.9142857142857144,0.0,0.0,0.831615494378696,0.0,0.0
1542.0,0.9547418181818184,0.9840000000000001,0.9840000000000001,0.9840000000000001,0.9142857142857144,0.0,0.0,0.8316740955455706,0.0,0.0
1542.5,0.954809090909091,0.9840000000000001,0.9840000000000001,0.9840000000000001,0.9142857142857144,0.0,0.0,0.8317326967124451,0.0,0.0
1543.0,0.9548763636363637,0.9840000000000001,0.9840000000000001,0.9840000000000001,0.9142857142857144,0.0,0.0,0.8317912978793196,0.0,0.0
1543.5,0.954909090909091,0.9840000000000001,0.9840000000000001,0.9840000000000001,0.9142857142857144,0.0,0.0,0.8318198065550966,0.0,0.0
1544.0,0.954909090909091,0.9840000000000001,0.9840000000000001,0.9840000000000001,0.9142857142857144,0.0,0.0,0.8318198065550966,0.0,0.0
1544.5,0.954909090909091,0.9840000000000001,0.9840000000000001,0.9840000000000001,0.9142857142857144,0.0,0.0,0.8318198065550966,0.0,0.0
1545.0,0.954909090909091,0.9840000000000001,0.9840000000000001,0.9840000000000001,0.9142857142857144,0.0,0.0,0.8318198065550966,0.0,0.0
1545.5,0.954909090909091,0.9840000000000001,0.9840000000000001,0.9840000000000001,0.9142857142857144,0.0,0.0,0.8318198065550966,0.0,0.0
1546.0,0.954909090909091,0.9840000000000001,0.9840000000000001,0.9840000000000001,0.9142857142857144,0.0,0.0,0.8318198065550966,0.0,0.0
1546.5,0.954909090909091,0.9840000000000001,0.9840000000000001,0.9840000000000001,0.9142857142857144,0.0,0.0,0.8318198065550966,0.0,0.0
1547.0,0.954909090909091,0.9840000000000001,0.9840000000000001,0.9840000000000001,0.9142857142857144,0.0,0.0,0.8318198065550966,0.0,0.0
1547.5,0.954909090909091,0.9840000000000001,0.9840000000000001,0.9840000000000001,0.9142857142857144,0.0,0.0,0.8318198065550966,0.0,0.0
1548.0,0.954909090909091,0.9840000000000001,0.9840000000000001,0.9840000000000001,0.9142857142857144,0.0,0.0,0.8318198065550966,0.0,0.0
1548.5,0.954909090909091,0.9840000000000001,0.9840000000000001,0.9840000000000001,0.9142857142857144,0.0,0.0,0.8318198065550966,0.0,0.0
1549.0,0.954909090909091,0.9840000000000001,0.9840000000000001,0.9840000000000001,0.9142857142857144,0.0,0.0,0.8318198065550966,0.0,0.0
1549.5,0.954909090909091,0.9840000000000001,0.9840000000000001,0.9840000000000001,0.9142857142857144,0.0,0.0,0.8318198065550966,0.0,0.0
1550.0,0.954909090909091,0.9840000000000001,0.9840000000000001,0.9840000000000001,0.9142857142857144,0.0,0.0,0.8318198065550966,0.0,0.0
1550.5,0.954909090909091,0.9840000000000001,0.9840000000000001,0.9840000000000001,0.9142857142857144,0.0,0.0,0.8318198065550966,0.0,0.0
1551.0,0.954909090909091,0.9840000000000001,0.9840000000000001,0.9840000000000001,0.9142857142857144,0.0,0.0,0.8318198065550966,0.0,0.0
1551.5,0.954909090909091,0.9840000000000001,0.9840000000000001,0.9840000000000001,0.9142857142857144,0.0,0.0,0.8318198065550966,0.0,0.0
1552.0,0.954909090909091,0.9840000000000001,0.9840000000000001,0.9840000000000001,0.9142857142857144,0.0,0.0,0.8318198065550966,0.0,0.0
1552.5,0.954909090909091,0.9840000000000001,0.9840000000000001,0.9840000000000001,0.9142857142857144,0.0,0.0,0.8318198065550966,0.0,0.0
1553.0,0.954909090909091,0.9840000000000001,0.9840000000000001,0.9840000000000001,0.9142857142857144,0.0,0.0,0.8318198065550966,0.0,0.0
1553.5,0.954909090909091,0.9840000000000001,0.9840000000000001,0.9840000000000001,0.9142857142857144,0.0,0.0,0.8318198065550966,0.0,0.0
1554.0,0.954909090909091,0.9840000000000001,0.9840000000000001,0.9840000000000001,0.9142857142857144,0.0,0.0,0.8318198065550966,0.0,0.0
1554.5,0.9549690909090911,0.9840000000000001,0.9840000000000001,0.9840000000000001,0.9142857142857144,0.0,0.0,0.8318720724606874,0.0,0.0
1555.0,0.9550363636363638,0.9840000000000001,0.9840000000000001,0.9840000000000001,0.9142857142857144,0.0,0.0,0.8319306736275621,0.0,0.0
1555.5,0.9551036363636366,0.9840000000000001,0.9840000000000001,0.9840000000000001,0.9142857142857144,0.0,0.0,0.8319892747944366,0.0,0.0
1556.0,0.9551709090909094,0.9840000000000001,0.9840000000000001,0.9840000000000001,0.9142857142857144,0.0,0.0,0.8320478759613114,0.0,0.0
1556.5,0.9552381818181821,0.9840000000000001,0.9840000000000001,0.9840000000000001,0.9142857142857144,0.0,0.0,0.8321064771281859,0.0,0.0
1557.0,0.9552727272727276,0.9840000000000001,0.9840000000000001,0.9840000000000001,0.9142857142857144,0.0,0.0,0.8321365696192837,0.0,0.0
1557.5,0.9552727272727276,0.9840000000000001,0.9840000000000001,0.9840000000000001,0.9142857142857144,0.0,0.0,0.8321365696192837,0.0,0.0
1558.0,0.9552727272727276,0.9840000000000001,0.9840000000000001,0.9840000000000001,0.9142857142857144,0.0,0.0,0.8321365696192837,0.0,0.0
1558.5,0.9552727272727276,0.9840000000000001,0.9840000000000001,0.9840000000000001,0.9142857142857144,0.0,0.0,0.8321365696192837,0.0,0.0
1559.0,0.9552727272727276,0.9840000000000001,0.9840000000000001,0.9840000000000001,0.9142857142857144,0.0,0.0,0.8321365696192837,0.0,0.0
1559.5,0.9552727272727276,0.9840000000000001,0.9840000000000001,0.9840000000000001,0.9142857142857144,0.0,0.0,0.8321365696192837,0.0,0.0
1560.0,0.9552727272727276,0.9840000000000001,0.9840000000000001,0.9840000000000001,0.9142857142857144,0.0,0.0,0.8321365696192837,0.0,0.0
1560.5,0.9552727272727276,0.9840000000000001,0.9840000000000001,0.9840000000000001,0.9142857142857144,0.0,0.0,0.8321365696192837,0.0,0.0
1561.0,0.9552727272727276,0.9840000000000001,0.9840000000000001,0.9840000000000001,0.9142857142857144,0.0,0.0,0.8321365696192837,0.0,0.0
1561.5,0.9552727272727276,0.9840000000000001,0.9840000000000001,0.9840000000000001,0.9142857142857144,0.0,0.0,0.8321365696192837,0.0,0.0
1562.0,0.9552727272727276,0.9840000000000001,0.9840000000000001,0.9840000000000001,0.9142857142857144,0.0,0.0,0.8321365696192837,0.0,0.0
1562.5,0.9552727272727276,0.9840000000000001,0.9840000000000001,0.9840000000000001,0.9142857142857144,0.0,0.0,0.8321365696192837,0.0,0.0
1563.0,0.9552727272727276,0.9840000000000001,0.9840000000000001,0.9840000000000001,0.9142857142857144,0.0,0.0,0.8321365696192837,0.0,0.0
1563.5,0.9552727272727276,0.9840000000000001,0.9840000000000001,0.9840000000000001,0.9142857142857144,0.0,0.0,0.8321365696192837,0.0,0.0
1564.0,0.9552727272727276,0.9840000000000001,0.9840000000000001,0.9840000000000001,0.9142857142857144,0.0,0.0,0.8321365696192837,0.0,0.0
1564.5,0.9552727272727276,0.9840000000000001,0.9840000000000001,0.9840000000000001,0.9142857142857144,0.0,0.0,0.8321365696192837,0.0,0.0
1565.0,0.9552727272727276,0.9840000000000001,0.9840000000000001,0.9840000000000001,0.9142857142857144,0.0,0.0,0.8321365696192837,0.0,0.0
1565.5,0.9552727272727276,0.9840000000000001,0.9840000000000001,0.9840000000000001,0.9142857142857144,0.0,0.0,0.8321365696192837,0.0,0.0
1566.0,0.9552727272727276,0.9840000000000001,0.9840000000000001,0.9840000000000001,0.9142857142857144,0.0,0.0,0.8321365696192837,0.0,0.0
1566.5,0.9552727272727276,0.9840000000000001,0.9840000000000001,0.9840000000000001,0.9142857142857144,0.0,0.0,0.8321365696192837,0.0,0.0
1567.0,0.9552727272727276,0.9840000000000001,0.9840000000000001,0.9840000000000001,0.9142857142857144,0.0,0.0,0.8321365696192837,0.0,0.0
1567.5,0.9552727272727276,0.9840000000000001,0.9840000000000001,0.9840000000000001,0.9142857142857144,0.0,0.0,0.8321365696192837,0.0,0.0
1568.0,0.9553309090909093,0.9840000000000001,0.9840000000000001,0.9840000000000001,0.9142857142857144,0.0,0.0,0.8321872517095535,0.0,0.0
1568.5,0.955398181818182,0.9840000000000001,0.9840000000000001,0.9840000000000001,0.9142857142857144,0.0,0.0,0.8322458528764283,0.0,0.0
1569.0,0.9554654545454547,0.9840000000000001,0.9840000000000001,0.9840000000000001,0.9142857142857144,0.0,0.0,0.8323044540433028,0.0,0.0
1569.5,0.9555327272727274,0.9840000000000001,0.9840000000000001,0.9840000000000001,0.9142857142857144,0.0,0.0,0.8323630552101772,0.0,0.0
1570.0,0.9556000000000001,0.9840000000000001,0.9840000000000001,0.9840000000000001,0.9142857142857144,0.0,0.0,0.8324216563770519,0.0,0.0
1570.5,0.9556672727272728,0.9840000000000001,0.9840000000000001,0.9840000000000001,0.9142857142857144,0.0,0.0,0.8324802575439264,0.0,0.0
1571.0,0.9557345454545455,0.9840000000000001,0.9840000000000001,0.9840000000000001,0.9142857142857144,0.0,0.0,0.8325388587108009,0.0,0.0
1571.5,0.9558018181818182,0.9840000000000001,0.9840000000000001,0.9840000000000001,0.9142857142857144,0.0,0.0,0.8325974598776755,0.0,0.0
1572.0,0.9558690909090909,0.9840000000000001,0.9840000000000001,0.9840000000000001,0.9142857142857144,0.0,0.0,0.8326560610445501,0.0,0.0
1572.5,0.9559363636363636,0.9840000000000001,0.9840000000000001,0.9840000000000001,0.9142857142857144,0.0,0.0,0.8327146622114248,0.0,0.0
1573.0,0.9559963636363636,0.9840000000000001,0.9840000000000001,0.9840000000000001,0.9142857142857144,0.0,0.0,0.8327669281170156,0.0,0.0
1573.5,0.9559290909090908,0.9840000000000001,0.9840000000000001,0.9840000000000001,0.9142857142857144,0.0,0.0,0.8327083269501409,0.0,0.0
1574.0,0.9558618181818181,0.9840000000000001,0.9840000000000001,0.9840000000000001,0.9142857142857144,0.0,0.0,0.8326497257832665,0.0,0.0
1574.5,0.9557945454545455,0.9840000000000001,0.9840000000000001,0.9840000000000001,0.9142857142857144,0.0,0.0,0.8325911246163918,0.0,0.0
1575.0,0.9557272727272728,0.9840000000000001,0.9840000000000001,0.9840000000000001,0.9142857142857144,0.0,0.0,0.8325325234495172,0.0,0.0
1575.5,0.9556600000000001,0.9840000000000001,0.9840000000000001,0.9840000000000001,0.9142857142857144,0.0,0.0,0.8324739222826427,0.0,0.0
1576.0,0.9556800000000001,0.9840000000000001,0.9840000000000001,0.9840000000000001,0.9142857142857144,0.0,0.0,0.832491344251173,0.0,0.0
1576.5,0.9557472727272728,0.9840000000000001,0.9840000000000001,0.9840000000000001,0.9142857142857144,0.0,0.0,0.8325499454180476,0.0,0.0
1577.0,0.9558145454545455,0.9840000000000001,0.9840000000000001,0.9840000000000001,0.9142857142857144,0.0,0.0,0.8326085465849221,0.0,0.0
1577.5,0.9558818181818182,0.9840000000000001,0.9840000000000001,0.9840000000000001,0.9142857142857144,0.0,0.0,0.8326671477517967,0.0,0.0
1578.0,0.9559490909090909,0.9840000000000001,0.9840000000000001,0.9840000000000001,0.9142857142857144,0.0,0.0,0.8327257489186713,0.0,0.0
1578.5,0.956,0.9840000000000001,0.9840000000000001,0.9840000000000001,0.9142857142857144,0.0,0.0,0.8327700957476575,0.0,0.0
1579.0,0.956,0.9840000000000001,0.9840000000000001,0.9840000000000001,0.9142857142857144,0.0,0.0,0.8327700957476575,0.0,0.0
1579.5,0.956,0.9840000000000001,0.9840000000000001,0.9840000000000001,0.9142857142857144,0.0,0.0,0.8327700957476575,0.0,0.0
1580.0,0.956,0.9840000000000001,0.9840000000000001,0.9840000000000001,0.9142857142857144,0.0,0.0,0.8327700957476575,0.0,0.0
1580.5,0.956,0.9840000000000001,0.9840000000000001,0.9840000000000001,0.9142857142857144,0.0,0.0,0.8327700957476575,0.0,0.0
1581.0,0.956,0.9840000000000001,0.9840000000000001,0.9840000000000001,0.9142857142857144,0.0,0.0,0.8327700957476575,0.0,0.0
1581.5,0.9562818181818182,0.9840000000000001,0.9840000000000001,0.9840000000000001,0.9142857142857144,0.0,0.0,0.8330155871224024,0.0,0.0
1582.0,0.9566181818181819,0.9840000000000001,0.9840000000000001,0.9840000000000001,0.9142857142857144,0.0,0.0,0.8333085929567754,0.0,0.0
1582.5,0.9569545454545456,0.9840000000000001,0.9840000000000001,0.9840000000000001,0.9142857142857144,0.0,0.0,0.8336015987911485,0.0,0.0
1583.0,0.9572909090909093,0.9840000000000001,0.9840000000000001,0.9840000000000001,0.9142857142857144,0.0,0.0,0.8338946046255215,0.0,0.0
1583.5,0.957627272727273,0.9840000000000001,0.9840000000000001,0.9840000000000001,0.9142857142857144,0.0,0.0,0.8341876104598945,0.0,0.0
1584.0,0.9578181818181819,0.9840000000000001,0.9840000000000001,0.9840000000000001,0.9142857142857144,0.0,0.0,0.8343539110685925,0.0,0.0
1584.5,0.9578181818181819,0.9840000000000001,0.9840000000000001,0.9840000000000001,0.9142857142857144,0.0,0.0,0.8343539110685925,0.0,0.0
1585.0,0.9578181818181819,0.9840000000000001,0.9840000000000001,0.9840000000000001,0.9142857142857144,0.0,0.0,0.8343539110685925,0.0,0.0
1585.5,0.9578181818181819,0.9840000000000001,0.9840000000000001,0.9840000000000001,0.9142857142857144,0.0,0.0,0.8343539110685925,0.0,0.0
1586.0,0.9578181818181819,0.9840000000000001,0.9840000000000001,0.9840000000000001,0.9142857142857144,0.0,0.0,0.8343539110685925,0.0,0.0
1586.5,0.9578109090909092,0.9840000000000001,0.9840000000000001,0.9840000000000001,0.9142857142857144,0.0,0.0,0.8343475758073089,0.0,0.0
1587.0,0.9575418181818183,0.9840000000000001,0.9840000000000001,0.9840000000000001,0.9142857142857144,0.0,0.0,0.8341131711398104,0.0,0.0
1587.5,0.9572727272727273,0.9840000000000001,0.9840000000000001,0.9840000000000001,0.9142857142857144,0.0,0.0,0.833878766472312,0.0,0.0
1588.0,0.9570036363636364,0.9840000000000001,0.9840000000000001,0.9840000000000001,0.9142857142857144,0.0,0.0,0.8336443618048136,0.0,0.0
1588.5,0.9567345454545455,0.9840000000000001,0.9840000000000001,0.9840000000000001,0.9142857142857144,0.0,0.0,0.8334099571373154,0.0,0.0
1589.0,0.9564654545454546,0.9840000000000001,0.9840000000000001,0.9840000000000001,0.9142857142857144,0.0,0.0,0.833175552469817,0.0,0.0
1589.5,0.9563636363636364,0.9840000000000001,0.9840000000000001,0.9840000000000001,0.9142857142857144,0.0,0.0,0.8330868588118445,0.0,0.0
1590.0,0.9563636363636364,0.9840000000000001,0.9840000000000001,0.9840000000000001,0.9142857142857144,0.0,0.0,0.8330868588118445,0.0,0.0
1590.5,0.9563636363636364,0.9840000000000001,0.9840000000000001,0.9840000000000001,0.9142857142857144,0.0,0.0,0.8330868588118445,0.0,0.0
1591.0,0.9563636363636364,0.9840000000000001,0.9840000000000001,0.9840000000000001,0.9142857142857144,0.0,0.0,0.8330868588118445,0.0,0.0
1591.5,0.9563636363636364,0.9840000000000001,0.9840000000000001,0.9840000000000001,0.9142857142857144,0.0,0.0,0.8330868588118445,0.0,0.0
1592.0,0.9563781818181818,0.9840000000000001,0.9840000000000001,0.9840000000000001,0.9142857142857144,0.0,0.0,0.8330995293344119,0.0,0.0
1592.5,0.9564454545454546,0.9840000000000001,0.9840000000000001,0.9840000000000001,0.9142857142857144,0.0,0.0,0.8331581305012866,0.0,0.0
1593.0,0.9565127272727273,0.9840000000000001,0.9840000000000001,0.9840000000000001,0.9142857142857144,0.0,0.0,0.8332167316681612,0.0,0.0
1593.5,0.9565800000000001,0.9840000000000001,0.9840000000000001,0.9840000000000001,0.9142857142857144,0.0,0.0,0.8332753328350359,0.0,0.0
1594.0,0.9566472727272728,0.9840000000000001,0.9840000000000001,0.9840000000000001,0.9142857142857144,0.0,0.0,0.8333339340019105,0.0,0.0
1594.5,0.9567145454545456,0.9840000000000001,0.9840000000000001,0.9840000000000001,0.9142857142857144,0.0,0.0,0.8333925351687851,0.0,0.0
1595.0,0.9567272727272729,0.9840000000000001,0.9840000000000001,0.9840000000000001,0.9142857142857144,0.0,0.0,0.8334036218760316,0.0,0.0
1595.5,0.9567272727272729,0.9840000000000001,0.9840000000000001,0.9840000000000001,0.9142857142857144,0.0,0.0,0.8334036218760316,0.0,0.0
1596.0,0.9567272727272729,0.9840000000000001,0.9840000000000001,0.9840000000000001,0.9142857142857144,0.0,0.0,0.8334036218760316,0.0,0.0
1596.5,0.9567272727272729,0.9840000000000001,0.9840000000000001,0.9840000000000001,0.9142857142857144,0.0,0.0,0.8334036218760316,0.0,0.0
1597.0,0.9567272727272729,0.9840000000000001,0.9840000000000001,0.9840000000000001,0.9142857142857144,0.0,0.0,0.8334036218760316,0.0,0.0
1597.5,0.9567272727272729,0.9840000000000001,0.9840000000000001,0.9840000000000001,0.9142857142857144,0.0,0.0,0.8334036218760316,0.0,0.0
1598.0,0.9567272727272729,0.9840000000000001,0.9840000000000001,0.9840000000000001,0.9142857142857144,0.0,0.0,0.8334036218760316,0.0,0.0
1598.5,0.9567272727272729,0.9840000000000001,0.9840000000000001,0.9840000000000001,0.9142857142857144,0.0,0.0,0.8334036218760316,0.0,0.0
1599.0,0.9567272727272729,0.9840000000000001,0.9840000000000001,0.9840000000000001,0.9142857142857144,0.0,0.0,0.8334036218760316,0.0,0.0
1599.5,0.9567272727272729,0.9840000000000001,0.9840000000000001,0.9840000000000001,0.9142857142857144,0.0,0.0,0.8334036218760316,0.0,0.0
1600.0,0.9567272727272729,0.9840000000000001,0.9840000000000001,0.9840000000000001,0.9142857142857144,0.0,0.0,0.8334036218760316,0.0,0.0
1600.5,0.9567272727272729,0.9840000000000001,0.9840000000000001,0.9840000000000001,0.9142857142857144,0.0,0.0,0.8334036218760316,0.0,0.0
1601.0,0.9567272727272729,0.9840000000000001,0.9840000000000001,0.9840000000000001,0.9142857142857144,0.0,0.0,0.8334036218760316,0.0,0.0
1601.5,0.9567272727272729,0.9840000000000001,0.9840000000000001,0.9840000000000001,0.9142857142857144,0.0,0.0,0.8334036218760316,0.0,0.0
1602.0,0.9567272727272729,0.9840000000000001,0.9840000000000001,0.9840000000000001,0.9142857142857144,0.0,0.0,0.8334036218760316,0.0,0.0
1602.5,0.9567272727272729,0.9840000000000001,0.9840000000000001,0.9840000000000001,0.9142857142857144,0.0,0.0,0.8334036218760316,0.0,0.0
1603.0,0.9567272727272729,0.9840000000000001,0.9840000000000001,0.9840000000000001,0.9142857142857144,0.0,0.0,0.8334036218760316,0.0,0.0
1603.5,0.9567272727272729,0.9840000000000001,0.9840000000000001,0.9840000000000001,0.9142857142857144,0.0,0.0,0.8334036218760316,0.0,0.0
1604.0,0.9567272727272729,0.9840000000000001,0.9840000000000001,0.9840000000000001,0.9142857142857144,0.0,0.0,0.8334036218760316,0.0,0.0
1604.5,0.9567272727272729,0.9840000000000001,0.9840000000000001,0.9840000000000001,0.9142857142857144,0.0,0.0,0.8334036218760316,0.0,0.0
1605.0,0.9567272727272729,0.9840000000000001,0.9840000000000001,0.9840000000000001,0.9142857142857144,0.0,0.0,0.8334036218760316,0.0,0.0
1605.5,0.9567400000000001,0.9840000000000001,0.9840000000000001,0.9840000000000001,0.9142857142857144,0.0,0.0,0.8334147085832782,0.0,0.0
1606.0,0.9568072727272728,0.9840000000000001,0.9840000000000001,0.9840000000000001,0.9142857142857144,0.0,0.0,0.8334733097501527,0.0,0.0
1606.5,0.9568745454545456,0.9840000000000001,0.9840000000000001,0.9840000000000001,0.9142857142857144,0.0,0.0,0.8335319109170274,0.0,0.0
1607.0,0.9569418181818183,0.9840000000000001,0.9840000000000001,0.9840000000000001,0.9142857142857144,0.0,0.0,0.8335905120839019,0.0,0.0
1607.5,0.957009090909091,0.9840000000000001,0.9840000000000001,0.9840000000000001,0.9142857142857144,0.0,0.0,0.8336491132507765,0.0,0.0
1608.0,0.9570763636363638,0.9840000000000001,0.9840000000000001,0.9840000000000001,0.9142857142857144,0.0,0.0,0.8337077144176512,0.0,0.0
1608.5,0.9570909090909092,0.9840000000000001,0.9840000000000001,0.9840000000000001,0.9142857142857144,0.0,0.0,0.8337203849402186,0.0,0.0
1609.0,0.9570909090909092,0.9840000000000001,0.9840000000000001,0.9840000000000001,0.9142857142857144,0.0,0.0,0.8337203849402186,0.0,0.0
1609.5,0.9570909090909092,0.9840000000000001,0.9840000000000001,0.9840000000000001,0.9142857142857144,0.0,0.0,0.8337203849402186,0.0,0.0
1610.0,0.9570909090909092,0.9840000000000001,0.9840000000000001,0.9840000000000001,0.9142857142857144,0.0,0.0,0.8337203849402186,0.0,0.0
1610.5,0.9570909090909092,0.9840000000000001,0.9840000000000001,0.9840000000000001,0.9142857142857144,0.0,0.0,0.8337203849402186,0.0,0.0
1611.0,0.9570909090909092,0.9840000000000001,0.9840000000000001,0.9840000000000001,0.9142857142857144,0.0,0.0,0.8337203849402186,0.0,0.0
1611.5,0.9570909090909092,0.9840000000000001,0.9840000000000001,0.9840000000000001,0.9142857142857144,0.0,0.0,0.8337203849402186,0.0,0.0
1612.0,0.9570909090909092,0.9840000000000001,0.9840000000000001,0.9840000000000001,0.9142857142857144,0.0,0.0,0.8337203849402186,0.0,0.0
1612.5,0.9570909090909092,0.9840000000000001,0.9840000000000001,0.9840000000000001,0.9142857142857144,0.0,0.0,0.8337203849402186,0.0,0.0
1613.0,0.9570909090909092,0.9840000000000001,0.9840000000000001,0.9840000000000001,0.9142857142857144,0.0,0.0,0.8337203849402186,0.0,0.0
1613.5,0.9570909090909092,0.9840000000000001,0.9840000000000001,0.9840000000000001,0.9142857142857144,0.0,0.0,0.8337203849402186,0.0,0.0
1614.0,0.9570909090909092,0.9840000000000001,0.9840000000000001,0.9840000000000001,0.9142857142857144,0.0,0.0,0.8337203849402186,0.0,0.0
1614.5,0.9570909090909092,0.9840000000000001,0.9840000000000001,0.9840000000000001,0.9142857142857144,0.0,0.0,0.8337203849402186,0.0,0.0
1615.0,0.9570909090909092,0.9840000000000001,0.9840000000000001,0.9840000000000001,0.9142857142857144,0.0,0.0,0.8337203849402186,0.0,0.0
1615.5,0.9570909090909092,0.9840000000000001,0.9840000000000001,0.9840000000000001,0.9142857142857144,0.0,0.0,0.8337203849402186,0.0,0.0
1616.0,0.9570909090909092,0.9840000000000001,0.9840000000000001,0.9840000000000001,0.9142857142857144,0.0,0.0,0.8337203849402186,0.0,0.0
1616.5,0.9570909090909092,0.9840000000000001,0.9840000000000001,0.9840000000000001,0.9142857142857144,0.0,0.0,0.8337203849402186,0.0,0.0
1617.0,0.9570909090909092,0.9840000000000001,0.9840000000000001,0.9840000000000001,0.9142857142857144,0.0,0.0,0.8337203849402186,0.0,0.0
1617.5,0.9570909090909092,0.9840000000000001,0.9840000000000001,0.9840000000000001,0.9142857142857144,0.0,0.0,0.8337203849402186,0.0,0.0
1618.0,0.9570909090909092,0.9840000000000001,0.9840000000000001,0.9840000000000001,0.9142857142857144,0.0,0.0,0.8337203849402186,0.0,0.0
1618.5,0.9570909090909092,0.9840000000000001,0.9840000000000001,0.9840000000000001,0.9142857142857144,0.0,0.0,0.8337203849402186,0.0,0.0
1619.0,0.9571018181818183,0.9840000000000001,0.9840000000000001,0.9840000000000001,0.9142857142857144,0.0,0.0,0.8337298878321442,0.0,0.0
1619.5,0.9571690909090911,0.9840000000000001,0.9840000000000001,0.9840000000000001,0.9142857142857144,0.0,0.0,0.8337884889990188,0.0,0.0
1620.0,0.9572363636363638,0.9840000000000001,0.9840000000000001,0.9840000000000001,0.9142857142857144,0.0,0.0,0.8338470901658934,0.0,0.0
1620.5,0.9573036363636366,0.9840000000000001,0.9840000000000001,0.9840000000000001,0.9142857142857144,0.0,0.0,0.8339056913327682,0.0,0.0
1621.0,0.9573709090909093,0.9840000000000001,0.9840000000000001,0.9840000000000001,0.9142857142857144,0.0,0.0,0.8339642924996427,0.0,0.0
1621.5,0.9574381818181821,0.9840000000000001,0.9840000000000001,0.9840000000000001,0.9142857142857144,0.0,0.0,0.8340228936665174,0.0,0.0
1622.0,0.9575054545454548,0.9840000000000001,0.9840000000000001,0.9840000000000001,0.9142857142857144,0.0,0.0,0.8340814948333919,0.0,0.0
1622.5,0.9575727272727275,0.9840000000000001,0.9840000000000001,0.9840000000000001,0.9142857142857144,0.0,0.0,0.8341400960002665,0.0,0.0
1623.0,0.9576400000000002,0.9840000000000001,0.9840000000000001,0.9840000000000001,0.9142857142857144,0.0,0.0,0.834198697167141,0.0,0.0
1623.5,0.9577072727272729,0.9840000000000001,0.9840000000000001,0.9840000000000001,0.9142857142857144,0.0,0.0,0.8342572983340155,0.0,0.0
1624.0,0.9577745454545455,0.9840000000000001,0.9840000000000001,0.9840000000000001,0.9142857142857144,0.0,0.0,0.8343158995008902,0.0,0.0
1624.5,0.9578181818181819,0.9840000000000001,0.9840000000000001,0.9840000000000001,0.9142857142857144,0.0,0.0,0.8343539110685925,0.0,0.0
1625.0,0.9578181818181819,0.9840000000000001,0.9840000000000001,0.9840000000000001,0.9142857142857144,0.0,0.0,0.8343539110685925,0.0,0.0
1625.5,0.9578181818181819,0.9840000000000001,0.9840000000000001,0.9840000000000001,0.9142857142857144,0.0,0.0,0.8343539110685925,0.0,0.0
1626.0,0.9578181818181819,0.9840000000000001,0.9840000000000001,0.9840000000000001,0.9142857142857144,0.0,0.0,0.8343539110685925,0.0,0.0
1626.5,0.9578181818181819,0.9840000000000001,0.9840000000000001,0.9840000000000001,0.9142857142857144,0.0,0.0,0.8343539110685925,0.0,0.0
1627.0,0.9578181818181819,0.9840000000000001,0.9840000000000001,0.9840000000000001,0.9142857142857144,0.0,0.0,0.8343539110685925,0.0,0.0
1627.5,0.9578181818181819,0.9840000000000001,0.9840000000000001,0.9840000000000001,0.9142857142857144,0.0,0.0,0.8343539110685925,0.0,0.0
1628.0,0.9578181818181819,0.9840000000000001,0.9840000000000001,0.9840000000000001,0.9142857142857144,0.0,0.0,0.8343539110685925,0.0,0.0
1628.5,0.9578181818181819,0.9840000000000001,0.9840000000000001,0.9840000000000001,0.9142857142857144,0.0,0.0,0.8343539110685925,0.0,0.0
1629.0,0.9578181818181819,0.9840000000000001,0.9840000000000001,0.9840000000000001,0.9142857142857144,0.0,0.0,0.8343539110685925,0.0,0.0
1629.5,0.9578181818181819,0.9840000000000001,0.9840000000000001,0.9840000000000001,0.9142857142857144,0.0,0.0,0.8343539110685925,0.0,0.0
1630.0,0.9577818181818183,0.9840000000000001,0.9840000000000001,0.9840000000000001,0.9142857142857144,0.0,0.0,0.8343222347621739,0.0,0.0
1630.5,0.9577145454545456,0.9840000000000001,0.9840000000000001,0.9840000000000001,0.9142857142857144,0.0,0.0,0.8342636335952993,0.0,0.0
1631.0,0.9576472727272729,0.9840000000000001,0.9840000000000001,0.9840000000000001,0.9142857142857144,0.0,0.0,0.8342050324284247,0.0,0.0
1631.5,0.9575800000000002,0.9840000000000001,0.9840000000000001,0.9840000000000001,0.9142857142857144,0.0,0.0,0.8341464312615503,0.0,0.0
1632.0,0.9575127272727275,0.9840000000000001,0.9840000000000001,0.9840000000000001,0.9142857142857144,0.0,0.0,0.8340878300946756,0.0,0.0
1632.5,0.9574636363636365,0.9840000000000001,0.9840000000000001,0.9840000000000001,0.9142857142857144,0.0,0.0,0.8340450670810102,0.0,0.0
1633.0,0.9575309090909093,0.9840000000000001,0.9840000000000001,0.9840000000000001,0.9142857142857144,0.0,0.0,0.8341036682478848,0.0,0.0
1633.5,0.957598181818182,0.9840000000000001,0.9840000000000001,0.9840000000000001,0.9142857142857144,0.0,0.0,0.8341622694147596,0.0,0.0
1634.0,0.9576654545454547,0.9840000000000001,0.9840000000000001,0.9840000000000001,0.9142857142857144,0.0,0.0,0.8342208705816342,0.0,0.0
1634.5,0.9577327272727274,0.9840000000000001,0.9840000000000001,0.9840000000000001,0.9142857142857144,0.0,0.0,0.8342794717485086,0.0,0.0
1635.0,0.9578000000000001,0.9840000000000001,0.9840000000000001,0.9840000000000001,0.9142857142857144,0.0,0.0,0.8343380729153832,0.0,0.0
1635.5,0.9578672727272729,0.9840000000000001,0.9840000000000001,0.9840000000000001,0.9142857142857144,0.0,0.0,0.834396674082258,0.0,0.0
1636.0,0.9579345454545456,0.9840000000000001,0.9840000000000001,0.9840000000000001,0.9142857142857144,0.0,0.0,0.8344552752491324,0.0,0.0
1636.5,0.9580018181818184,0.9840000000000001,0.9840000000000001,0.9840000000000001,0.9142857142857144,0.0,0.0,0.8345138764160072,0.0,0.0
1637.0,0.9580690909090912,0.9840000000000001,0.9840000000000001,0.9840000000000001,0.9142857142857144,0.0,0.0,0.8345724775828818,0.0,0.0
1637.5,0.9581363636363639,0.9840000000000001,0.9840000000000001,0.9840000000000001,0.9142857142857144,0.0,0.0,0.8346310787497565,0.0,0.0
1638.0,0.9582472727272731,0.9840000000000001,0.9840000000000001,0.9840000000000001,0.9142857142857144,0.0,0.0,0.8347276914843335,0.0,0.0
1638.5,0.9584490909090911,0.9840000000000001,0.9840000000000001,0.9840000000000001,0.9142857142857144,0.0,0.0,0.8349034949849572,0.0,0.0
1639.0,0.9586509090909093,0.9840000000000001,0.9840000000000001,0.9840000000000001,0.9142857142857144,0.0,0.0,0.8350792984855809,0.0,0.0
1639.5,0.9588527272727274,0.9840000000000001,0.9840000000000001,0.9840000000000001,0.9142857142857144,0.0,0.0,0.8352551019862047,0.0,0.0
1640.0,0.9590545454545456,0.9840000000000001,0.9840000000000001,0.9840000000000001,0.9142857142857144,0.0,0.0,0.8354309054868285,0.0,0.0
1640.5,0.9592563636363637,0.9840000000000001,0.9840000000000001,0.9840000000000001,0.9142857142857144,0.0,0.0,0.8356067089874523,0.0,0.0
1641.0,0.9592727272727274,0.9840000000000001,0.9840000000000001,0.9840000000000001,0.9142857142857144,0.0,0.0,0.8356209633253407,0.0,0.0
1641.5,0.9592727272727274,0.9840000000000001,0.9840000000000001,0.9840000000000001,0.9142857142857144,0.0,0.0,0.8356209633253407,0.0,0.0
1642.0,0.9592727272727274,0.9840000000000001,0.9840000000000001,0.9840000000000001,0.9142857142857144,0.0,0.0,0.8356209633253407,0.0,0.0
1642.5,0.9592727272727274,0.9840000000000001,0.9840000000000001,0.9840000000000001,0.9142857142857144,0.0,0.0,0.8356209633253407,0.0,0.0
1643.0,0.9592727272727274,0.9840000000000001,0.9840000000000001,0.9840000000000001,0.9142857142857144,0.0,0.0,0.8356209633253407,0.0,0.0
1643.5,0.9592381818181819,0.9840000000000001,0.9840000000000001,0.9840000000000001,0.9142857142857144,0.0,0.0,0.835590870834243,0.0,0.0
1644.0,0.9591709090909092,0.9840000000000001,0.9840000000000001,0.9840000000000001,0.9142857142857144,0.0,0.0,0.8355322696673684,0.0,0.0
1644.5,0.9591036363636365,0.9840000000000001,0.9840000000000001,0.9840000000000001,0.9142857142857144,0.0,0.0,0.8354736685004938,0.0,0.0
1645.0,0.9590363636363638,0.9840000000000001,0.9840000000000001,0.9840000000000001,0.9142857142857144,0.0,0.0,0.8354150673336191,0.0,0.0
1645.5,0.9589690909090911,0.9840000000000001,0.9840000000000001,0.9840000000000001,0.9142857142857144,0.0,0.0,0.8353564661667446,0.0,0.0
1646.0,0.9589236363636364,0.9840000000000001,0.9840000000000001,0.9840000000000001,0.9142857142857144,0.0,0.0,0.8353168707837212,0.0,0.0
1646.5,0.9590581818181819,0.9840000000000001,0.9840000000000001,0.9840000000000001,0.9142857142857144,0.0,0.0,0.8354340731174703,0.0,0.0
1647.0,0.9591927272727274,0.9840000000000001,0.9840000000000001,0.9840000000000001,0.9142857142857144,0.0,0.0,0.8355512754512197,0.0,0.0
1647.5,0.9593272727272729,0.9840000000000001,0.9840000000000001,0.9840000000000001,0.9142857142857144,0.0,0.0,0.8356684777849688,0.0,0.0
1648.0,0.9594618181818184,0.9840000000000001,0.9840000000000001,0.9840000000000001,0.9142857142857144,0.0,0.0,0.8357856801187179,0.0,0.0
1648.5,0.9595963636363639,0.9840000000000001,0.9840000000000001,0.9840000000000001,0.9142857142857144,0.0,0.0,0.8359028824524672,0.0,0.0
1649.0,0.9595418181818183,0.9840000000000001,0.9840000000000001,0.9840000000000001,0.9142857142857144,0.0,0.0,0.835855367992839,0.0,0.0
1649.5,0.9594072727272729,0.9840000000000001,0.9840000000000001,0.9840000000000001,0.9142857142857144,0.0,0.0,0.83573816565909,0.0,0.0
1650.0,0.9592727272727274,0.9840000000000001,0.9840000000000001,0.9840000000000001,0.9142857142857144,0.0,0.0,0.8356209633253407,0.0,0.0
1650.5,0.9591381818181819,0.9840000000000001,0.9840000000000001,0.9840000000000001,0.9142857142857144,0.0,0.0,0.8355037609915914,0.0,0.0
1651.0,0.9590036363636365,0.9840000000000001,0.9840000000000001,0.9840000000000001,0.9142857142857144,0.0,0.0,0.8353865586578423,0.0,0.0
1651.5,0.958889090909091,0.9840000000000001,0.9840000000000001,0.9840000000000001,0.9142857142857144,0.0,0.0,0.8352867782926235,0.0,0.0
1652.0,0.9588218181818183,0.9840000000000001,0.9840000000000001,0.9840000000000001,0.9142857142857144,0.0,0.0,0.8352281771257488,0.0,0.0
1652.5,0.9587545454545455,0.9840000000000001,0.9840000000000001,0.9840000000000001,0.9142857142857144,0.0,0.0,0.8351695759588741,0.0,0.0
1653.0,0.9586872727272728,0.9840000000000001,0.9840000000000001,0.9840000000000001,0.9142857142857144,0.0,0.0,0.8351109747919997,0.0,0.0
1653.5,0.95862,0.9840000000000001,0.9840000000000001,0.9840000000000001,0.9142857142857144,0.0,0.0,0.835052373625125,0.0,0.0
1654.0,0.9585527272727273,0.9840000000000001,0.9840000000000001,0.9840000000000001,0.9142857142857144,0.0,0.0,0.8349937724582503,0.0,0.0
1654.5,0.9586054545454546,0.9840000000000001,0.9840000000000001,0.9840000000000001,0.9142857142857144,0.0,0.0,0.8350397031025574,0.0,0.0
1655.0,0.9586727272727273,0.9840000000000001,0.9840000000000001,0.9840000000000001,0.9142857142857144,0.0,0.0,0.8350983042694321,0.0,0.0
1655.5,0.95874,0.9840000000000001,0.9840000000000001,0.9840000000000001,0.9142857142857144,0.0,0.0,0.8351569054363066,0.0,0.0
1656.0,0.9588072727272728,0.9840000000000001,0.9840000000000001,0.9840000000000001,0.9142857142857144,0.0,0.0,0.8352155066031812,0.0,0.0
1656.5,0.9588745454545455,0.9840000000000001,0.9840000000000001,0.9840000000000001,0.9142857142857144,0.0,0.0,0.8352741077700557,0.0,0.0
1657.0,0.9589745454545455,0.9840000000000001,0.9840000000000001,0.9840000000000001,0.9142857142857144,0.0,0.0,0.8353612176127074,0.0,0.0
1657.5,0.959109090909091,0.9840000000000001,0.9840000000000001,0.9840000000000001,0.9142857142857144,0.0,0.0,0.8354784199464566,0.0,0.0
1658.0,0.9592436363636365,0.9840000000000001,0.9840000000000001,0.9840000000000001,0.9142857142857144,0.0,0.0,0.8355956222802057,0.0,0.0
1658.5,0.959378181818182,0.9840000000000001,0.9840000000000001,0.9840000000000001,0.9142857142857144,0.0,0.0,0.8357128246139549,0.0,0.0
1659.0,0.9595127272727274,0.9840000000000001,0.9840000000000001,0.9840000000000001,0.9142857142857144,0.0,0.0,0.8358300269477041,0.0,0.0
1659.5,0.9596309090909093,0.9840000000000001,0.9840000000000001,0.9840000000000001,0.9142857142857144,0.0,0.0,0.8359329749435651,0.0,0.0
1660.0,0.9595636363636366,0.9840000000000001,0.9840000000000001,0.9840000000000001,0.9142857142857144,0.0,0.0,0.8358743737766904,0.0,0.0
1660.5,0.9594963636363638,0.9840000000000001,0.9840000000000001,0.9840000000000001,0.9142857142857144,0.0,0.0,0.8358157726098157,0.0,0.0
1661.0,0.9594290909090911,0.9840000000000001,0.9840000000000001,0.9840000000000001,0.9142857142857144,0.0,0.0,0.8357571714429413,0.0,0.0
1661.5,0.9593618181818183,0.9840000000000001,0.9840000000000001,0.9840000000000001,0.9142857142857144,0.0,0.0,0.8356985702760665,0.0,0.0
1662.0,0.9592945454545455,0.9840000000000001,0.9840000000000001,0.9840000000000001,0.9142857142857144,0.0,0.0,0.8356399691091919,0.0,0.0
1662.5,0.9592727272727274,0.9840000000000001,0.9840000000000001,0.9840000000000001,0.9142857142857144,0.0,0.0,0.8356209633253407,0.0,0.0
1663.0,0.9592727272727274,0.9840000000000001,0.9840000000000001,0.9840000000000001,0.9142857142857144,0.0,0.0,0.8356209633253407,0.0,0.0
1663.5,0.9592727272727274,0.9840000000000001,0.9840000000000001,0.9840000000000001,0.9142857142857144,0.0,0.0,0.8356209633253407,0.0,0.0
1664.0,0.9592727272727274,0.9840000000000001,0.9840000000000001,0.9840000000000001,0.9142857142857144,0.0,0.0,0.8356209633253407,0.0,0.0
1664.5,0.9592727272727274,0.9840000000000001,0.9840000000000001,0.9840000000000001,0.9142857142857144,0.0,0.0,0.8356209633253407,0.0,0.0
1665.0,0.9592727272727274,0.9840000000000001,0.9840000000000001,0.9840000000000001,0.9142857142857144,0.0,0.0,0.8356209633253407,0.0,0.0
1665.5,0.9592727272727274,0.9840000000000001,0.9840000000000001,0.9840000000000001,0.9142857142857144,0.0,0.0,0.8356209633253407,0.0,0.0
1666.0,0.9592727272727274,0.9840000000000001,0.9840000000000001,0.9840000000000001,0.9142857142857144,0.0,0.0,0.8356209633253407,0.0,0.0
1666.5,0.9592727272727274,0.9840000000000001,0.9840000000000001,0.9840000000000001,0.9142857142857144,0.0,0.0,0.8356209633253407,0.0,0.0
1667.0,0.9592727272727274,0.9840000000000001,0.9840000000000001,0.9840000000000001,0.9142857142857144,0.0,0.0,0.8356209633253407,0.0,0.0
1667.5,0.9592727272727274,0.9840000000000001,0.9840000000000001,0.9840000000000001,0.9142857142857144,0.0,0.0,0.8356209633253407,0.0,0.0
1668.0,0.9592727272727274,0.9840000000000001,0.9840000000000001,0.9840000000000001,0.9142857142857144,0.0,0.0,0.8356209633253407,0.0,0.0
1668.5,0.9592727272727274,0.9840000000000001,0.9840000000000001,0.9840000000000001,0.9142857142857144,0.0,0.0,0.8356209633253407,0.0,0.0
1669.0,0.9592727272727274,0.9840000000000001,0.9840000000000001,0.9840000000000001,0.9142857142857144,0.0,0.0,0.8356209633253407,0.0,0.0
1669.5,0.9592727272727274,0.9840000000000001,0.9840000000000001,0.9840000000000001,0.9142857142857144,0.0,0.0,0.8356209633253407,0.0,0.0
1670.0,0.9592727272727274,0.9840000000000001,0.9840000000000001,0.9840000000000001,0.9142857142857144,0.0,0.0,0.8356209633253407,0.0,0.0
1670.5,0.9592418181818183,0.9840000000000001,0.9840000000000001,0.9840000000000001,0.9142857142857144,0.0,0.0,0.8355940384648847,0.0,0.0
1671.0,0.9591745454545456,0.9840000000000001,0.9840000000000001,0.9840000000000001,0.9142857142857144,0.0,0.0,0.8355354372980102,0.0,0.0
1671.5,0.9591072727272728,0.9840000000000001,0.9840000000000001,0.9840000000000001,0.9142857142857144,0.0,0.0,0.8354768361311357,0.0,0.0
1672.0,0.9590400000000001,0.9840000000000001,0.9840000000000001,0.9840000000000001,0.9142857142857144,0.0,0.0,0.835418234964261,0.0,0.0
1672.5,0.9589727272727274,0.9840000000000001,0.9840000000000001,0.9840000000000001,0.9142857142857144,0.0,0.0,0.8353596337973864,0.0,0.0
1673.0,0.9589127272727274,0.9840000000000001,0.9840000000000001,0.9840000000000001,0.9142857142857144,0.0,0.0,0.8353073678917955,0.0,0.0
1673.5,0.9589800000000002,0.9840000000000001,0.9840000000000001,0.9840000000000001,0.9142857142857144,0.0,0.0,0.8353659690586701,0.0,0.0
1674.0,0.9590472727272729,0.9840000000000001,0.9840000000000001,0.9840000000000001,0.9142857142857144,0.0,0.0,0.8354245702255447,0.0,0.0
1674.5,0.9591145454545456,0.9840000000000001,0.9840000000000001,0.9840000000000001,0.9142857142857144,0.0,0.0,0.8354831713924192,0.0,0.0
1675.0,0.9591818181818182,0.9840000000000001,0.9840000000000001,0.9840000000000001,0.9142857142857144,0.0,0.0,0.8355417725592938,0.0,0.0
1675.5,0.959249090909091,0.9840000000000001,0.9840000000000001,0.9840000000000001,0.9142857142857144,0.0,0.0,0.8356003737261686,0.0,0.0
1676.0,0.9593163636363637,0.9840000000000001,0.9840000000000001,0.9840000000000001,0.9142857142857144,0.0,0.0,0.8356589748930431,0.0,0.0
1676.5,0.9593836363636365,0.9840000000000001,0.9840000000000001,0.9840000000000001,0.9142857142857144,0.0,0.0,0.8357175760599178,0.0,0.0
1677.0,0.9594509090909092,0.9840000000000001,0.9840000000000001,0.9840000000000001,0.9142857142857144,0.0,0.0,0.8357761772267924,0.0,0.0
1677.5,0.959518181818182,0.9840000000000001,0.9840000000000001,0.9840000000000001,0.9142857142857144,0.0,0.0,0.835834778393667,0.0,0.0
1678.0,0.9595854545454547,0.9840000000000001,0.9840000000000001,0.9840000000000001,0.9142857142857144,0.0,0.0,0.8358933795605417,0.0,0.0
1678.5,0.9596363636363638,0.9840000000000001,0.9840000000000001,0.9840000000000001,0.9142857142857144,0.0,0.0,0.8359377263895278,0.0,0.0
1679.0,0.9596363636363638,0.9840000000000001,0.9840000000000001,0.9840000000000001,0.9142857142857144,0.0,0.0,0.8359377263895278,0.0,0.0
1679.5,0.9596363636363638,0.9840000000000001,0.9840000000000001,0.9840000000000001,0.9142857142857144,0.0,0.0,0.8359377263895278,0.0,0.0
1680.0,0.9596363636363638,0.9840000000000001,0.9840000000000001,0.9840000000000001,0.9142857142857144,0.0,0.0,0.8359377263895278,0.0,0.0
1680.5,0.9596363636363638,0.9840000000000001,0.9840000000000001,0.9840000000000001,0.9142857142857144,0.0,0.0,0.8359377263895278,0.0,0.0
1681.0,0.9596363636363638,0.9840000000000001,0.9840000000000001,0.9840000000000001,0.9142857142857144,0.0,0.0,0.8359377263895278,0.0,0.0
1681.5,0.9596363636363638,0.9840000000000001,0.9840000000000001,0.9840000000000001,0.9142857142857144,0.0,0.0,0.8359377263895278,0.0,0.0
1682.0,0.9596363636363638,0.9840000000000001,0.9840000000000001,0.9840000000000001,0.9142857142857144,0.0,0.0,0.8359377263895278,0.0,0.0
1682.5,0.9596363636363638,0.9840000000000001,0.9840000000000001,0.9840000000000001,0.9142857142857144,0.0,0.0,0.8359377263895278,0.0,0.0
1683.0,0.9596363636363638,0.9840000000000001,0.9840000000000001,0.9840000000000001,0.9142857142857144,0.0,0.0,0.8359377263895278,0.0,0.0
1683.5,0.9596363636363638,0.9840000000000001,0.9840000000000001,0.9840000000000001,0.9142857142857144,0.0,0.0,0.8359377263895278,0.0,0.0
1684.0,0.9596363636363638,0.9840000000000001,0.9840000000000001,0.9840000000000001,0.9142857142857144,0.0,0.0,0.8359377263895278,0.0,0.0
1684.5,0.9596363636363638,0.9840000000000001,0.9840000000000001,0.9840000000000001,0.9142857142857144,0.0,0.0,0.8359377263895278,0.0,0.0
1685.0,0.9596363636363638,0.9840000000000001,0.9840000000000001,0.9840000000000001,0.9142857142857144,0.0,0.0,0.8359377263895278,0.0,0.0
1685.5,0.9596363636363638,0.9840000000000001,0.9840000000000001,0.9840000000000001,0.9142857142857144,0.0,0.0,0.8359377263895278,0.0,0.0
1686.0,0.9596363636363638,0.9840000000000001,0.9840000000000001,0.9840000000000001,0.9142857142857144,0.0,0.0,0.8359377263895278,0.0,0.0
1686.5,0.9596363636363638,0.9840000000000001,0.9840000000000001,0.9840000000000001,0.9142857142857144,0.0,0.0,0.8359377263895278,0.0,0.0
1687.0,0.9596363636363638,0.9840000000000001,0.9840000000000001,0.9840000000000001,0.9142857142857144,0.0,0.0,0.8359377263895278,0.0,0.0
1687.5,0.9596363636363638,0.9840000000000001,0.9840000000000001,0.9840000000000001,0.9142857142857144,0.0,0.0,0.8359377263895278,0.0,0.0
1688.0,0.9596363636363638,0.9840000000000001,0.9840000000000001,0.9840000000000001,0.9142857142857144,0.0,0.0,0.8359377263895278,0.0,0.0
1688.5,0.9596363636363638,0.9840000000000001,0.9840000000000001,0.9840000000000001,0.9142857142857144,0.0,0.0,0.8359377263895278,0.0,0.0
1689.0,0.9596363636363638,0.9840000000000001,0.9840000000000001,0.9840000000000001,0.9142857142857144,0.0,0.0,0.8359377263895278,0.0,0.0
1689.5,0.959678181818182,0.9840000000000001,0.9840000000000001,0.9840000000000001,0.9142857142857144,0.0,0.0,0.8359741541419092,0.0,0.0
1690.0,0.9597454545454547,0.9840000000000001,0.9840000000000001,0.9840000000000001,0.9142857142857144,0.0,0.0,0.8360327553087837,0.0,0.0
1690.5,0.9598127272727274,0.9840000000000001,0.9840000000000001,0.9840000000000001,0.9142857142857144,0.0,0.0,0.8360913564756585,0.0,0.0
1691.0,0.9598800000000001,0.9840000000000001,0.9840000000000001,0.9840000000000001,0.9142857142857144,0.0,0.0,0.8361499576425329,0.0,0.0
1691.5,0.9599472727272726,0.9840000000000001,0.9840000000000001,0.9840000000000001,0.9142857142857144,0.0,0.0,0.8362085588094074,0.0,0.0
1692.0,0.96,0.9840000000000001,0.9840000000000001,0.9840000000000001,0.9142857142857144,0.0,0.0,0.8362544894537145,0.0,0.0
1692.5,0.96,0.9840000000000001,0.9840000000000001,0.9840000000000001,0.9142857142857144,0.0,0.0,0.8362544894537145,0.0,0.0
1693.0,0.96,0.9840000000000001,0.9840000000000001,0.9840000000000001,0.9142857142857144,0.0,0.0,0.8362544894537145,0.0,0.0
1693.5,0.96,0.9840000000000001,0.9840000000000001,0.9840000000000001,0.9142857142857144,0.0,0.0,0.8362544894537145,0.0,0.0
1694.0,0.96,0.9840000000000001,0.9840000000000001,0.9840000000000001,0.9142857142857144,0.0,0.0,0.8362544894537145,0.0,0.0
1694.5,0.96,0.9840000000000001,0.9840000000000001,0.9840000000000001,0.9142857142857144,0.0,0.0,0.8362544894537145,0.0,0.0
1695.0,0.96,0.9840000000000001,0.9840000000000001,0.9840000000000001,0.9142857142857144,0.0,0.0,0.8362544894537145,0.0,0.0
1695.5,0.96,0.9840000000000001,0.9840000000000001,0.9840000000000001,0.9142857142857144,0.0,0.0,0.8362544894537145,0.0,0.0
1696.0,0.96,0.9840000000000001,0.9840000000000001,0.9840000000000001,0.9142857142857144,0.0,0.0,0.8362544894537145,0.0,0.0
1696.5,0.96,0.9840000000000001,0.9840000000000001,0.9840000000000001,0.9142857142857144,0.0,0.0,0.8362544894537145,0.0,0.0
1697.0,0.96,0.9840000000000001,0.9840000000000001,0.9840000000000001,0.9142857142857144,0.0,0.0,0.8362544894537145,0.0,0.0
1697.5,0.96,0.9840000000000001,0.9840000000000001,0.9840000000000001,0.9142857142857144,0.0,0.0,0.8362544894537145,0.0,0.0
1698.0,0.96,0.9840000000000001,0.9840000000000001,0.9840000000000001,0.9142857142857144,0.0,0.0,0.8362544894537145,0.0,0.0
1698.5,0.96,0.9840000000000001,0.9840000000000001,0.9840000000000001,0.9142857142857144,0.0,0.0,0.8362544894537145,0.0,0.0
1699.0,0.96,0.9840000000000001,0.9840000000000001,0.9840000000000001,0.9142857142857144,0.0,0.0,0.8362544894537145,0.0,0.0
1699.5,0.96,0.9840000000000001,0.9840000000000001,0.9840000000000001,0.9142857142857144,0.0,0.0,0.8362544894537145,0.0,0.0
1700.0,0.96,0.9840000000000001,0.9840000000000001,0.9840000000000001,0.9142857142857144,0.0,0.0,0.8362544894537145,0.0,0.0
1700.5,0.96,0.9840000000000001,0.9840000000000001,0.9840000000000001,0.9142857142857144,0.0,0.0,0.8362544894537145,0.0,0.0
1701.0,0.96,0.9840000000000001,0.9840000000000001,0.9840000000000001,0.9142857142857144,0.0,0.0,0.8362544894537145,0.0,0.0
1701.5,0.96,0.9840000000000001,0.9840000000000001,0.9840000000000001,0.9142857142857144,0.0,0.0,0.8362544894537145,0.0,0.0
1702.0,0.96,0.9840000000000001,0.9840000000000001,0.9840000000000001,0.9142857142857144,0.0,0.0,0.8362544894537145,0.0,0.0
1702.5,0.96,0.9840000000000001,0.9840000000000001,0.9840000000000001,0.9142857142857144,0.0,0.0,0.8362544894537145,0.0,0.0
1703.0,0.96,0.9840000000000001,0.9840000000000001,0.9840000000000001,0.9142857142857144,0.0,0.0,0.8362544894537145,0.0,0.0
1703.5,0.96,0.9840000000000001,0.9840000000000001,0.9840000000000001,0.9142857142857144,0.0,0.0,0.8362544894537145,0.0,0.0
1704.0,0.96,0.9840000000000001,0.9840000000000001,0.9840000000000001,0.9142857142857144,0.0,0.0,0.8362544894537145,0.0,0.0
1704.5,0.96,0.9840000000000001,0.9840000000000001,0.9840000000000001,0.9142857142857144,0.0,0.0,0.8362544894537145,0.0,0.0
1705.0,0.96,0.9840000000000001,0.9840000000000001,0.9840000000000001,0.9142857142857144,0.0,0.0,0.8362544894537145,0.0,0.0
1705.5,0.9600127272727272,0.9840000000000001,0.9840000000000001,0.9840000000000001,0.9142857142857144,0.0,0.0,0.836265576160961,0.0,0.0
1706.0,0.96008,0.9840000000000001,0.9840000000000001,0.9840000000000001,0.9142857142857144,0.0,0.0,0.8363241773278357,0.0,0.0
1706.5,0.9601472727272727,0.9840000000000001,0.9840000000000001,0.9840000000000001,0.9142857142857144,0.0,0.0,0.8363827784947104,0.0,0.0
1707.0,0.9602145454545455,0.9840000000000001,0.9840000000000001,0.9840000000000001,0.9142857142857144,0.0,0.0,0.836441379661585,0.0,0.0
1707.5,0.9602818181818182,0.9840000000000001,0.9840000000000001,0.9840000000000001,0.9142857142857144,0.0,0.0,0.8364999808284596,0.0,0.0
1708.0,0.960349090909091,0.9840000000000001,0.9840000000000001,0.9840000000000001,0.9142857142857144,0.0,0.0,0.8365585819953342,0.0,0.0
1708.5,0.9603636363636364,0.9840000000000001,0.9840000000000001,0.9840000000000001,0.9142857142857144,0.0,0.0,0.8365712525179018,0.0,0.0
1709.0,0.9603636363636364,0.9840000000000001,0.9840000000000001,0.9840000000000001,0.9142857142857144,0.0,0.0,0.8365712525179018,0.0,0.0
1709.5,0.9603636363636364,0.9840000000000001,0.9840000000000001,0.9840000000000001,0.9142857142857144,0.0,0.0,0.8365712525179018,0.0,0.0
1710.0,0.9603636363636364,0.9840000000000001,0.9840000000000001,0.9840000000000001,0.9142857142857144,0.0,0.0,0.8365712525179018,0.0,0.0
1710.5,0.9603636363636364,0.9840000000000001,0.9840000000000001,0.9840000000000001,0.9142857142857144,0.0,0.0,0.8365712525179018,0.0,0.0
1711.0,0.9603636363636364,0.9840000000000001,0.9840000000000001,0.9840000000000001,0.9142857142857144,0.0,0.0,0.8365712525179018,0.0,0.0
1711.5,0.9603636363636364,0.9840000000000001,0.9840000000000001,0.9840000000000001,0.9142857142857144,0.0,0.0,0.8365712525179018,0.0,0.0
1712.0,0.9603636363636364,0.9840000000000001,0.9840000000000001,0.9840000000000001,0.9142857142857144,0.0,0.0,0.8365712525179018,0.0,0.0
1712.5,0.9603636363636364,0.9840000000000001,0.9840000000000001,0.9840000000000001,0.9142857142857144,0.0,0.0,0.8365712525179018,0.0,0.0
1713.0,0.9603636363636364,0.9840000000000001,0.9840000000000001,0.9840000000000001,0.9142857142857144,0.0,0.0,0.8365712525179018,0.0,0.0
1713.5,0.9603636363636364,0.9840000000000001,0.9840000000000001,0.9840000000000001,0.9142857142857144,0.0,0.0,0.8365712525179018,0.0,0.0
1714.0,0.9603636363636364,0.9840000000000001,0.9840000000000001,0.9840000000000001,0.9142857142857144,0.0,0.0,0.8365712525179018,0.0,0.0
1714.5,0.9603636363636364,0.9840000000000001,0.9840000000000001,0.9840000000000001,0.9142857142857144,0.0,0.0,0.8365712525179018,0.0,0.0
1715.0,0.9603636363636364,0.9840000000000001,0.9840000000000001,0.9840000000000001,0.9142857142857144,0.0,0.0,0.8365712525179018,0.0,0.0
1715.5,0.9603636363636364,0.9840000000000001,0.9840000000000001,0.9840000000000001,0.9142857142857144,0.0,0.0,0.8365712525179018,0.0,0.0
1716.0,0.9603636363636364,0.9840000000000001,0.9840000000000001,0.9840000000000001,0.9142857142857144,0.0,0.0,0.8365712525179018,0.0,0.0
1716.5,0.9603636363636364,0.9840000000000001,0.9840000000000001,0.9840000000000001,0.9142857142857144,0.0,0.0,0.8365712525179018,0.0,0.0
1717.0,0.9603636363636364,0.9840000000000001,0.9840000000000001,0.9840000000000001,0.9142857142857144,0.0,0.0,0.8365712525179018,0.0,0.0
1717.5,0.9603636363636364,0.9840000000000001,0.9840000000000001,0.9840000000000001,0.9142857142857144,0.0,0.0,0.8365712525179018,0.0,0.0
1718.0,0.9603636363636364,0.9840000000000001,0.9840000000000001,0.9840000000000001,0.9142857142857144,0.0,0.0,0.8365712525179018,0.0,0.0
1718.5,0.9603636363636364,0.9840000000000001,0.9840000000000001,0.9840000000000001,0.9142857142857144,0.0,0.0,0.8365712525179018,0.0,0.0
1719.0,0.9603636363636364,0.9840000000000001,0.9840000000000001,0.9840000000000001,0.9142857142857144,0.0,0.0,0.8365712525179018,0.0,0.0
1719.5,0.9603636363636364,0.9840000000000001,0.9840000000000001,0.9840000000000001,0.9142857142857144,0.0,0.0,0.8365712525179018,0.0,0.0
1720.0,0.9603636363636364,0.9840000000000001,0.9840000000000001,0.9840000000000001,0.9142857142857144,0.0,0.0,0.8365712525179018,0.0,0.0
1720.5,0.9603636363636364,0.9840000000000001,0.9840000000000001,0.9840000000000001,0.9142857142857144,0.0,0.0,0.8365712525179018,0.0,0.0
1721.0,0.9603636363636364,0.9840000000000001,0.9840000000000001,0.9840000000000001,0.9142857142857144,0.0,0.0,0.8365712525179018,0.0,0.0
1721.5,0.9603636363636364,0.9840000000000001,0.9840000000000001,0.9840000000000001,0.9142857142857144,0.0,0.0,0.8365712525179018,0.0,0.0
1722.0,0.9604145454545455,0.9840000000000001,0.9840000000000001,0.9840000000000001,0.9142857142857144,0.0,0.0,0.8366155993468878,0.0,0.0
1722.5,0.9604818181818182,0.9840000000000001,0.9840000000000001,0.9840000000000001,0.9142857142857144,0.0,0.0,0.8366742005137624,0.0,0.0
1723.0,0.9605490909090909,0.9840000000000001,0.9840000000000001,0.9840000000000001,0.9142857142857144,0.0,0.0,0.836732801680637,0.0,0.0
1723.5,0.9606163636363637,0.9840000000000001,0.9840000000000001,0.9840000000000001,0.9142857142857144,0.0,0.0,0.8367914028475117,0.0,0.0
1724.0,0.9606836363636364,0.9840000000000001,0.9840000000000001,0.9840000000000001,0.9142857142857144,0.0,0.0,0.8368500040143863,0.0,0.0
1724.5,0.9607272727272728,0.9840000000000001,0.9840000000000001,0.9840000000000001,0.9142857142857144,0.0,0.0,0.8368880155820887,0.0,0.0
1725.0,0.9607272727272728,0.9840000000000001,0.9840000000000001,0.9840000000000001,0.9142857142857144,0.0,0.0,0.8368880155820887,0.0,0.0
1725.5,0.9607272727272728,0.9840000000000001,0.9840000000000001,0.9840000000000001,0.9142857142857144,0.0,0.0,0.8368880155820887,0.0,0.0
1726.0,0.9607272727272728,0.9840000000000001,0.9840000000000001,0.9840000000000001,0.9142857142857144,0.0,0.0,0.8368880155820887,0.0,0.0
1726.5,0.9607272727272728,0.9840000000000001,0.9840000000000001,0.9840000000000001,0.9142857142857144,0.0,0.0,0.8368880155820887,0.0,0.0
1727.0,0.9607272727272728,0.9840000000000001,0.9840000000000001,0.9840000000000001,0.9142857142857144,0.0,0.0,0.8368880155820887,0.0,0.0
1727.5,0.9607272727272728,0.9840000000000001,0.9840000000000001,0.9840000000000001,0.9142857142857144,0.0,0.0,0.8368880155820887,0.0,0.0
1728.0,0.9607272727272728,0.9840000000000001,0.9840000000000001,0.9840000000000001,0.9142857142857144,0.0,0.0,0.8368880155820887,0.0,0.0
1728.5,0.9607272727272728,0.9840000000000001,0.9840000000000001,0.9840000000000001,0.9142857142857144,0.0,0.0,0.8368880155820887,0.0,0.0
1729.0,0.9607272727272728,0.9840000000000001,0.9840000000000001,0.9840000000000001,0.9142857142857144,0.0,0.0,0.8368880155820887,0.0,0.0
1729.5,0.9607272727272728,0.9840000000000001,0.9840000000000001,0.9840000000000001,0.9142857142857144,0.0,0.0,0.8368880155820887,0.0,0.0
1730.0,0.9607272727272728,0.9840000000000001,0.9840000000000001,0.9840000000000001,0.9142857142857144,0.0,0.0,0.8368880155820887,0.0,0.0
1730.5,0.9607272727272728,0.9840000000000001,0.9840000000000001,0.9840000000000001,0.9142857142857144,0.0,0.0,0.8368880155820887,0.0,0.0
1731.0,0.9607272727272728,0.9840000000000001,0.9840000000000001,0.9840000000000001,0.9142857142857144,0.0,0.0,0.8368880155820887,0.0,0.0
1731.5,0.9607272727272728,0.9840000000000001,0.9840000000000001,0.9840000000000001,0.9142857142857144,0.0,0.0,0.8368880155820887,0.0,0.0
1732.0,0.9607272727272728,0.9840000000000001,0.9840000000000001,0.9840000000000001,0.9142857142857144,0.0,0.0,0.8368880155820887,0.0,0.0
1732.5,0.9607272727272728,0.9840000000000001,0.9840000000000001,0.9840000000000001,0.9142857142857144,0.0,0.0,0.8368880155820887,0.0,0.0
1733.0,0.9607272727272728,0.9840000000000001,0.9840000000000001,0.9840000000000001,0.9142857142857144,0.0,0.0,0.8368880155820887,0.0,0.0
1733.5,0.9607272727272728,0.9840000000000001,0.9840000000000001,0.9840000000000001,0.9142857142857144,0.0,0.0,0.8368880155820887,0.0,0.0
1734.0,0.9607272727272728,0.9840000000000001,0.9840000000000001,0.9840000000000001,0.9142857142857144,0.0,0.0,0.8368880155820887,0.0,0.0
1734.5,0.9607272727272728,0.9840000000000001,0.9840000000000001,0.9840000000000001,0.9142857142857144,0.0,0.0,0.8368880155820887,0.0,0.0
1735.0,0.9607272727272728,0.9840000000000001,0.9840000000000001,0.9840000000000001,0.9142857142857144,0.0,0.0,0.8368880155820887,0.0,0.0
1735.5,0.9607763636363637,0.9840000000000001,0.9840000000000001,0.9840000000000001,0.9142857142857144,0.0,0.0,0.8369307785957539,0.0,0.0
1736.0,0.9608436363636365,0.9840000000000001,0.9840000000000001,0.9840000000000001,0.9142857142857144,0.0,0.0,0.8369893797626285,0.0,0.0
1736.5,0.9609109090909091,0.9840000000000001,0.9840000000000001,0.9840000000000001,0.9142857142857144,0.0,0.0,0.837047980929503,0.0,0.0
1737.0,0.960978181818182,0.9840000000000001,0.9840000000000001,0.9840000000000001,0.9142857142857144,0.0,0.0,0.8371065820963778,0.0,0.0
1737.5,0.9610454545454546,0.9840000000000001,0.9840000000000001,0.9840000000000001,0.9142857142857144,0.0,0.0,0.8371651832632523,0.0,0.0
1738.0,0.9610909090909092,0.9840000000000001,0.9840000000000001,0.9840000000000001,0.9142857142857144,0.0,0.0,0.8372047786462757,0.0,0.0
1738.5,0.9610909090909092,0.9840000000000001,0.9840000000000001,0.9840000000000001,0.9142857142857144,0.0,0.0,0.8372047786462757,0.0,0.0
1739.0,0.9610909090909092,0.9840000000000001,0.9840000000000001,0.9840000000000001,0.9142857142857144,0.0,0.0,0.8372047786462757,0.0,0.0
1739.5,0.9610909090909092,0.9840000000000001,0.9840000000000001,0.9840000000000001,0.9142857142857144,0.0,0.0,0.8372047786462757,0.0,0.0
1740.0,0.9610909090909092,0.9840000000000001,0.9840000000000001,0.9840000000000001,0.9142857142857144,0.0,0.0,0.8372047786462757,0.0,0.0
1740.5,0.9610909090909092,0.9840000000000001,0.9840000000000001,0.9840000000000001,0.9142857142857144,0.0,0.0,0.8372047786462757,0.0,0.0
1741.0,0.961029090909091,0.9840000000000001,0.9840000000000001,0.9840000000000001,0.9142857142857144,0.0,0.0,0.8371509289253639,0.0,0.0
1741.5,0.9609618181818183,0.9840000000000001,0.9840000000000001,0.9840000000000001,0.9142857142857144,0.0,0.0,0.8370923277584893,0.0,0.0
1742.0,0.9608945454545456,0.9840000000000001,0.9840000000000001,0.9840000000000001,0.9142857142857144,0.0,0.0,0.8370337265916148,0.0,0.0
1742.5,0.9608272727272728,0.9840000000000001,0.9840000000000001,0.9840000000000001,0.9142857142857144,0.0,0.0,0.8369751254247401,0.0,0.0
1743.0,0.9607600000000001,0.9840000000000001,0.9840000000000001,0.9840000000000001,0.9142857142857144,0.0,0.0,0.8369165242578656,0.0,0.0
1743.5,0.9607272727272728,0.9840000000000001,0.9840000000000001,0.9840000000000001,0.9142857142857144,0.0,0.0,0.8368880155820887,0.0,0.0
1744.0,0.9607272727272728,0.9840000000000001,0.9840000000000001,0.9840000000000001,0.9142857142857144,0.0,0.0,0.8368880155820887,0.0,0.0
1744.5,0.9607272727272728,0.9840000000000001,0.9840000000000001,0.9840000000000001,0.9142857142857144,0.0,0.0,0.8368880155820887,0.0,0.0
1745.0,0.9607272727272728,0.9840000000000001,0.9840000000000001,0.9840000000000001,0.9142857142857144,0.0,0.0,0.8368880155820887,0.0,0.0
1745.5,0.9607272727272728,0.9840000000000001,0.9840000000000001,0.9840000000000001,0.9142857142857144,0.0,0.0,0.8368880155820887,0.0,0.0
1746.0,0.9607272727272728,0.9840000000000001,0.9840000000000001,0.9840000000000001,0.9142857142857144,0.0,0.0,0.8368880155820887,0.0,0.0
1746.5,0.9607272727272728,0.9840000000000001,0.9840000000000001,0.9840000000000001,0.9142857142857144,0.0,0.0,0.8368880155820887,0.0,0.0
1747.0,0.9607272727272728,0.9840000000000001,0.9840000000000001,0.9840000000000001,0.9142857142857144,0.0,0.0,0.8368880155820887,0.0,0.0
1747.5,0.9607272727272728,0.9840000000000001,0.9840000000000001,0.9840000000000001,0.9142857142857144,0.0,0.0,0.8368880155820887,0.0,0.0
1748.0,0.9607272727272728,0.9840000000000001,0.9840000000000001,0.9840000000000001,0.9142857142857144,0.0,0.0,0.8368880155820887,0.0,0.0
1748.5,0.9607272727272728,0.9840000000000001,0.9840000000000001,0.9840000000000001,0.9142857142857144,0.0,0.0,0.8368880155820887,0.0,0.0
1749.0,0.96068,0.9840000000000001,0.9840000000000001,0.9840000000000001,0.9142857142857144,0.0,0.0,0.8368468363837444,0.0,0.0
1749.5,0.9606127272727273,0.9840000000000001,0.9840000000000001,0.9840000000000001,0.9142857142857144,0.0,0.0,0.8367882352168697,0.0,0.0
1750.0,0.9605454545454546,0.9840000000000001,0.9840000000000001,0.9840000000000001,0.9142857142857144,0.0,0.0,0.8367296340499951,0.0,0.0
1750.5,0.9604781818181819,0.9840000000000001,0.9840000000000001,0.9840000000000001,0.9142857142857144,0.0,0.0,0.8366710328831205,0.0,0.0
1751.0,0.9604109090909092,0.9840000000000001,0.9840000000000001,0.9840000000000001,0.9142857142857144,0.0,0.0,0.8366124317162461,0.0,0.0
1751.5,0.9604236363636363,0.9840000000000001,0.9840000000000001,0.9840000000000001,0.9142857142857144,0.0,0.0,0.8366235184234925,0.0,0.0
1752.0,0.9606254545454544,0.9840000000000001,0.9840000000000001,0.9840000000000001,0.9142857142857144,0.0,0.0,0.8367993219241161,0.0,0.0
1752.5,0.9608272727272728,0.9840000000000001,0.9840000000000001,0.9840000000000001,0.9142857142857144,0.0,0.0,0.8369751254247401,0.0,0.0
1753.0,0.9610290909090909,0.9840000000000001,0.9840000000000001,0.9840000000000001,0.9142857142857144,0.0,0.0,0.8371509289253638,0.0,0.0
1753.5,0.9612309090909091,0.9840000000000001,0.9840000000000001,0.9840000000000001,0.9142857142857144,0.0,0.0,0.8373267324259878,0.0,0.0
1754.0,0.9614327272727273,0.9840000000000001,0.9840000000000001,0.9840000000000001,0.9142857142857144,0.0,0.0,0.8375025359266116,0.0,0.0
1754.5,0.9615145454545455,0.9840000000000001,0.9840000000000001,0.9840000000000001,0.9142857142857144,0.0,0.0,0.8375738076160536,0.0,0.0
1755.0,0.9615818181818183,0.9840000000000001,0.9840000000000001,0.9840000000000001,0.9142857142857144,0.0,0.0,0.8376324087829282,0.0,0.0
1755.5,0.961649090909091,0.9840000000000001,0.9840000000000001,0.9840000000000001,0.9142857142857144,0.0,0.0,0.8376910099498028,0.0,0.0
1756.0,0.9617163636363638,0.9840000000000001,0.9840000000000001,0.9840000000000001,0.9142857142857144,0.0,0.0,0.8377496111166775,0.0,0.0
1756.5,0.9617836363636365,0.9840000000000001,0.9840000000000001,0.9840000000000001,0.9142857142857144,0.0,0.0,0.8378082122835521,0.0,0.0
1757.0,0.961818181818182,0.9840000000000001,0.9840000000000001,0.9840000000000001,0.9142857142857144,0.0,0.0,0.8378383047746499,0.0,0.0
1757.5,0.961818181818182,0.9840000000000001,0.9840000000000001,0.9840000000000001,0.9142857142857144,0.0,0.0,0.8378383047746499,0.0,0.0
1758.0,0.961818181818182,0.9840000000000001,0.9840000000000001,0.9840000000000001,0.9142857142857144,0.0,0.0,0.8378383047746499,0.0,0.0
1758.5,0.961818181818182,0.9840000000000001,0.9840000000000001,0.9840000000000001,0.9142857142857144,0.0,0.0,0.8378383047746499,0.0,0.0
1759.0,0.961818181818182,0.9840000000000001,0.9840000000000001,0.9840000000000001,0.9142857142857144,0.0,0.0,0.8378383047746499,0.0,0.0
1759.5,0.961818181818182,0.9840000000000001,0.9840000000000001,0.9840000000000001,0.9142857142857144,0.0,0.0,0.8378383047746499,0.0,0.0
1760.0,0.961818181818182,0.9840000000000001,0.9840000000000001,0.9840000000000001,0.9142857142857144,0.0,0.0,0.8378383047746499,0.0,0.0
1760.5,0.961818181818182,0.9840000000000001,0.9840000000000001,0.9840000000000001,0.9142857142857144,0.0,0.0,0.8378383047746499,0.0,0.0
1761.0,0.961818181818182,0.9840000000000001,0.9840000000000001,0.9840000000000001,0.9142857142857144,0.0,0.0,0.8378383047746499,0.0,0.0
1761.5,0.961818181818182,0.9840000000000001,0.9840000000000001,0.9840000000000001,0.9142857142857144,0.0,0.0,0.8378383047746499,0.0,0.0
1762.0,0.961818181818182,0.9840000000000001,0.9840000000000001,0.9840000000000001,0.9142857142857144,0.0,0.0,0.8378383047746499,0.0,0.0
1762.5,0.961818181818182,0.9840000000000001,0.9840000000000001,0.9840000000000001,0.9142857142857144,0.0,0.0,0.8378383047746499,0.0,0.0
1763.0,0.961818181818182,0.9840000000000001,0.9840000000000001,0.9840000000000001,0.9142857142857144,0.0,0.0,0.8378383047746499,0.0,0.0
1763.5,0.961818181818182,0.9840000000000001,0.9840000000000001,0.9840000000000001,0.9142857142857144,0.0,0.0,0.8378383047746499,0.0,0.0
1764.0,0.961818181818182,0.9840000000000001,0.9840000000000001,0.9840000000000001,0.9142857142857144,0.0,0.0,0.8378383047746499,0.0,0.0
1764.5,0.961818181818182,0.9840000000000001,0.9840000000000001,0.9840000000000001,0.9142857142857144,0.0,0.0,0.8378383047746499,0.0,0.0
1765.0,0.961818181818182,0.9840000000000001,0.9840000000000001,0.9840000000000001,0.9142857142857144,0.0,0.0,0.8378383047746499,0.0,0.0
1765.5,0.961818181818182,0.9840000000000001,0.9840000000000001,0.9840000000000001,0.9142857142857144,0.0,0.0,0.8378383047746499,0.0,0.0
1766.0,0.961818181818182,0.9840000000000001,0.9840000000000001,0.9840000000000001,0.9142857142857144,0.0,0.0,0.8378383047746499,0.0,0.0
1766.5,0.961818181818182,0.9840000000000001,0.9840000000000001,0.9840000000000001,0.9142857142857144,0.0,0.0,0.8378383047746499,0.0,0.0
1767.0,0.961818181818182,0.9840000000000001,0.9840000000000001,0.9840000000000001,0.9142857142857144,0.0,0.0,0.8378383047746499,0.0,0.0
1767.5,0.961818181818182,0.9840000000000001,0.9840000000000001,0.9840000000000001,0.9142857142857144,0.0,0.0,0.8378383047746499,0.0,0.0
1768.0,0.961818181818182,0.9840000000000001,0.9840000000000001,0.9840000000000001,0.9142857142857144,0.0,0.0,0.8378383047746499,0.0,0.0
1768.5,0.961818181818182,0.9840000000000001,0.9840000000000001,0.9840000000000001,0.9142857142857144,0.0,0.0,0.8378383047746499,0.0,0.0
1769.0,0.961818181818182,0.9840000000000001,0.9840000000000001,0.9840000000000001,0.9142857142857144,0.0,0.0,0.8378383047746499,0.0,0.0
1769.5,0.961818181818182,0.9840000000000001,0.9840000000000001,0.9840000000000001,0.9142857142857144,0.0,0.0,0.8378383047746499,0.0,0.0
1770.0,0.961818181818182,0.9840000000000001,0.9840000000000001,0.9840000000000001,0.9142857142857144,0.0,0.0,0.8378383047746499,0.0,0.0
1770.5,0.9618490909090911,0.9840000000000001,0.9840000000000001,0.9840000000000001,0.9142857142857144,0.0,0.0,0.8378652296351057,0.0,0.0
1771.0,0.9619163636363638,0.9840000000000001,0.9840000000000001,0.9840000000000001,0.9142857142857144,0.0,0.0,0.8379238308019804,0.0,0.0
1771.5,0.9619836363636366,0.9840000000000001,0.9840000000000001,0.9840000000000001,0.9142857142857144,0.0,0.0,0.837982431968855,0.0,0.0
1772.0,0.9620509090909093,0.9840000000000001,0.9840000000000001,0.9840000000000001,0.9142857142857144,0.0,0.0,0.8380410331357294,0.0,0.0
1772.5,0.962118181818182,0.9840000000000001,0.9840000000000001,0.9840000000000001,0.9142857142857144,0.0,0.0,0.838099634302604,0.0,0.0
1773.0,0.9621818181818184,0.9840000000000001,0.9840000000000001,0.9840000000000001,0.9142857142857144,0.0,0.0,0.8381550678388368,0.0,0.0
1773.5,0.9621818181818184,0.9840000000000001,0.9840000000000001,0.9840000000000001,0.9142857142857144,0.0,0.0,0.8381550678388368,0.0,0.0
1774.0,0.9621818181818184,0.9840000000000001,0.9840000000000001,0.9840000000000001,0.9142857142857144,0.0,0.0,0.8381550678388368,0.0,0.0
1774.5,0.9621818181818184,0.9840000000000001,0.9840000000000001,0.9840000000000001,0.9142857142857144,0.0,0.0,0.8381550678388368,0.0,0.0
1775.0,0.9621818181818184,0.9840000000000001,0.9840000000000001,0.9840000000000001,0.9142857142857144,0.0,0.0,0.8381550678388368,0.0,0.0
1775.5,0.9621818181818184,0.9840000000000001,0.9840000000000001,0.9840000000000001,0.9142857142857144,0.0,0.0,0.8381550678388368,0.0,0.0
1776.0,0.9621818181818184,0.9840000000000001,0.9840000000000001,0.9840000000000001,0.9142857142857144,0.0,0.0,0.8381550678388368,0.0,0.0
1776.5,0.9621818181818184,0.9840000000000001,0.9840000000000001,0.9840000000000001,0.9142857142857144,0.0,0.0,0.8381550678388368,0.0,0.0
1777.0,0.9621818181818184,0.9840000000000001,0.9840000000000001,0.9840000000000001,0.9142857142857144,0.0,0.0,0.8381550678388368,0.0,0.0
1777.5,0.9621818181818184,0.9840000000000001,0.9840000000000001,0.9840000000000001,0.9142857142857144,0.0,0.0,0.8381550678388368,0.0,0.0
1778.0,0.9621818181818184,0.9840000000000001,0.9840000000000001,0.9840000000000001,0.9142857142857144,0.0,0.0,0.8381550678388368,0.0,0.0
1778.5,0.9621327272727275,0.9840000000000001,0.9840000000000001,0.9840000000000001,0.9142857142857144,0.0,0.0,0.8381123048251716,0.0,0.0
1779.0,0.9619309090909093,0.9840000000000001,0.9840000000000001,0.9840000000000001,0.9142857142857144,0.0,0.0,0.8379365013245478,0.0,0.0
1779.5,0.9617290909090911,0.9840000000000001,0.9840000000000001,0.9840000000000001,0.9142857142857144,0.0,0.0,0.8377606978239239,0.0,0.0
1780.0,0.9615272727272729,0.9840000000000001,0.9840000000000001,0.9840000000000001,0.9142857142857144,0.0,0.0,0.8375848943233002,0.0,0.0
1780.5,0.9613254545454547,0.9840000000000001,0.9840000000000001,0.9840000000000001,0.9142857142857144,0.0,0.0,0.8374090908226763,0.0,0.0
1781.0,0.9611236363636365,0.9840000000000001,0.9840000000000001,0.9840000000000001,0.9142857142857144,0.0,0.0,0.8372332873220527,0.0,0.0
1781.5,0.9610909090909092,0.9840000000000001,0.9840000000000001,0.9840000000000001,0.9142857142857144,0.0,0.0,0.8372047786462757,0.0,0.0
1782.0,0.9610909090909092,0.9840000000000001,0.9840000000000001,0.9840000000000001,0.9142857142857144,0.0,0.0,0.8372047786462757,0.0,0.0
1782.5,0.9610909090909092,0.9840000000000001,0.9840000000000001,0.9840000000000001,0.9142857142857144,0.0,0.0,0.8372047786462757,0.0,0.0
1783.0,0.9610909090909092,0.9840000000000001,0.9840000000000001,0.9840000000000001,0.9142857142857144,0.0,0.0,0.8372047786462757,0.0,0.0
1783.5,0.9610909090909092,0.9840000000000001,0.9840000000000001,0.9840000000000001,0.9142857142857144,0.0,0.0,0.8372047786462757,0.0,0.0
1784.0,0.9610909090909092,0.9840000000000001,0.9840000000000001,0.9840000000000001,0.9142857142857144,0.0,0.0,0.8372047786462757,0.0,0.0
1784.5,0.9610909090909092,0.9840000000000001,0.9840000000000001,0.9840000000000001,0.9142857142857144,0.0,0.0,0.8372047786462757,0.0,0.0
1785.0,0.9610909090909092,0.9840000000000001,0.9840000000000001,0.9840000000000001,0.9142857142857144,0.0,0.0,0.8372047786462757,0.0,0.0
1785.5,0.9610909090909092,0.9840000000000001,0.9840000000000001,0.9840000000000001,0.9142857142857144,0.0,0.0,0.8372047786462757,0.0,0.0
1786.0,0.9610909090909092,0.9840000000000001,0.9840000000000001,0.9840000000000001,0.9142857142857144,0.0,0.0,0.8372047786462757,0.0,0.0
1786.5,0.9610909090909092,0.9840000000000001,0.9840000000000001,0.9840000000000001,0.9142857142857144,0.0,0.0,0.8372047786462757,0.0,0.0
1787.0,0.9610909090909092,0.9840000000000001,0.9840000000000001,0.9840000000000001,0.9142857142857144,0.0,0.0,0.8372047786462757,0.0,0.0
1787.5,0.9610909090909092,0.9840000000000001,0.9840000000000001,0.9840000000000001,0.9142857142857144,0.0,0.0,0.8372047786462757,0.0,0.0
1788.0,0.9610909090909092,0.9840000000000001,0.9840000000000001,0.9840000000000001,0.9142857142857144,0.0,0.0,0.8372047786462757,0.0,0.0
1788.5,0.9610909090909092,0.9840000000000001,0.9840000000000001,0.9840000000000001,0.9142857142857144,0.0,0.0,0.8372047786462757,0.0,0.0
1789.0,0.9610909090909092,0.9840000000000001,0.9840000000000001,0.9840000000000001,0.9142857142857144,0.0,0.0,0.8372047786462757,0.0,0.0
1789.5,0.9610909090909092,0.9840000000000001,0.9840000000000001,0.9840000000000001,0.9142857142857144,0.0,0.0,0.8372047786462757,0.0,0.0
1790.0,0.9610909090909092,0.9840000000000001,0.9840000000000001,0.9840000000000001,0.9142857142857144,0.0,0.0,0.8372047786462757,0.0,0.0
1790.5,0.9610909090909092,0.9840000000000001,0.9840000000000001,0.9840000000000001,0.9142857142857144,0.0,0.0,0.8372047786462757,0.0,0.0
1791.0,0.9610909090909092,0.9840000000000001,0.9840000000000001,0.9840000000000001,0.9142857142857144,0.0,0.0,0.8372047786462757,0.0,0.0
1791.5,0.9610909090909092,0.9840000000000001,0.9840000000000001,0.9840000000000001,0.9142857142857144,0.0,0.0,0.8372047786462757,0.0,0.0
1792.0,0.9611345454545455,0.9840000000000001,0.9840000000000001,0.9840000000000001,0.9142857142857144,0.0,0.0,0.8372427902139781,0.0,0.0
1792.5,0.9613363636363637,0.9840000000000001,0.9840000000000001,0.9840000000000001,0.9142857142857144,0.0,0.0,0.8374185937146019,0.0,0.0
1793.0,0.961538181818182,0.9840000000000001,0.9840000000000001,0.9840000000000001,0.9142857142857144,0.0,0.0,0.8375943972152259,0.0,0.0
1793.5,0.9617400000000002,0.9840000000000001,0.9840000000000001,0.9840000000000001,0.9142857142857144,0.0,0.0,0.8377702007158496,0.0,0.0
1794.0,0.9619418181818183,0.9840000000000001,0.9840000000000001,0.9840000000000001,0.9142857142857144,0.0,0.0,0.8379460042164734,0.0,0.0
1794.5,0.9621436363636365,0.9840000000000001,0.9840000000000001,0.9840000000000001,0.9142857142857144,0.0,0.0,0.8381218077170971,0.0,0.0
1795.0,0.9622909090909092,0.9840000000000001,0.9840000000000001,0.9840000000000001,0.9142857142857144,0.0,0.0,0.8382500967580929,0.0,0.0
1795.5,0.9624254545454547,0.9840000000000001,0.9840000000000001,0.9840000000000001,0.9142857142857144,0.0,0.0,0.838367299091842,0.0,0.0
1796.0,0.9625600000000001,0.9840000000000001,0.9840000000000001,0.9840000000000001,0.9142857142857144,0.0,0.0,0.8384845014255913,0.0,0.0
1796.5,0.9626945454545456,0.9840000000000001,0.9840000000000001,0.9840000000000001,0.9142857142857144,0.0,0.0,0.8386017037593404,0.0,0.0
1797.0,0.962829090909091,0.9840000000000001,0.9840000000000001,0.9840000000000001,0.9142857142857144,0.0,0.0,0.8387189060930896,0.0,0.0
1797.5,0.9629090909090909,0.9840000000000001,0.9840000000000001,0.9840000000000001,0.9142857142857144,0.0,0.0,0.8387885939672107,0.0,0.0
1798.0,0.9629090909090909,0.9840000000000001,0.9840000000000001,0.9840000000000001,0.9142857142857144,0.0,0.0,0.8387885939672107,0.0,0.0
1798.5,0.9629090909090909,0.9840000000000001,0.9840000000000001,0.9840000000000001,0.9142857142857144,0.0,0.0,0.8387885939672107,0.0,0.0
1799.0,0.9629090909090909,0.9840000000000001,0.9840000000000001,0.9840000000000001,0.9142857142857144,0.0,0.0,0.8387885939672107,0.0,0.0
1799.5,0.9629090909090909,0.9840000000000001,0.9840000000000001,0.9840000000000001,0.9142857142857144,0.0,0.0,0.8387885939672107,0.0,0.0
1800.0,0.9629090909090909,0.9840000000000001,0.9840000000000001,0.9840000000000001,0.9142857142857144,0.0,0.0,0.8387885939672107,0.0,0.0
