# WCC W3 Ha_20nm: telescope + WCC throughput, EOL, with 5% telescope and 5% WCC reserve
wavelength_nm,throughput_EOL_TelWCC
300,0
300.1,0
300.2,0
300.3,0
300.4,0
300.5,0
300.6,0
300.7,0
300.8,0
300.9,0
301,0
301.1,0
301.2,0
301.3,0
301.4,0
301.5,0
301.6,0
301.7,0
301.8,0
301.9,0
302,0
302.1,0
302.2,0
302.3,0
302.4,0
302.5,0
302.6,0
302.7,0
302.8,0
302.9,0
303,0
303.1,1.06341e-14
303.2,2.15228e-14
303.3,3.26692e-14
303.4,4.40765e-14
303.5,5.57479e-14
303.6,6.76864e-14
303.7,7.98953e-14
303.8,9.23778e-14
303.9,1.05137e-13
304,1.18176e-13
304.1,1.19588e-13
304.2,1.21012e-13
304.3,1.22447e-13
304.4,1.23895e-13
304.5,1.25354e-13
304.6,1.26825e-13
304.7,1.28309e-13
304.8,1.29804e-13
304.9,1.31312e-13
305,1.32832e-13
305.1,1.32554e-13
305.2,1.32276e-13
305.3,1.31998e-13
305.4,1.3172e-13
305.5,1.31442e-13
305.6,1.31165e-13
305.7,1.30887e-13
305.8,1.30611e-13
305.9,1.30334e-13
306,1.30057e-13
306.1,1.2978e-13
306.2,1.29502e-13
306.3,1.29225e-13
306.4,1.28948e-13
306.5,1.28671e-13
306.6,1.28394e-13
306.7,1.28118e-13
306.8,1.27842e-13
306.9,1.27566e-13
307,1.2729e-13
307.1,1.271e-13
307.2,1.2691e-13
307.3,1.2672e-13
307.4,1.2653e-13
307.5,1.26339e-13
307.6,1.26148e-13
307.7,1.25957e-13
307.8,1.25766e-13
307.9,1.25575e-13
308,1.25383e-13
308.1,1.25253e-13
308.2,1.25122e-13
308.3,1.24991e-13
308.4,1.24859e-13
308.5,1.24727e-13
308.6,1.24595e-13
308.7,1.24461e-13
308.8,1.24328e-13
308.9,1.24194e-13
309,1.24059e-13
309.1,1.23924e-13
309.2,1.23789e-13
309.3,1.23653e-13
309.4,1.23517e-13
309.5,1.2338e-13
309.6,1.23243e-13
309.7,1.23106e-13
309.8,1.22967e-13
309.9,1.22829e-13
310,1.2269e-13
310.1,1.23022e-13
310.2,1.23354e-13
310.3,1.23687e-13
310.4,1.2402e-13
310.5,1.24354e-13
310.6,1.24688e-13
310.7,1.25024e-13
310.8,1.25359e-13
310.9,1.25696e-13
311,1.26033e-13
311.1,1.2637e-13
311.2,1.26708e-13
311.3,1.27047e-13
311.4,1.27387e-13
311.5,1.27726e-13
311.6,1.28067e-13
311.7,1.28408e-13
311.8,1.2875e-13
311.9,1.29092e-13
312,1.29435e-13
312.1,1.29657e-13
312.2,1.29879e-13
312.3,1.30101e-13
312.4,1.30323e-13
312.5,1.30546e-13
312.6,1.30769e-13
312.7,1.30993e-13
312.8,1.31216e-13
312.9,1.3144e-13
313,1.31665e-13
313.1,1.31672e-13
313.2,1.3168e-13
313.3,1.31687e-13
313.4,1.31694e-13
313.5,1.317e-13
313.6,1.31707e-13
313.7,1.31713e-13
313.8,1.31719e-13
313.9,1.31725e-13
314,1.3173e-13
314.1,1.31736e-13
314.2,1.31741e-13
314.3,1.31745e-13
314.4,1.3175e-13
314.5,1.31754e-13
314.6,1.31759e-13
314.7,1.31762e-13
314.8,1.31766e-13
314.9,1.3177e-13
315,1.31773e-13
315.1,1.35553e-13
315.2,1.39402e-13
315.3,1.4332e-13
315.4,1.47309e-13
315.5,1.51368e-13
315.6,1.55498e-13
315.7,1.59699e-13
315.8,1.63973e-13
315.9,1.68319e-13
316,1.72739e-13
316.1,1.77232e-13
316.2,1.81799e-13
316.3,1.86441e-13
316.4,1.91157e-13
316.5,1.9595e-13
316.6,2.00818e-13
316.7,2.05762e-13
316.8,2.10784e-13
316.9,2.15883e-13
317,2.2106e-13
317.1,2.26361e-13
317.2,2.31744e-13
317.3,2.37208e-13
317.4,2.42754e-13
317.5,2.48382e-13
317.6,2.54094e-13
317.7,2.5989e-13
317.8,2.65769e-13
317.9,2.71734e-13
318,2.77783e-13
318.1,2.84031e-13
318.2,2.90371e-13
318.3,2.96802e-13
318.4,3.03326e-13
318.5,3.09944e-13
318.6,3.16655e-13
318.7,3.2346e-13
318.8,3.30361e-13
318.9,3.37357e-13
319,3.44449e-13
319.1,3.51638e-13
319.2,3.58925e-13
319.3,3.66309e-13
319.4,3.73792e-13
319.5,3.81375e-13
319.6,3.89057e-13
319.7,3.96839e-13
319.8,4.04723e-13
319.9,4.12708e-13
320,4.20795e-13
320.1,4.21439e-13
320.2,4.22083e-13
320.3,4.22727e-13
320.4,4.23372e-13
320.5,4.24017e-13
320.6,4.24662e-13
320.7,4.25307e-13
320.8,4.25953e-13
320.9,4.26599e-13
321,4.27245e-13
321.1,4.27898e-13
321.2,4.28552e-13
321.3,4.29206e-13
321.4,4.29861e-13
321.5,4.30515e-13
321.6,4.3117e-13
321.7,4.31826e-13
321.8,4.32481e-13
321.9,4.33137e-13
322,4.33793e-13
322.1,4.34656e-13
322.2,4.3552e-13
322.3,4.36385e-13
322.4,4.37251e-13
322.5,4.38118e-13
322.6,4.38987e-13
322.7,4.39856e-13
322.8,4.40727e-13
322.9,4.41599e-13
323,4.42472e-13
323.1,4.43569e-13
323.2,4.44667e-13
323.3,4.45768e-13
323.4,4.4687e-13
323.5,4.47975e-13
323.6,4.49082e-13
323.7,4.50191e-13
323.8,4.51303e-13
323.9,4.52416e-13
324,4.53532e-13
324.1,4.54636e-13
324.2,4.55743e-13
324.3,4.56852e-13
324.4,4.57962e-13
324.5,4.59075e-13
324.6,4.6019e-13
324.7,4.61307e-13
324.8,4.62427e-13
324.9,4.63548e-13
325,4.64672e-13
325.1,4.85393e-13
325.2,5.0673e-13
325.3,5.28691e-13
325.4,5.51287e-13
325.5,5.74526e-13
325.6,5.98418e-13
325.7,6.22973e-13
325.8,6.48201e-13
325.9,6.7411e-13
326,7.00711e-13
326.1,7.28013e-13
326.2,7.56025e-13
326.3,7.84759e-13
326.4,8.14222e-13
326.5,8.44425e-13
326.6,8.75377e-13
326.7,9.07089e-13
326.8,9.3957e-13
326.9,9.7283e-13
327,1.00688e-12
327.1,1.04316e-12
327.2,1.08034e-12
327.3,1.11845e-12
327.4,1.15748e-12
327.5,1.19746e-12
327.6,1.2384e-12
327.7,1.28031e-12
327.8,1.32321e-12
327.9,1.3671e-12
328,1.41201e-12
328.1,1.45971e-12
328.2,1.50856e-12
328.3,1.55857e-12
328.4,1.60977e-12
328.5,1.66216e-12
328.6,1.71577e-12
328.7,1.77062e-12
328.8,1.82672e-12
328.9,1.88409e-12
329,1.94275e-12
329.1,2.00273e-12
329.2,2.06402e-12
329.3,2.12667e-12
329.4,2.19067e-12
329.5,2.25606e-12
329.6,2.32285e-12
329.7,2.39105e-12
329.8,2.46069e-12
329.9,2.53179e-12
330,2.60437e-12
330.1,2.78085e-12
330.2,2.96547e-12
330.3,3.15845e-12
330.4,3.36e-12
330.5,3.57034e-12
330.6,3.78967e-12
330.7,4.01823e-12
330.8,4.25624e-12
330.9,4.50391e-12
331,4.76147e-12
331.1,5.02915e-12
331.2,5.30718e-12
331.3,5.59578e-12
331.4,5.8952e-12
331.5,6.20566e-12
331.6,6.5274e-12
331.7,6.86066e-12
331.8,7.20568e-12
331.9,7.56269e-12
332,7.93196e-12
332.1,8.32299e-12
332.2,8.72759e-12
332.3,9.14604e-12
332.4,9.57864e-12
332.5,1.00257e-11
332.6,1.04874e-11
332.7,1.09642e-11
332.8,1.14563e-11
332.9,1.1964e-11
333,1.24877e-11
333.1,1.30593e-11
333.2,1.36498e-11
333.3,1.42599e-11
333.4,1.48897e-11
333.5,1.55398e-11
333.6,1.62106e-11
333.7,1.69025e-11
333.8,1.76159e-11
333.9,1.83513e-11
334,1.91091e-11
334.1,1.98898e-11
334.2,2.06937e-11
334.3,2.15214e-11
334.4,2.23733e-11
334.5,2.32498e-11
334.6,2.41515e-11
334.7,2.50788e-11
334.8,2.60321e-11
334.9,2.7012e-11
335,2.8019e-11
335.1,2.88645e-11
335.2,2.9729e-11
335.3,3.06127e-11
335.4,3.1516e-11
335.5,3.24391e-11
335.6,3.33823e-11
335.7,3.43459e-11
335.8,3.53302e-11
335.9,3.63355e-11
336,3.7362e-11
336.1,3.84103e-11
336.2,3.94804e-11
336.3,4.05728e-11
336.4,4.16876e-11
336.5,4.28253e-11
336.6,4.39862e-11
336.7,4.51704e-11
336.8,4.63785e-11
336.9,4.76106e-11
337,4.88671e-11
337.1,5.01542e-11
337.2,5.14667e-11
337.3,5.28047e-11
337.4,5.41688e-11
337.5,5.55591e-11
337.6,5.69761e-11
337.7,5.84201e-11
337.8,5.98915e-11
337.9,6.13905e-11
338,6.29176e-11
338.1,6.45476e-11
338.2,6.62093e-11
338.3,6.79031e-11
338.4,6.96295e-11
338.5,7.13888e-11
338.6,7.31814e-11
338.7,7.50079e-11
338.8,7.68686e-11
338.9,7.8764e-11
339,8.06944e-11
339.1,8.26604e-11
339.2,8.46624e-11
339.3,8.67008e-11
339.4,8.87761e-11
339.5,9.08887e-11
339.6,9.30391e-11
339.7,9.52277e-11
339.8,9.7455e-11
339.9,9.97215e-11
340,1.02028e-10
340.1,1.03654e-10
340.2,1.05301e-10
340.3,1.06966e-10
340.4,1.08652e-10
340.5,1.10357e-10
340.6,1.12082e-10
340.7,1.13828e-10
340.8,1.15593e-10
340.9,1.17379e-10
341,1.19186e-10
341.1,1.21012e-10
341.2,1.2286e-10
341.3,1.24728e-10
341.4,1.26618e-10
341.5,1.28529e-10
341.6,1.30462e-10
341.7,1.32416e-10
341.8,1.34393e-10
341.9,1.36391e-10
342,1.38412e-10
342.1,1.40485e-10
342.2,1.42581e-10
342.3,1.44701e-10
342.4,1.46844e-10
342.5,1.49011e-10
342.6,1.51202e-10
342.7,1.53416e-10
342.8,1.55655e-10
342.9,1.57919e-10
343,1.60207e-10
343.1,1.62721e-10
343.2,1.65264e-10
343.3,1.67836e-10
343.4,1.70438e-10
343.5,1.73068e-10
343.6,1.75729e-10
343.7,1.7842e-10
343.8,1.8114e-10
343.9,1.83892e-10
344,1.86673e-10
344.1,1.89487e-10
344.2,1.92331e-10
344.3,1.95207e-10
344.4,1.98114e-10
344.5,2.01054e-10
344.6,2.04025e-10
344.7,2.07028e-10
344.8,2.10064e-10
344.9,2.13133e-10
345,2.16235e-10
345.1,2.1836e-10
345.2,2.20498e-10
345.3,2.2265e-10
345.4,2.24815e-10
345.5,2.26994e-10
345.6,2.29186e-10
345.7,2.31392e-10
345.8,2.33612e-10
345.9,2.35845e-10
346,2.38092e-10
346.1,2.4035e-10
346.2,2.42622e-10
346.3,2.44907e-10
346.4,2.47207e-10
346.5,2.4952e-10
346.6,2.51848e-10
346.7,2.5419e-10
346.8,2.56546e-10
346.9,2.58916e-10
347,2.61301e-10
347.1,2.6375e-10
347.2,2.66213e-10
347.3,2.68692e-10
347.4,2.71185e-10
347.5,2.73694e-10
347.6,2.76217e-10
347.7,2.78756e-10
347.8,2.8131e-10
347.9,2.83879e-10
348,2.86464e-10
348.1,2.89275e-10
348.2,2.92103e-10
348.3,2.94948e-10
348.4,2.97811e-10
348.5,3.00691e-10
348.6,3.03588e-10
348.7,3.06504e-10
348.8,3.09437e-10
348.9,3.12387e-10
349,3.15356e-10
349.1,3.18435e-10
349.2,3.21534e-10
349.3,3.24652e-10
349.4,3.27791e-10
349.5,3.30949e-10
349.6,3.34127e-10
349.7,3.37326e-10
349.8,3.40544e-10
349.9,3.43783e-10
350,3.47042e-10
350.1,3.49543e-10
350.2,3.52052e-10
350.3,3.5457e-10
350.4,3.57097e-10
350.5,3.59633e-10
350.6,3.62179e-10
350.7,3.64733e-10
350.8,3.67296e-10
350.9,3.69869e-10
351,3.7245e-10
351.1,3.75045e-10
351.2,3.77648e-10
351.3,3.80261e-10
351.4,3.82883e-10
351.5,3.85514e-10
351.6,3.88155e-10
351.7,3.90804e-10
351.8,3.93464e-10
351.9,3.96132e-10
352,3.9881e-10
352.1,4.01616e-10
352.2,4.04433e-10
352.3,4.07259e-10
352.4,4.10095e-10
352.5,4.12941e-10
352.6,4.15798e-10
352.7,4.18664e-10
352.8,4.2154e-10
352.9,4.24427e-10
353,4.27324e-10
353.1,4.30584e-10
353.2,4.33856e-10
353.3,4.37139e-10
353.4,4.40435e-10
353.5,4.43742e-10
353.6,4.47061e-10
353.7,4.50392e-10
353.8,4.53735e-10
353.9,4.5709e-10
354,4.60456e-10
354.1,4.63829e-10
354.2,4.67213e-10
354.3,4.70609e-10
354.4,4.74018e-10
354.5,4.77438e-10
354.6,4.8087e-10
354.7,4.84315e-10
354.8,4.87771e-10
354.9,4.9124e-10
355,4.9472e-10
355.1,4.97593e-10
355.2,5.0047e-10
355.3,5.03352e-10
355.4,5.06239e-10
355.5,5.0913e-10
355.6,5.12027e-10
355.7,5.14928e-10
355.8,5.17834e-10
355.9,5.20745e-10
356,5.23661e-10
356.1,5.26583e-10
356.2,5.2951e-10
356.3,5.32442e-10
356.4,5.35379e-10
356.5,5.38321e-10
356.6,5.41267e-10
356.7,5.44219e-10
356.8,5.47175e-10
356.9,5.50137e-10
357,5.53103e-10
357.1,5.56255e-10
357.2,5.59412e-10
357.3,5.62575e-10
357.4,5.65742e-10
357.5,5.68916e-10
357.6,5.72094e-10
357.7,5.75278e-10
357.8,5.78467e-10
357.9,5.81661e-10
358,5.84861e-10
358.1,5.88463e-10
358.2,5.92072e-10
358.3,5.95686e-10
358.4,5.99307e-10
358.5,6.02933e-10
358.6,6.06566e-10
358.7,6.10205e-10
358.8,6.1385e-10
358.9,6.17501e-10
359,6.21158e-10
359.1,6.24821e-10
359.2,6.28491e-10
359.3,6.32166e-10
359.4,6.35848e-10
359.5,6.39536e-10
359.6,6.4323e-10
359.7,6.46931e-10
359.8,6.50637e-10
359.9,6.5435e-10
360,6.58069e-10
360.1,6.61219e-10
360.2,6.64369e-10
360.3,6.6752e-10
360.4,6.70672e-10
360.5,6.73823e-10
360.6,6.76975e-10
360.7,6.80127e-10
360.8,6.8328e-10
360.9,6.86432e-10
361,6.89585e-10
361.1,6.92739e-10
361.2,6.95893e-10
361.3,6.99047e-10
361.4,7.02201e-10
361.5,7.05356e-10
361.6,7.08511e-10
361.7,7.11666e-10
361.8,7.14822e-10
361.9,7.17978e-10
362,7.21134e-10
362.1,7.24319e-10
362.2,7.27505e-10
362.3,7.3069e-10
362.4,7.33876e-10
362.5,7.37062e-10
362.6,7.40249e-10
362.7,7.43435e-10
362.8,7.46622e-10
362.9,7.49809e-10
363,7.52997e-10
363.1,7.56571e-10
363.2,7.60146e-10
363.3,7.63721e-10
363.4,7.67296e-10
363.5,7.70872e-10
363.6,7.74447e-10
363.7,7.78023e-10
363.8,7.816e-10
363.9,7.85176e-10
364,7.88753e-10
364.1,7.9233e-10
364.2,7.95907e-10
364.3,7.99485e-10
364.4,8.03062e-10
364.5,8.0664e-10
364.6,8.10219e-10
364.7,8.13797e-10
364.8,8.17376e-10
364.9,8.20955e-10
365,8.24534e-10
365.1,8.28192e-10
365.2,8.31852e-10
365.3,8.35512e-10
365.4,8.39173e-10
365.5,8.42835e-10
365.6,8.46499e-10
365.7,8.50163e-10
365.8,8.53828e-10
365.9,8.57494e-10
366,8.6116e-10
366.1,8.64828e-10
366.2,8.68497e-10
366.3,8.72167e-10
366.4,8.75837e-10
366.5,8.79509e-10
366.6,8.83181e-10
366.7,8.86855e-10
366.8,8.90529e-10
366.9,8.94204e-10
367,8.97881e-10
367.1,9.01563e-10
367.2,9.05247e-10
367.3,9.08932e-10
367.4,9.12618e-10
367.5,9.16305e-10
367.6,9.19992e-10
367.7,9.23681e-10
367.8,9.27371e-10
367.9,9.31061e-10
368,9.34753e-10
368.1,9.38579e-10
368.2,9.42406e-10
368.3,9.46235e-10
368.4,9.50064e-10
368.5,9.53895e-10
368.6,9.57726e-10
368.7,9.61559e-10
368.8,9.65392e-10
368.9,9.69227e-10
369,9.73063e-10
369.1,9.76919e-10
369.2,9.80776e-10
369.3,9.84634e-10
369.4,9.88494e-10
369.5,9.92354e-10
369.6,9.96215e-10
369.7,1.00008e-09
369.8,1.00394e-09
369.9,1.00781e-09
370,1.01167e-09
370.1,1.0159e-09
370.2,1.02012e-09
370.3,1.02435e-09
370.4,1.02859e-09
370.5,1.03283e-09
370.6,1.03707e-09
370.7,1.04132e-09
370.8,1.04557e-09
370.9,1.04982e-09
371,1.05408e-09
371.1,1.05834e-09
371.2,1.0626e-09
371.3,1.06687e-09
371.4,1.07114e-09
371.5,1.07541e-09
371.6,1.07969e-09
371.7,1.08397e-09
371.8,1.08826e-09
371.9,1.09255e-09
372,1.09684e-09
372.1,1.10114e-09
372.2,1.10544e-09
372.3,1.10974e-09
372.4,1.11405e-09
372.5,1.11837e-09
372.6,1.12268e-09
372.7,1.127e-09
372.8,1.13133e-09
372.9,1.13566e-09
373,1.13999e-09
373.1,1.14469e-09
373.2,1.14939e-09
373.3,1.1541e-09
373.4,1.15882e-09
373.5,1.16353e-09
373.6,1.16826e-09
373.7,1.17298e-09
373.8,1.17771e-09
373.9,1.18245e-09
374,1.18719e-09
374.1,1.19196e-09
374.2,1.19674e-09
374.3,1.20152e-09
374.4,1.20631e-09
374.5,1.2111e-09
374.6,1.21589e-09
374.7,1.22069e-09
374.8,1.2255e-09
374.9,1.23031e-09
375,1.23512e-09
375.1,1.24134e-09
375.2,1.24759e-09
375.3,1.25384e-09
375.4,1.26012e-09
375.5,1.26641e-09
375.6,1.27271e-09
375.7,1.27904e-09
375.8,1.28538e-09
375.9,1.29173e-09
376,1.2981e-09
376.1,1.3045e-09
376.2,1.31092e-09
376.3,1.31735e-09
376.4,1.32381e-09
376.5,1.33027e-09
376.6,1.33676e-09
376.7,1.34326e-09
376.8,1.34977e-09
376.9,1.35631e-09
377,1.36286e-09
377.1,1.36943e-09
377.2,1.37601e-09
377.3,1.38261e-09
377.4,1.38923e-09
377.5,1.39587e-09
377.6,1.40252e-09
377.7,1.40919e-09
377.8,1.41588e-09
377.9,1.42258e-09
378,1.4293e-09
378.1,1.43581e-09
378.2,1.44234e-09
378.3,1.44888e-09
378.4,1.45544e-09
378.5,1.46201e-09
378.6,1.4686e-09
378.7,1.47521e-09
378.8,1.48183e-09
378.9,1.48847e-09
379,1.49513e-09
379.1,1.50179e-09
379.2,1.50847e-09
379.3,1.51516e-09
379.4,1.52187e-09
379.5,1.5286e-09
379.6,1.53534e-09
379.7,1.5421e-09
379.8,1.54888e-09
379.9,1.55567e-09
380,1.56248e-09
380.1,1.57076e-09
380.2,1.57906e-09
380.3,1.58739e-09
380.4,1.59575e-09
380.5,1.60414e-09
380.6,1.61256e-09
380.7,1.62101e-09
380.8,1.62948e-09
380.9,1.63799e-09
381,1.64653e-09
381.1,1.65511e-09
381.2,1.66373e-09
381.3,1.67238e-09
381.4,1.68106e-09
381.5,1.68977e-09
381.6,1.69851e-09
381.7,1.70727e-09
381.8,1.71607e-09
381.9,1.7249e-09
382,1.73376e-09
382.1,1.74264e-09
382.2,1.75154e-09
382.3,1.76048e-09
382.4,1.76944e-09
382.5,1.77844e-09
382.6,1.78747e-09
382.7,1.79652e-09
382.8,1.80561e-09
382.9,1.81473e-09
383,1.82389e-09
383.1,1.83252e-09
383.2,1.84118e-09
383.3,1.84987e-09
383.4,1.85858e-09
383.5,1.86733e-09
383.6,1.87611e-09
383.7,1.88491e-09
383.8,1.89374e-09
383.9,1.9026e-09
384,1.91149e-09
384.1,1.92039e-09
384.2,1.92932e-09
384.3,1.93827e-09
384.4,1.94726e-09
384.5,1.95627e-09
384.6,1.96532e-09
384.7,1.97439e-09
384.8,1.98349e-09
384.9,1.99262e-09
385,2.00178e-09
385.1,2.00982e-09
385.2,2.01789e-09
385.3,2.02597e-09
385.4,2.03408e-09
385.5,2.0422e-09
385.6,2.05035e-09
385.7,2.05852e-09
385.8,2.06671e-09
385.9,2.07492e-09
386,2.08316e-09
386.1,2.09141e-09
386.2,2.09969e-09
386.3,2.10799e-09
386.4,2.11631e-09
386.5,2.12465e-09
386.6,2.13302e-09
386.7,2.1414e-09
386.8,2.14981e-09
386.9,2.15824e-09
387,2.16669e-09
387.1,2.17512e-09
387.2,2.18357e-09
387.3,2.19204e-09
387.4,2.20054e-09
387.5,2.20905e-09
387.6,2.21759e-09
387.7,2.22615e-09
387.8,2.23474e-09
387.9,2.24334e-09
388,2.25197e-09
388.1,2.26016e-09
388.2,2.26837e-09
388.3,2.27661e-09
388.4,2.28486e-09
388.5,2.29314e-09
388.6,2.30143e-09
388.7,2.30975e-09
388.8,2.31808e-09
388.9,2.32644e-09
389,2.33482e-09
389.1,2.34322e-09
389.2,2.35164e-09
389.3,2.36008e-09
389.4,2.36854e-09
389.5,2.37702e-09
389.6,2.38552e-09
389.7,2.39405e-09
389.8,2.40259e-09
389.9,2.41116e-09
390,2.41975e-09
390.1,2.42726e-09
390.2,2.43479e-09
390.3,2.44233e-09
390.4,2.44989e-09
390.5,2.45746e-09
390.6,2.46505e-09
390.7,2.47265e-09
390.8,2.48027e-09
390.9,2.4879e-09
391,2.49554e-09
391.1,2.50321e-09
391.2,2.51088e-09
391.3,2.51858e-09
391.4,2.52628e-09
391.5,2.53401e-09
391.6,2.54174e-09
391.7,2.5495e-09
391.8,2.55727e-09
391.9,2.56505e-09
392,2.57285e-09
392.1,2.58066e-09
392.2,2.58849e-09
392.3,2.59634e-09
392.4,2.6042e-09
392.5,2.61207e-09
392.6,2.61996e-09
392.7,2.62787e-09
392.8,2.63579e-09
392.9,2.64373e-09
393,2.65168e-09
393.1,2.65894e-09
393.2,2.66621e-09
393.3,2.6735e-09
393.4,2.6808e-09
393.5,2.68812e-09
393.6,2.69544e-09
393.7,2.70279e-09
393.8,2.71014e-09
393.9,2.71751e-09
394,2.72489e-09
394.1,2.73218e-09
394.2,2.73948e-09
394.3,2.7468e-09
394.4,2.75413e-09
394.5,2.76147e-09
394.6,2.76883e-09
394.7,2.7762e-09
394.8,2.78358e-09
394.9,2.79097e-09
395,2.79838e-09
395.1,2.80527e-09
395.2,2.81216e-09
395.3,2.81907e-09
395.4,2.82598e-09
395.5,2.83291e-09
395.6,2.83985e-09
395.7,2.8468e-09
395.8,2.85376e-09
395.9,2.86074e-09
396,2.86772e-09
396.1,2.87472e-09
396.2,2.88172e-09
396.3,2.88874e-09
396.4,2.89577e-09
396.5,2.90281e-09
396.6,2.90987e-09
396.7,2.91693e-09
396.8,2.92401e-09
396.9,2.93109e-09
397,2.93819e-09
397.1,2.9453e-09
397.2,2.95242e-09
397.3,2.95956e-09
397.4,2.9667e-09
397.5,2.97386e-09
397.6,2.98103e-09
397.7,2.98821e-09
397.8,2.9954e-09
397.9,3.0026e-09
398,3.00981e-09
398.1,3.01668e-09
398.2,3.02356e-09
398.3,3.03044e-09
398.4,3.03734e-09
398.5,3.04425e-09
398.6,3.05117e-09
398.7,3.0581e-09
398.8,3.06504e-09
398.9,3.07199e-09
399,3.07895e-09
399.1,3.08573e-09
399.2,3.09252e-09
399.3,3.09931e-09
399.4,3.10612e-09
399.5,3.11294e-09
399.6,3.11977e-09
399.7,3.12661e-09
399.8,3.13346e-09
399.9,3.14032e-09
400,3.14719e-09
400.1,3.15272e-09
400.2,3.15825e-09
400.3,3.16379e-09
400.4,3.16934e-09
400.5,3.17489e-09
400.6,3.18045e-09
400.7,3.18601e-09
400.8,3.19158e-09
400.9,3.19716e-09
401,3.20274e-09
401.1,3.20833e-09
401.2,3.21392e-09
401.3,3.21952e-09
401.4,3.22512e-09
401.5,3.23074e-09
401.6,3.23635e-09
401.7,3.24198e-09
401.8,3.24761e-09
401.9,3.25324e-09
402,3.25888e-09
402.1,3.26453e-09
402.2,3.27018e-09
402.3,3.27584e-09
402.4,3.28151e-09
402.5,3.28718e-09
402.6,3.29285e-09
402.7,3.29854e-09
402.8,3.30422e-09
402.9,3.30992e-09
403,3.31562e-09
403.1,3.32093e-09
403.2,3.32624e-09
403.3,3.33155e-09
403.4,3.33688e-09
403.5,3.3422e-09
403.6,3.34754e-09
403.7,3.35287e-09
403.8,3.35822e-09
403.9,3.36357e-09
404,3.36892e-09
404.1,3.37411e-09
404.2,3.37931e-09
404.3,3.38451e-09
404.4,3.38971e-09
404.5,3.39493e-09
404.6,3.40014e-09
404.7,3.40536e-09
404.8,3.41059e-09
404.9,3.41582e-09
405,3.42106e-09
405.1,3.4266e-09
405.2,3.43216e-09
405.3,3.43771e-09
405.4,3.44328e-09
405.5,3.44884e-09
405.6,3.45442e-09
405.7,3.46e-09
405.8,3.46559e-09
405.9,3.47118e-09
406,3.47678e-09
406.1,3.48239e-09
406.2,3.488e-09
406.3,3.49362e-09
406.4,3.49925e-09
406.5,3.50488e-09
406.6,3.51051e-09
406.7,3.51616e-09
406.8,3.52181e-09
406.9,3.52746e-09
407,3.53313e-09
407.1,3.53879e-09
407.2,3.54447e-09
407.3,3.55015e-09
407.4,3.55584e-09
407.5,3.56153e-09
407.6,3.56723e-09
407.7,3.57294e-09
407.8,3.57865e-09
407.9,3.58437e-09
408,3.59009e-09
408.1,3.596e-09
408.2,3.60192e-09
408.3,3.60784e-09
408.4,3.61377e-09
408.5,3.61971e-09
408.6,3.62565e-09
408.7,3.6316e-09
408.8,3.63756e-09
408.9,3.64352e-09
409,3.64949e-09
409.1,3.65553e-09
409.2,3.66157e-09
409.3,3.66762e-09
409.4,3.67367e-09
409.5,3.67973e-09
409.6,3.6858e-09
409.7,3.69188e-09
409.8,3.69796e-09
409.9,3.70405e-09
410,3.71014e-09
410.1,3.71568e-09
410.2,3.72123e-09
410.3,3.72678e-09
410.4,3.73234e-09
410.5,3.7379e-09
410.6,3.74347e-09
410.7,3.74904e-09
410.8,3.75462e-09
410.9,3.7602e-09
411,3.76579e-09
411.1,3.77138e-09
411.2,3.77698e-09
411.3,3.78259e-09
411.4,3.7882e-09
411.5,3.79381e-09
411.6,3.79943e-09
411.7,3.80505e-09
411.8,3.81068e-09
411.9,3.81632e-09
412,3.82196e-09
412.1,3.82761e-09
412.2,3.83326e-09
412.3,3.83891e-09
412.4,3.84458e-09
412.5,3.85024e-09
412.6,3.85591e-09
412.7,3.86159e-09
412.8,3.86727e-09
412.9,3.87296e-09
413,3.87865e-09
413.1,3.88449e-09
413.2,3.89034e-09
413.3,3.89619e-09
413.4,3.90205e-09
413.5,3.91697e-09
413.6,3.93872e-09
413.7,3.96052e-09
413.8,3.98238e-09
413.9,4.0043e-09
414,4.02626e-09
414.1,4.04831e-09
414.2,4.07042e-09
414.3,4.09258e-09
414.4,4.11479e-09
414.5,4.13706e-09
414.6,4.15938e-09
414.7,4.18176e-09
414.8,4.20419e-09
414.9,4.22667e-09
415,4.24921e-09
415.1,1.40398e-08
415.2,2.80755e-08
415.3,4.21424e-08
415.4,5.62406e-08
415.5,7.03701e-08
415.6,8.45308e-08
415.7,9.87228e-08
415.8,1.12946e-07
415.9,1.27201e-07
416,1.41487e-07
416.1,1.55804e-07
416.2,1.70153e-07
416.3,1.84533e-07
416.4,1.98944e-07
416.5,2.13387e-07
416.6,2.27862e-07
416.7,2.19052e-07
416.8,2.05284e-07
416.9,1.91486e-07
417,1.77657e-07
417.1,1.63797e-07
417.2,1.49907e-07
417.3,1.35985e-07
417.4,1.22033e-07
417.5,1.0805e-07
417.6,9.40359e-08
417.7,7.99911e-08
417.8,6.59154e-08
417.9,5.18088e-08
418,3.76712e-08
418.1,2.35028e-08
418.2,9.30333e-09
418.3,9.99523e-09
418.4,1.14356e-08
418.5,1.2879e-08
418.6,1.43256e-08
418.7,1.57753e-08
418.8,1.72282e-08
418.9,1.86842e-08
419,2.01433e-08
419.1,2.16059e-08
419.2,2.30717e-08
419.3,2.45406e-08
419.4,2.60127e-08
419.5,2.7488e-08
419.6,2.89665e-08
419.7,3.04482e-08
419.8,3.18539e-08
419.9,3.23433e-08
420,3.28337e-08
420.1,3.33406e-08
420.2,3.38489e-08
420.3,3.43588e-08
420.4,3.48701e-08
420.5,3.53829e-08
420.6,3.58972e-08
420.7,3.6413e-08
420.8,3.69302e-08
420.9,3.7449e-08
421,3.79692e-08
421.1,3.8491e-08
421.2,3.90142e-08
421.3,3.95389e-08
421.4,3.9624e-08
421.5,3.80098e-08
421.6,3.63904e-08
421.7,3.47659e-08
421.8,3.31362e-08
421.9,3.15014e-08
422,2.98615e-08
422.1,2.82163e-08
422.2,2.6566e-08
422.3,2.49106e-08
422.4,2.32499e-08
422.5,2.1584e-08
422.6,1.9913e-08
422.7,1.82367e-08
422.8,1.65552e-08
422.9,1.48685e-08
423,1.38799e-08
423.1,1.42954e-08
423.2,1.4712e-08
423.3,1.51297e-08
423.4,1.55485e-08
423.5,1.59684e-08
423.6,1.63895e-08
423.7,1.68117e-08
423.8,1.7235e-08
423.9,1.76595e-08
424,1.80851e-08
424.1,1.85103e-08
424.2,1.89365e-08
424.3,1.93638e-08
424.4,1.97921e-08
424.5,2.02216e-08
424.6,2.08882e-08
424.7,2.18337e-08
424.8,2.27816e-08
424.9,2.37319e-08
425,2.46846e-08
425.1,2.56301e-08
425.2,2.65773e-08
425.3,2.75262e-08
425.4,2.84769e-08
425.5,2.94292e-08
425.6,3.03832e-08
425.7,3.1339e-08
425.8,3.22965e-08
425.9,3.32557e-08
426,3.42166e-08
426.1,3.51792e-08
426.2,3.61304e-08
426.3,3.70739e-08
426.4,3.80191e-08
426.5,3.8966e-08
426.6,3.99145e-08
426.7,4.08648e-08
426.8,4.18167e-08
426.9,4.27704e-08
427,4.37257e-08
427.1,4.46827e-08
427.2,4.56414e-08
427.3,4.66018e-08
427.4,4.75639e-08
427.5,4.85277e-08
427.6,4.94932e-08
427.7,5.04604e-08
427.8,4.95747e-08
427.9,4.79449e-08
428,4.63121e-08
428.1,4.46736e-08
428.2,4.30323e-08
428.3,4.13881e-08
428.4,3.97411e-08
428.5,3.80913e-08
428.6,3.64386e-08
428.7,3.47831e-08
428.8,3.31247e-08
428.9,3.14636e-08
429,2.97995e-08
429.1,2.81304e-08
429.2,2.64587e-08
429.3,2.47845e-08
429.4,2.49099e-08
429.5,2.53758e-08
429.6,2.58423e-08
429.7,2.63096e-08
429.8,2.67776e-08
429.9,2.72462e-08
430,2.77156e-08
430.1,2.81817e-08
430.2,2.86483e-08
430.3,2.91155e-08
430.4,2.95833e-08
430.5,3.00517e-08
430.6,3.05206e-08
430.7,3.099e-08
430.8,3.14601e-08
430.9,3.19306e-08
431,3.39785e-08
431.1,3.60806e-08
431.2,3.81853e-08
431.3,4.02925e-08
431.4,4.24024e-08
431.5,4.45148e-08
431.6,4.66299e-08
431.7,4.87475e-08
431.8,5.08677e-08
431.9,5.29905e-08
432,5.51159e-08
432.1,5.72439e-08
432.2,5.93745e-08
432.3,6.15077e-08
432.4,6.36435e-08
432.5,6.65234e-08
432.6,7.64562e-08
432.7,8.64011e-08
432.8,9.63583e-08
432.9,1.06328e-07
433,1.16309e-07
433.1,1.26303e-07
433.2,1.36309e-07
433.3,1.46327e-07
433.4,1.56357e-07
433.5,1.66399e-07
433.6,1.76454e-07
433.7,1.86521e-07
433.8,1.966e-07
433.9,2.06691e-07
434,2.16795e-07
434.1,2.25672e-07
434.2,2.30225e-07
434.3,2.34783e-07
434.4,2.39346e-07
434.5,2.43915e-07
434.6,2.48489e-07
434.7,2.53069e-07
434.8,2.57654e-07
434.9,2.62245e-07
435,2.66841e-07
435.1,2.71472e-07
435.2,2.76109e-07
435.3,2.80753e-07
435.4,2.85403e-07
435.5,2.9006e-07
435.6,2.94723e-07
435.7,2.95178e-07
435.8,2.87775e-07
435.9,2.80361e-07
436,2.72936e-07
436.1,2.65499e-07
436.2,2.58052e-07
436.3,2.50594e-07
436.4,2.43125e-07
436.5,2.35646e-07
436.6,2.28156e-07
436.7,2.20654e-07
436.8,2.13142e-07
436.9,2.0562e-07
437,1.98086e-07
437.1,1.90542e-07
437.2,1.82987e-07
437.3,1.79849e-07
437.4,1.81581e-07
437.5,1.83315e-07
437.6,1.85051e-07
437.7,1.8679e-07
437.8,1.88531e-07
437.9,1.90274e-07
438,1.9202e-07
438.1,1.93763e-07
438.2,1.95508e-07
438.3,1.97255e-07
438.4,1.99004e-07
438.5,2.00756e-07
438.6,2.0251e-07
438.7,2.04267e-07
438.8,2.06025e-07
438.9,2.74344e-07
439,3.86573e-07
439.1,4.98938e-07
439.2,6.11448e-07
439.3,7.24104e-07
439.4,8.36905e-07
439.5,9.49852e-07
439.6,1.06294e-06
439.7,1.17618e-06
439.8,1.28957e-06
439.9,1.4031e-06
440,1.51677e-06
440.1,1.63078e-06
440.2,1.74496e-06
440.3,1.85932e-06
440.4,1.97385e-06
440.5,1.91815e-06
440.6,1.79935e-06
440.7,1.68036e-06
440.8,1.5612e-06
440.9,1.44185e-06
441,1.32232e-06
441.1,1.20259e-06
441.2,1.08269e-06
441.3,9.62604e-07
441.4,8.42338e-07
441.5,7.2189e-07
441.6,6.01261e-07
441.7,4.80449e-07
441.8,3.59456e-07
441.9,2.38281e-07
442,1.16924e-07
442.1,9.62649e-08
442.2,9.24003e-08
442.3,8.85298e-08
442.4,8.46534e-08
442.5,8.07712e-08
442.6,7.68831e-08
442.7,7.29891e-08
442.8,6.90892e-08
442.9,6.51834e-08
443,6.12717e-08
443.1,5.73509e-08
443.2,5.34246e-08
443.3,4.94929e-08
443.4,4.55557e-08
443.5,4.1613e-08
443.6,3.76648e-08
443.7,3.69804e-08
443.8,3.63478e-08
443.9,3.57144e-08
444,3.508e-08
444.1,3.44434e-08
444.2,3.3806e-08
444.3,3.31677e-08
444.4,3.25286e-08
444.5,3.18886e-08
444.6,3.12477e-08
444.7,3.0606e-08
444.8,2.99635e-08
444.9,2.93201e-08
445,2.86758e-08
445.1,2.80197e-08
445.2,2.74565e-08
445.3,2.76389e-08
445.4,2.78214e-08
445.5,2.8004e-08
445.6,2.81866e-08
445.7,2.83694e-08
445.8,2.85523e-08
445.9,2.87352e-08
446,2.89182e-08
446.1,2.91018e-08
446.2,2.92854e-08
446.3,2.94691e-08
446.4,2.96529e-08
446.5,2.98368e-08
446.6,3.00208e-08
446.7,3.02049e-08
446.8,3.5415e-08
446.9,5.67152e-08
447,7.8027e-08
447.1,9.93503e-08
447.2,1.20685e-07
447.3,1.42031e-07
447.4,1.63389e-07
447.5,1.84759e-07
447.6,2.0614e-07
447.7,2.27532e-07
447.8,2.48936e-07
447.9,2.70351e-07
448,2.91778e-07
448.1,3.13204e-07
448.2,3.3464e-07
448.3,3.56086e-07
448.4,3.7854e-07
448.5,4.0274e-07
448.6,4.26951e-07
448.7,4.51173e-07
448.8,4.75407e-07
448.9,4.99651e-07
449,5.23906e-07
449.1,5.48157e-07
449.2,5.72418e-07
449.3,5.96689e-07
449.4,6.20969e-07
449.5,6.45258e-07
449.6,6.69558e-07
449.7,6.93867e-07
449.8,7.18186e-07
449.9,7.42514e-07
450,7.3687e-07
450.1,7.00557e-07
450.2,6.642e-07
450.3,6.27798e-07
450.4,5.9135e-07
450.5,5.54858e-07
450.6,5.1832e-07
450.7,4.81737e-07
450.8,4.45108e-07
450.9,4.08435e-07
451,3.71716e-07
451.1,3.34955e-07
451.2,2.98148e-07
451.3,2.61294e-07
451.4,2.24395e-07
451.5,1.87449e-07
451.6,1.6769e-07
451.7,1.58517e-07
451.8,1.49332e-07
451.9,1.40136e-07
452,1.30928e-07
452.1,1.2171e-07
452.2,1.12479e-07
452.3,1.03237e-07
452.4,9.39838e-08
452.5,8.47185e-08
452.6,7.54415e-08
452.7,6.61529e-08
452.8,5.68525e-08
452.9,4.75404e-08
453,3.82166e-08
453.1,2.88819e-08
453.2,2.55306e-08
453.3,2.42174e-08
453.4,2.29025e-08
453.5,2.15858e-08
453.6,2.02673e-08
453.7,1.89471e-08
453.8,1.76252e-08
453.9,1.63016e-08
454,1.49762e-08
454.1,1.36493e-08
454.2,1.23207e-08
454.3,1.09902e-08
454.4,9.65798e-09
454.5,8.3239e-09
454.6,6.988e-09
454.7,5.65028e-09
454.8,5.48352e-09
454.9,5.48725e-09
455,5.49097e-09
455.1,5.49188e-09
455.2,5.49279e-09
455.3,5.4937e-09
455.4,5.49461e-09
455.5,5.49552e-09
455.6,5.49643e-09
455.7,5.49734e-09
455.8,5.49824e-09
455.9,5.49915e-09
456,5.50006e-09
456.1,5.50096e-09
456.2,5.50187e-09
456.3,5.50277e-09
456.4,5.50368e-09
456.5,5.50458e-09
456.6,5.50549e-09
456.7,5.50639e-09
456.8,5.50729e-09
456.9,5.5082e-09
457,5.5091e-09
457.1,5.51e-09
457.2,5.5109e-09
457.3,5.5118e-09
457.4,5.5127e-09
457.5,5.5136e-09
457.6,5.5145e-09
457.7,5.5154e-09
457.8,5.5163e-09
457.9,5.5172e-09
458,5.5181e-09
458.1,5.51888e-09
458.2,5.51966e-09
458.3,5.52043e-09
458.4,5.52121e-09
458.5,5.52198e-09
458.6,5.52276e-09
458.7,5.52354e-09
458.8,5.52431e-09
458.9,5.52509e-09
459,5.52586e-09
459.1,5.52622e-09
459.2,5.52658e-09
459.3,5.52694e-09
459.4,5.5273e-09
459.5,5.52766e-09
459.6,5.52802e-09
459.7,5.52838e-09
459.8,5.52873e-09
459.9,5.52909e-09
460,5.52945e-09
460.1,5.53232e-09
460.2,5.5352e-09
460.3,5.53808e-09
460.4,5.54095e-09
460.5,5.54383e-09
460.6,5.54671e-09
460.7,5.54959e-09
460.8,5.55248e-09
460.9,5.55536e-09
461,5.55825e-09
461.1,5.56113e-09
461.2,5.56402e-09
461.3,5.56691e-09
461.4,5.5698e-09
461.5,5.57269e-09
461.6,5.57558e-09
461.7,5.57847e-09
461.8,5.58137e-09
461.9,5.58427e-09
462,5.58716e-09
462.1,5.58999e-09
462.2,5.59282e-09
462.3,5.59566e-09
462.4,5.59849e-09
462.5,5.60132e-09
462.6,5.60416e-09
462.7,5.607e-09
462.8,5.60984e-09
462.9,5.61268e-09
463,5.61552e-09
463.1,5.61799e-09
463.2,5.62045e-09
463.3,5.62293e-09
463.4,5.6254e-09
463.5,5.62787e-09
463.6,5.63034e-09
463.7,5.63282e-09
463.8,5.63529e-09
463.9,5.63777e-09
464,5.64025e-09
464.1,5.64173e-09
464.2,5.64321e-09
464.3,5.64469e-09
464.4,5.64617e-09
464.5,5.64765e-09
464.6,5.64914e-09
464.7,5.65062e-09
464.8,5.6521e-09
464.9,5.65359e-09
465,5.65507e-09
465.1,5.65514e-09
465.2,5.65522e-09
465.3,5.65529e-09
465.4,5.65536e-09
465.5,5.65543e-09
465.6,5.65551e-09
465.7,5.65558e-09
465.8,5.65565e-09
465.9,5.65572e-09
466,5.6558e-09
466.1,5.65587e-09
466.2,5.65594e-09
466.3,5.65601e-09
466.4,5.65608e-09
466.5,5.65616e-09
466.6,5.65623e-09
466.7,5.6563e-09
466.8,5.65637e-09
466.9,5.65644e-09
467,5.65651e-09
467.1,5.65655e-09
467.2,5.65658e-09
467.3,5.65661e-09
467.4,5.65665e-09
467.5,5.65668e-09
467.6,5.65672e-09
467.7,5.65675e-09
467.8,5.65679e-09
467.9,5.65682e-09
468,5.65685e-09
468.1,5.65684e-09
468.2,5.65683e-09
468.3,5.65681e-09
468.4,5.6568e-09
468.5,5.65679e-09
468.6,5.65677e-09
468.7,5.65676e-09
468.8,5.65674e-09
468.9,5.65673e-09
469,5.65672e-09
469.1,5.6567e-09
469.2,5.65669e-09
469.3,5.65667e-09
469.4,5.65666e-09
469.5,5.65664e-09
469.6,5.65662e-09
469.7,5.65661e-09
469.8,5.65659e-09
469.9,5.65658e-09
470,5.65656e-09
470.1,5.65698e-09
470.2,5.65739e-09
470.3,5.6578e-09
470.4,5.65822e-09
470.5,5.65863e-09
470.6,5.65904e-09
470.7,5.65945e-09
470.8,5.65987e-09
470.9,5.66028e-09
471,5.66069e-09
471.1,5.6611e-09
471.2,5.66152e-09
471.3,5.66193e-09
471.4,5.66234e-09
471.5,5.66275e-09
471.6,5.66316e-09
471.7,5.66358e-09
471.8,5.66399e-09
471.9,5.6644e-09
472,5.66481e-09
472.1,5.66522e-09
472.2,5.66564e-09
472.3,5.66605e-09
472.4,5.66646e-09
472.5,5.66688e-09
472.6,5.66729e-09
472.7,5.6677e-09
472.8,5.66812e-09
472.9,5.66853e-09
473,5.66894e-09
473.1,5.67019e-09
473.2,5.67144e-09
473.3,5.67269e-09
473.4,5.67394e-09
473.5,5.6752e-09
473.6,5.67645e-09
473.7,5.6777e-09
473.8,5.67895e-09
473.9,5.6802e-09
474,5.68145e-09
474.1,5.68398e-09
474.2,5.68651e-09
474.3,5.68903e-09
474.4,5.69156e-09
474.5,5.69409e-09
474.6,5.69662e-09
474.7,5.69914e-09
474.8,5.70167e-09
474.9,5.70421e-09
475,5.70674e-09
475.1,5.71048e-09
475.2,5.71422e-09
475.3,5.71796e-09
475.4,5.72171e-09
475.5,5.72545e-09
475.6,5.7292e-09
475.7,5.73295e-09
475.8,5.73671e-09
475.9,5.74046e-09
476,5.74422e-09
476.1,5.74798e-09
476.2,5.75174e-09
476.3,5.7555e-09
476.4,5.75927e-09
476.5,5.76303e-09
476.6,5.7668e-09
476.7,5.77057e-09
476.8,5.77434e-09
476.9,5.77811e-09
477,5.78189e-09
477.1,5.78567e-09
477.2,5.78945e-09
477.3,5.79323e-09
477.4,5.79701e-09
477.5,5.8008e-09
477.6,5.80458e-09
477.7,5.80837e-09
477.8,5.81216e-09
477.9,5.81596e-09
478,5.81975e-09
478.1,5.8236e-09
478.2,5.82745e-09
478.3,5.83131e-09
478.4,5.83516e-09
478.5,5.83902e-09
478.6,5.84288e-09
478.7,5.84674e-09
478.8,5.8506e-09
478.9,5.85447e-09
479,5.85834e-09
479.1,5.86232e-09
479.2,5.8663e-09
479.3,5.87028e-09
479.4,5.87426e-09
479.5,5.87825e-09
479.6,5.88224e-09
479.7,5.88623e-09
479.8,5.89023e-09
479.9,5.89422e-09
480,5.89822e-09
480.1,5.89994e-09
480.2,5.90165e-09
480.3,5.90337e-09
480.4,5.90509e-09
480.5,5.90681e-09
480.6,5.90853e-09
480.7,5.91024e-09
480.8,5.91196e-09
480.9,5.91368e-09
481,5.9154e-09
481.1,5.91719e-09
481.2,5.91899e-09
481.3,5.92078e-09
481.4,5.92258e-09
481.5,5.92438e-09
481.6,5.92617e-09
481.7,5.92797e-09
481.8,5.92977e-09
481.9,5.93156e-09
482,5.93336e-09
482.1,5.93516e-09
482.2,5.93696e-09
482.3,5.93877e-09
482.4,5.94057e-09
482.5,5.94237e-09
482.6,5.94418e-09
482.7,5.94598e-09
482.8,5.94778e-09
482.9,5.94958e-09
483,5.95139e-09
483.1,5.9528e-09
483.2,5.95421e-09
483.3,5.95562e-09
483.4,5.95702e-09
483.5,5.95843e-09
483.6,5.95984e-09
483.7,5.96125e-09
483.8,5.96266e-09
483.9,5.96407e-09
484,5.96548e-09
484.1,5.9654e-09
484.2,5.96532e-09
484.3,5.96524e-09
484.4,5.96516e-09
484.5,5.96508e-09
484.6,5.965e-09
484.7,5.96492e-09
484.8,5.96483e-09
484.9,5.96475e-09
485,5.96467e-09
485.1,5.9648e-09
485.2,5.96493e-09
485.3,5.96506e-09
485.4,5.96519e-09
485.5,5.96531e-09
485.6,5.96544e-09
485.7,5.96557e-09
485.8,5.9657e-09
485.9,5.96583e-09
486,5.96596e-09
486.1,5.96608e-09
486.2,5.96621e-09
486.3,5.96634e-09
486.4,5.96647e-09
486.5,5.96659e-09
486.6,5.96672e-09
486.7,5.96685e-09
486.8,5.96698e-09
486.9,5.96711e-09
487,5.96723e-09
487.1,5.96736e-09
487.2,5.96749e-09
487.3,5.96761e-09
487.4,5.96774e-09
487.5,5.96787e-09
487.6,5.968e-09
487.7,5.96812e-09
487.8,5.96825e-09
487.9,5.96838e-09
488,5.9685e-09
488.1,5.96863e-09
488.2,5.96876e-09
488.3,5.96888e-09
488.4,5.96901e-09
488.5,5.96914e-09
488.6,5.96926e-09
488.7,5.96939e-09
488.8,5.96952e-09
488.9,5.96964e-09
489,5.96977e-09
489.1,5.96941e-09
489.2,5.96904e-09
489.3,5.96868e-09
489.4,5.96832e-09
489.5,5.96796e-09
489.6,5.96759e-09
489.7,5.96723e-09
489.8,5.96687e-09
489.9,5.9665e-09
490,5.96614e-09
490.1,5.96589e-09
490.2,5.96565e-09
490.3,5.9654e-09
490.4,5.96515e-09
490.5,5.9649e-09
490.6,5.96466e-09
490.7,5.96441e-09
490.8,5.96416e-09
490.9,5.96391e-09
491,5.96366e-09
491.1,5.9634e-09
491.2,5.96313e-09
491.3,5.96286e-09
491.4,5.9626e-09
491.5,5.96233e-09
491.6,5.96206e-09
491.7,5.96179e-09
491.8,5.96153e-09
491.9,5.96126e-09
492,5.96099e-09
492.1,5.96057e-09
492.2,5.96015e-09
492.3,5.95972e-09
492.4,5.9593e-09
492.5,5.95888e-09
492.6,5.95846e-09
492.7,5.95803e-09
492.8,5.95761e-09
492.9,5.95719e-09
493,5.95676e-09
493.1,5.95631e-09
493.2,5.95585e-09
493.3,5.9554e-09
493.4,5.95494e-09
493.5,5.95449e-09
493.6,5.95403e-09
493.7,5.95357e-09
493.8,5.95312e-09
493.9,5.95266e-09
494,5.95221e-09
494.1,5.9511e-09
494.2,5.94998e-09
494.3,5.94887e-09
494.4,5.94776e-09
494.5,5.94665e-09
494.6,5.94553e-09
494.7,5.94442e-09
494.8,5.94331e-09
494.9,5.94219e-09
495,5.94108e-09
495.1,5.94e-09
495.2,5.93892e-09
495.3,5.93784e-09
495.4,5.93676e-09
495.5,5.93568e-09
495.6,5.9346e-09
495.7,5.93351e-09
495.8,5.93243e-09
495.9,5.93135e-09
496,5.93027e-09
496.1,5.92919e-09
496.2,5.9281e-09
496.3,5.92702e-09
496.4,5.92594e-09
496.5,5.92486e-09
496.6,5.92377e-09
496.7,5.92269e-09
496.8,5.92161e-09
496.9,5.92053e-09
497,5.91944e-09
497.1,5.91842e-09
497.2,5.9174e-09
497.3,5.91637e-09
497.4,5.91535e-09
497.5,5.91433e-09
497.6,6.2204e-09
497.7,7.23741e-09
497.8,8.25408e-09
497.9,9.27038e-09
498,1.02863e-08
498.1,1.1302e-08
498.2,1.23173e-08
498.3,1.33323e-08
498.4,1.4347e-08
498.5,1.53613e-08
498.6,1.63753e-08
498.7,1.73889e-08
498.8,1.84022e-08
498.9,1.94152e-08
499,2.04278e-08
499.1,2.14405e-08
499.2,2.15824e-08
499.3,2.05638e-08
499.4,1.95455e-08
499.5,1.85275e-08
499.6,1.75098e-08
499.7,1.64924e-08
499.8,1.54753e-08
499.9,1.44585e-08
500,1.3442e-08
500.1,1.24267e-08
500.2,1.14115e-08
500.3,1.03966e-08
500.4,9.38174e-09
500.5,8.36706e-09
500.6,7.35253e-09
500.7,6.33815e-09
500.8,7.24099e-09
500.9,9.67725e-09
501,1.21131e-08
501.1,1.45487e-08
501.2,1.69838e-08
501.3,1.94186e-08
501.4,2.18531e-08
501.5,2.42872e-08
501.6,2.67209e-08
501.7,2.91542e-08
501.8,3.15872e-08
501.9,3.40198e-08
502,3.64521e-08
502.1,3.88834e-08
502.2,4.13144e-08
502.3,4.37449e-08
502.4,4.638e-08
502.5,4.91101e-08
502.6,5.18396e-08
502.7,5.45687e-08
502.8,5.72973e-08
502.9,6.00254e-08
503,6.2753e-08
503.1,6.54793e-08
503.2,6.82051e-08
503.3,7.09302e-08
503.4,7.36549e-08
503.5,7.63789e-08
503.6,7.91025e-08
503.7,8.18254e-08
503.8,8.45478e-08
503.9,8.72697e-08
504,1.18462e-07
504.1,1.56362e-07
504.2,1.94261e-07
504.3,2.32161e-07
504.4,2.7006e-07
504.5,3.07959e-07
504.6,3.45857e-07
504.7,3.83756e-07
504.8,4.21654e-07
504.9,4.59552e-07
505,4.9745e-07
505.1,5.35333e-07
505.2,5.73214e-07
505.3,6.11093e-07
505.4,6.4897e-07
505.5,6.86844e-07
505.6,6.48911e-07
505.7,6.05842e-07
505.8,5.62775e-07
505.9,5.1971e-07
506,4.76648e-07
506.1,4.33589e-07
506.2,3.90532e-07
506.3,3.47477e-07
506.4,3.04426e-07
506.5,2.61376e-07
506.6,2.1833e-07
506.7,1.75286e-07
506.8,1.32244e-07
506.9,8.9205e-08
507,4.61685e-08
507.1,7.30912e-09
507.2,3.00231e-08
507.3,5.27357e-08
507.4,7.5447e-08
507.5,9.81569e-08
507.6,1.20865e-07
507.7,1.43573e-07
507.8,1.66278e-07
507.9,1.88983e-07
508,2.11686e-07
508.1,2.34388e-07
508.2,2.57089e-07
508.3,2.79788e-07
508.4,3.02486e-07
508.5,3.25182e-07
508.6,3.47877e-07
508.7,3.61922e-07
508.8,3.39208e-07
508.9,3.16495e-07
509,2.93784e-07
509.1,2.71075e-07
509.2,2.48366e-07
509.3,2.25659e-07
509.4,2.02954e-07
509.5,1.80249e-07
509.6,1.57546e-07
509.7,1.34844e-07
509.8,1.12143e-07
509.9,8.94431e-08
510,6.67448e-08
510.1,4.40456e-08
510.2,2.13498e-08
510.3,5.86073e-09
510.4,5.8603e-09
510.5,5.85987e-09
510.6,5.85944e-09
510.7,5.85901e-09
510.8,5.85858e-09
510.9,5.85816e-09
511,5.85773e-09
511.1,5.85737e-09
511.2,5.857e-09
511.3,5.85664e-09
511.4,5.85628e-09
511.5,5.85592e-09
511.6,5.85556e-09
511.7,5.8552e-09
511.8,5.85484e-09
511.9,5.85448e-09
512,5.85412e-09
512.1,5.85376e-09
512.2,5.8534e-09
512.3,5.85304e-09
512.4,5.85268e-09
512.5,5.85232e-09
512.6,5.85196e-09
512.7,5.8516e-09
512.8,5.85123e-09
512.9,5.85087e-09
513,5.85051e-09
513.1,5.85011e-09
513.2,5.84971e-09
513.3,5.84931e-09
513.4,5.8489e-09
513.5,5.8485e-09
513.6,5.8481e-09
513.7,5.84769e-09
513.8,5.84729e-09
513.9,5.84689e-09
514,5.84649e-09
514.1,5.84501e-09
514.2,5.84353e-09
514.3,5.84205e-09
514.4,5.84058e-09
514.5,5.8391e-09
514.6,5.83762e-09
514.7,5.83615e-09
514.8,5.83467e-09
514.9,5.83319e-09
515,5.83171e-09
515.1,5.83144e-09
515.2,5.83116e-09
515.3,5.83089e-09
515.4,5.83061e-09
515.5,5.83033e-09
515.6,5.83005e-09
515.7,5.82978e-09
515.8,5.8295e-09
515.9,5.82922e-09
516,5.82894e-09
516.1,5.82873e-09
516.2,5.82851e-09
516.3,5.8283e-09
516.4,5.82808e-09
516.5,5.82787e-09
516.6,5.82765e-09
516.7,5.82744e-09
516.8,5.82722e-09
516.9,5.82701e-09
517,5.82679e-09
517.1,5.82659e-09
517.2,5.82639e-09
517.3,5.82619e-09
517.4,5.82599e-09
517.5,5.82579e-09
517.6,5.82559e-09
517.7,5.82539e-09
517.8,5.82518e-09
517.9,5.82498e-09
518,5.82478e-09
518.1,5.82457e-09
518.2,5.82436e-09
518.3,5.82415e-09
518.4,5.82393e-09
518.5,5.82372e-09
518.6,5.82351e-09
518.7,5.8233e-09
518.8,5.82308e-09
518.9,5.82287e-09
519,5.82265e-09
519.1,5.82241e-09
519.2,5.82216e-09
519.3,5.82191e-09
519.4,5.82166e-09
519.5,5.82141e-09
519.6,5.82116e-09
519.7,5.82091e-09
519.8,5.82066e-09
519.9,5.82041e-09
520,5.82016e-09
520.1,5.81872e-09
520.2,5.81727e-09
520.3,5.81583e-09
520.4,5.81439e-09
520.5,5.81295e-09
520.6,5.81151e-09
520.7,5.81006e-09
520.8,5.80862e-09
520.9,5.80718e-09
521,5.80574e-09
521.1,5.80433e-09
521.2,5.80292e-09
521.3,5.80151e-09
521.4,5.8001e-09
521.5,5.79869e-09
521.6,5.79728e-09
521.7,5.79586e-09
521.8,5.79445e-09
521.9,5.79304e-09
522,5.79163e-09
522.1,5.79028e-09
522.2,5.78892e-09
522.3,5.78756e-09
522.4,5.7862e-09
522.5,5.78484e-09
522.6,5.78349e-09
522.7,5.78213e-09
522.8,5.78077e-09
522.9,5.77941e-09
523,5.77805e-09
523.1,5.77669e-09
523.2,5.77533e-09
523.3,5.77398e-09
523.4,5.77262e-09
523.5,5.77126e-09
523.6,5.7699e-09
523.7,5.76854e-09
523.8,5.76718e-09
523.9,5.76582e-09
524,5.76446e-09
524.1,5.76325e-09
524.2,5.76204e-09
524.3,5.76082e-09
524.4,5.75961e-09
524.5,5.7584e-09
524.6,5.75718e-09
524.7,5.75597e-09
524.8,5.75476e-09
524.9,5.75354e-09
525,5.75233e-09
525.1,5.75134e-09
525.2,5.75034e-09
525.3,5.74935e-09
525.4,5.74835e-09
525.5,5.74735e-09
525.6,5.74636e-09
525.7,5.74536e-09
525.8,5.74437e-09
525.9,5.74337e-09
526,5.74237e-09
526.1,5.74138e-09
526.2,5.74038e-09
526.3,5.73938e-09
526.4,5.73839e-09
526.5,5.73739e-09
526.6,5.73639e-09
526.7,5.73539e-09
526.8,5.7344e-09
526.9,5.7334e-09
527,5.7324e-09
527.1,5.73124e-09
527.2,5.73008e-09
527.3,5.72892e-09
527.4,5.72776e-09
527.5,5.72659e-09
527.6,5.72543e-09
527.7,5.72427e-09
527.8,5.72311e-09
527.9,5.72195e-09
528,5.72079e-09
528.1,5.71962e-09
528.2,5.71845e-09
528.3,5.71729e-09
528.4,5.71612e-09
528.5,5.71495e-09
528.6,5.71378e-09
528.7,5.71262e-09
528.8,5.71145e-09
528.9,5.71028e-09
529,5.70912e-09
529.1,5.708e-09
529.2,5.70688e-09
529.3,5.70577e-09
529.4,5.70465e-09
529.5,5.70353e-09
529.6,5.70241e-09
529.7,5.7013e-09
529.8,5.70018e-09
529.9,5.69906e-09
530,5.69795e-09
530.1,5.69723e-09
530.2,5.6965e-09
530.3,5.69578e-09
530.4,5.69506e-09
530.5,5.69434e-09
530.6,5.69362e-09
530.7,5.6929e-09
530.8,5.69218e-09
530.9,5.69146e-09
531,5.69074e-09
531.1,5.69001e-09
531.2,5.68929e-09
531.3,5.68857e-09
531.4,5.68785e-09
531.5,5.68712e-09
531.6,5.6864e-09
531.7,5.68568e-09
531.8,5.68495e-09
531.9,5.68423e-09
532,5.6835e-09
532.1,5.68288e-09
532.2,5.68224e-09
532.3,5.68161e-09
532.4,5.68098e-09
532.5,5.68035e-09
532.6,5.67972e-09
532.7,5.67909e-09
532.8,5.67846e-09
532.9,5.67783e-09
533,5.6772e-09
533.1,5.67664e-09
533.2,5.67607e-09
533.3,5.67551e-09
533.4,5.67495e-09
533.5,5.67439e-09
533.6,5.67383e-09
533.7,5.67327e-09
533.8,5.67271e-09
533.9,5.67214e-09
534,5.67158e-09
534.1,5.67081e-09
534.2,5.67005e-09
534.3,5.66928e-09
534.4,5.66851e-09
534.5,5.66774e-09
534.6,5.66697e-09
534.7,5.66621e-09
534.8,5.66544e-09
534.9,5.66467e-09
535,5.6639e-09
535.1,5.6634e-09
535.2,5.66291e-09
535.3,5.66241e-09
535.4,5.66191e-09
535.5,5.66141e-09
535.6,5.66091e-09
535.7,5.66042e-09
535.8,5.65992e-09
535.9,5.65942e-09
536,5.65892e-09
536.1,5.65842e-09
536.2,5.65792e-09
536.3,5.65742e-09
536.4,5.65692e-09
536.5,5.65641e-09
536.6,5.65591e-09
536.7,5.65541e-09
536.8,5.65491e-09
536.9,5.6544e-09
537,5.6539e-09
537.1,5.6534e-09
537.2,5.65289e-09
537.3,5.65239e-09
537.4,5.65188e-09
537.5,5.65138e-09
537.6,5.65087e-09
537.7,5.65037e-09
537.8,5.64986e-09
537.9,5.64935e-09
538,5.64884e-09
538.1,5.64834e-09
538.2,5.64783e-09
538.3,5.64732e-09
538.4,5.64681e-09
538.5,5.6463e-09
538.6,5.64579e-09
538.7,5.64528e-09
538.8,5.64477e-09
538.9,5.64426e-09
539,5.64375e-09
539.1,5.64306e-09
539.2,5.64237e-09
539.3,5.64168e-09
539.4,5.64099e-09
539.5,5.6403e-09
539.6,5.63961e-09
539.7,5.63892e-09
539.8,5.63823e-09
539.9,5.63754e-09
540,5.63684e-09
540.1,5.63355e-09
540.2,5.63026e-09
540.3,5.62697e-09
540.4,5.62368e-09
540.5,5.6204e-09
540.6,5.61711e-09
540.7,5.61383e-09
540.8,5.61054e-09
540.9,5.60726e-09
541,5.60398e-09
541.1,5.60061e-09
541.2,5.59725e-09
541.3,5.59388e-09
541.4,5.59052e-09
541.5,5.58715e-09
541.6,5.58379e-09
541.7,5.58043e-09
541.8,5.57707e-09
541.9,5.57372e-09
542,5.57036e-09
542.1,5.567e-09
542.2,5.56365e-09
542.3,5.5603e-09
542.4,5.55695e-09
542.5,5.5536e-09
542.6,5.55025e-09
542.7,5.5469e-09
542.8,5.54356e-09
542.9,5.54021e-09
543,5.53687e-09
543.1,5.53384e-09
543.2,5.5308e-09
543.3,5.52777e-09
543.4,5.52474e-09
543.5,5.52171e-09
543.6,5.51868e-09
543.7,5.51565e-09
543.8,5.51262e-09
543.9,5.5096e-09
544,5.50657e-09
544.1,5.50365e-09
544.2,5.50074e-09
544.3,5.49782e-09
544.4,5.49491e-09
544.5,5.49199e-09
544.6,5.48908e-09
544.7,5.48617e-09
544.8,5.48326e-09
544.9,5.48035e-09
545,5.47744e-09
545.1,5.47639e-09
545.2,5.47533e-09
545.3,5.47428e-09
545.4,5.47323e-09
545.5,5.47217e-09
545.6,5.47112e-09
545.7,5.47007e-09
545.8,5.46901e-09
545.9,5.46796e-09
546,5.4669e-09
546.1,5.46562e-09
546.2,5.46434e-09
546.3,5.46306e-09
546.4,5.46177e-09
546.5,5.46049e-09
546.6,5.45921e-09
546.7,5.45792e-09
546.8,5.45664e-09
546.9,5.45535e-09
547,5.45407e-09
547.1,5.45279e-09
547.2,5.4515e-09
547.3,5.45022e-09
547.4,5.44893e-09
547.5,5.44765e-09
547.6,5.44636e-09
547.7,5.44507e-09
547.8,5.44379e-09
547.9,5.4425e-09
548,5.44122e-09
548.1,5.43993e-09
548.2,5.43864e-09
548.3,5.43736e-09
548.4,5.43607e-09
548.5,5.43478e-09
548.6,5.4335e-09
548.7,5.43221e-09
548.8,5.43092e-09
548.9,5.42963e-09
549,5.42834e-09
549.1,5.42726e-09
549.2,5.42617e-09
549.3,5.42508e-09
549.4,5.42399e-09
549.5,5.4229e-09
549.6,5.4218e-09
549.7,5.42071e-09
549.8,5.41962e-09
549.9,5.41853e-09
550,5.41744e-09
550.1,5.41714e-09
550.2,5.41684e-09
550.3,5.41654e-09
550.4,5.41624e-09
550.5,5.41593e-09
550.6,5.41563e-09
550.7,5.41533e-09
550.8,5.41503e-09
550.9,5.41472e-09
551,5.41442e-09
551.1,5.41396e-09
551.2,5.4135e-09
551.3,5.41304e-09
551.4,5.41258e-09
551.5,5.41212e-09
551.6,5.41166e-09
551.7,5.4112e-09
551.8,5.41074e-09
551.9,5.41028e-09
552,5.40982e-09
552.1,5.40927e-09
552.2,5.40873e-09
552.3,5.40818e-09
552.4,5.40763e-09
552.5,5.40709e-09
552.6,5.40654e-09
552.7,5.40599e-09
552.8,5.40545e-09
552.9,5.4049e-09
553,5.40435e-09
553.1,5.4038e-09
553.2,5.40325e-09
553.3,5.4027e-09
553.4,5.40215e-09
553.5,5.40161e-09
553.6,5.40106e-09
553.7,5.4005e-09
553.8,5.39995e-09
553.9,5.3994e-09
554,5.39885e-09
554.1,5.39828e-09
554.2,5.3977e-09
554.3,5.39712e-09
554.4,5.39655e-09
554.5,5.39597e-09
554.6,5.39539e-09
554.7,5.39481e-09
554.8,5.39424e-09
554.9,5.39366e-09
555,5.39308e-09
555.1,5.39102e-09
555.2,5.38897e-09
555.3,5.38692e-09
555.4,5.38486e-09
555.5,5.38281e-09
555.6,5.38076e-09
555.7,5.3787e-09
555.8,5.37665e-09
555.9,5.3746e-09
556,5.37255e-09
556.1,5.37047e-09
556.2,5.3684e-09
556.3,5.36633e-09
556.4,5.36426e-09
556.5,5.36219e-09
556.6,5.36012e-09
556.7,5.35804e-09
556.8,5.35597e-09
556.9,5.3539e-09
557,5.35183e-09
557.1,5.3497e-09
557.2,5.34757e-09
557.3,5.34544e-09
557.4,5.34331e-09
557.5,5.34118e-09
557.6,5.33905e-09
557.7,5.33692e-09
557.8,5.33479e-09
557.9,5.33266e-09
558,5.33053e-09
558.1,5.3284e-09
558.2,5.32627e-09
558.3,5.32414e-09
558.4,5.32201e-09
558.5,5.31988e-09
558.6,5.31775e-09
558.7,5.31562e-09
558.8,5.3135e-09
558.9,5.31137e-09
559,5.30924e-09
559.1,5.3075e-09
559.2,5.30577e-09
559.3,5.30403e-09
559.4,5.3023e-09
559.5,5.30056e-09
559.6,5.29883e-09
559.7,5.2971e-09
559.8,5.29536e-09
559.9,5.29363e-09
560,5.29189e-09
560.1,5.29027e-09
560.2,5.28864e-09
560.3,5.28702e-09
560.4,5.28539e-09
560.5,5.28377e-09
560.6,5.28214e-09
560.7,5.28052e-09
560.8,5.27889e-09
560.9,5.27727e-09
561,5.27564e-09
561.1,5.27402e-09
561.2,5.27239e-09
561.3,5.27077e-09
561.4,5.26915e-09
561.5,5.26752e-09
561.6,5.2659e-09
561.7,5.26427e-09
561.8,5.26265e-09
561.9,5.26103e-09
562,5.25941e-09
562.1,5.25778e-09
562.2,5.25616e-09
562.3,5.25454e-09
562.4,5.25292e-09
562.5,5.25129e-09
562.6,5.24967e-09
562.7,5.24805e-09
562.8,5.24643e-09
562.9,5.24481e-09
563,5.24319e-09
563.1,5.24156e-09
563.2,5.23994e-09
563.3,5.23832e-09
563.4,5.2367e-09
563.5,5.23508e-09
563.6,5.23346e-09
563.7,5.23184e-09
563.8,5.23022e-09
563.9,5.2286e-09
564,5.22698e-09
564.1,5.22492e-09
564.2,5.22287e-09
564.3,5.22081e-09
564.4,5.21875e-09
564.5,5.21669e-09
564.6,5.21464e-09
564.7,5.21258e-09
564.8,5.21052e-09
564.9,5.20847e-09
565,5.20641e-09
565.1,5.20587e-09
565.2,5.20532e-09
565.3,5.20478e-09
565.4,5.20423e-09
565.5,5.20369e-09
565.6,5.20314e-09
565.7,5.20259e-09
565.8,5.20204e-09
565.9,5.20149e-09
566,5.20094e-09
566.1,5.20039e-09
566.2,5.19984e-09
566.3,5.19929e-09
566.4,5.19874e-09
566.5,5.19818e-09
566.6,5.19763e-09
566.7,5.19707e-09
566.8,5.19652e-09
566.9,5.19596e-09
567,5.1954e-09
567.1,5.19485e-09
567.2,5.19429e-09
567.3,5.19373e-09
567.4,5.19317e-09
567.5,5.19261e-09
567.6,5.19205e-09
567.7,5.19148e-09
567.8,5.19092e-09
567.9,5.19036e-09
568,5.18979e-09
568.1,5.18923e-09
568.2,5.18866e-09
568.3,5.1881e-09
568.4,5.18753e-09
568.5,5.18696e-09
568.6,5.18639e-09
568.7,5.18582e-09
568.8,5.18525e-09
568.9,5.18468e-09
569,5.18411e-09
569.1,5.18381e-09
569.2,5.1835e-09
569.3,5.1832e-09
569.4,5.18289e-09
569.5,5.18259e-09
569.6,5.18228e-09
569.7,5.18197e-09
569.8,5.18167e-09
569.9,5.18136e-09
570,5.18105e-09
570.1,5.17993e-09
570.2,5.17881e-09
570.3,5.17769e-09
570.4,5.17657e-09
570.5,5.17544e-09
570.6,5.17432e-09
570.7,5.1732e-09
570.8,5.17208e-09
570.9,5.17095e-09
571,5.16983e-09
571.1,5.16871e-09
571.2,5.16758e-09
571.3,5.16646e-09
571.4,5.16534e-09
571.5,5.16421e-09
571.6,5.16309e-09
571.7,5.16196e-09
571.8,5.16084e-09
571.9,5.15971e-09
572,5.15859e-09
572.1,5.15746e-09
572.2,5.15634e-09
572.3,5.15521e-09
572.4,5.15409e-09
572.5,5.15296e-09
572.6,5.15184e-09
572.7,5.15071e-09
572.8,5.14959e-09
572.9,5.14846e-09
573,5.14734e-09
573.1,5.14628e-09
573.2,5.14523e-09
573.3,5.14418e-09
573.4,5.14312e-09
573.5,5.14207e-09
573.6,5.14102e-09
573.7,5.13996e-09
573.8,5.13891e-09
573.9,5.13785e-09
574,5.1368e-09
574.1,5.13549e-09
574.2,5.13418e-09
574.3,5.13287e-09
574.4,5.13156e-09
574.5,5.13026e-09
574.6,5.12895e-09
574.7,5.12764e-09
574.8,5.12632e-09
574.9,5.12501e-09
575,5.1237e-09
575.1,5.12088e-09
575.2,5.11805e-09
575.3,5.11523e-09
575.4,5.1124e-09
575.5,5.10958e-09
575.6,5.10675e-09
575.7,5.10393e-09
575.8,5.10111e-09
575.9,5.09829e-09
576,5.09547e-09
576.1,5.0926e-09
576.2,5.08973e-09
576.3,5.08686e-09
576.4,5.08399e-09
576.5,5.08113e-09
576.6,5.07826e-09
576.7,5.07539e-09
576.8,5.07253e-09
576.9,5.06967e-09
577,5.0668e-09
577.1,5.06394e-09
577.2,5.06108e-09
577.3,5.05822e-09
577.4,5.05536e-09
577.5,5.0525e-09
577.6,5.04964e-09
577.7,5.04678e-09
577.8,5.04392e-09
577.9,5.04107e-09
578,5.03821e-09
578.1,5.03535e-09
578.2,5.0325e-09
578.3,5.02965e-09
578.4,5.02679e-09
578.5,5.02394e-09
578.6,5.02109e-09
578.7,5.01824e-09
578.8,5.01539e-09
578.9,5.01254e-09
579,5.00969e-09
579.1,5.00702e-09
579.2,5.00436e-09
579.3,5.00169e-09
579.4,4.99903e-09
579.5,4.99637e-09
579.6,4.9937e-09
579.7,4.99104e-09
579.8,4.98838e-09
579.9,4.98572e-09
580,4.98306e-09
580.1,4.98126e-09
580.2,4.97945e-09
580.3,4.97765e-09
580.4,4.97585e-09
580.5,4.97404e-09
580.6,4.97224e-09
580.7,4.97044e-09
580.8,4.96864e-09
580.9,4.96684e-09
581,4.96504e-09
581.1,4.96323e-09
581.2,4.96143e-09
581.3,4.95963e-09
581.4,4.95783e-09
581.5,4.95603e-09
581.6,4.95423e-09
581.7,4.95243e-09
581.8,4.95063e-09
581.9,4.94883e-09
582,4.94703e-09
582.1,4.94523e-09
582.2,4.94343e-09
582.3,4.94164e-09
582.4,4.93984e-09
582.5,4.93804e-09
582.6,4.93624e-09
582.7,4.93444e-09
582.8,4.93264e-09
582.9,4.93085e-09
583,4.92905e-09
583.1,4.92725e-09
583.2,4.92546e-09
583.3,4.92366e-09
583.4,4.92186e-09
583.5,4.92007e-09
583.6,4.91827e-09
583.7,4.91647e-09
583.8,4.91468e-09
583.9,4.91288e-09
584,4.91109e-09
584.1,4.90903e-09
584.2,4.90697e-09
584.3,4.90491e-09
584.4,4.90286e-09
584.5,4.9008e-09
584.6,4.89874e-09
584.7,4.89669e-09
584.8,4.89463e-09
584.9,4.89257e-09
585,4.89052e-09
585.1,4.88852e-09
585.2,4.88653e-09
585.3,4.88454e-09
585.4,4.88254e-09
585.5,4.88055e-09
585.6,4.87855e-09
585.7,4.87656e-09
585.8,4.87456e-09
585.9,4.87257e-09
586,4.87057e-09
586.1,4.86861e-09
586.2,4.86666e-09
586.3,4.8647e-09
586.4,4.86274e-09
586.5,4.86078e-09
586.6,4.85882e-09
586.7,4.85686e-09
586.8,4.8549e-09
586.9,4.85294e-09
587,4.85098e-09
587.1,4.84906e-09
587.2,4.84713e-09
587.3,4.84521e-09
587.4,4.84328e-09
587.5,4.84136e-09
587.6,4.83943e-09
587.7,4.8375e-09
587.8,4.83558e-09
587.9,4.83365e-09
588,4.83172e-09
588.1,4.8298e-09
588.2,4.82787e-09
588.3,4.82594e-09
588.4,4.82402e-09
588.5,4.82209e-09
588.6,4.82016e-09
588.7,4.81823e-09
588.8,4.8163e-09
588.9,4.81437e-09
589,4.81245e-09
589.1,4.81079e-09
589.2,4.80913e-09
589.3,4.80748e-09
589.4,4.80582e-09
589.5,4.80416e-09
589.6,4.80251e-09
589.7,4.80085e-09
589.8,4.79919e-09
589.9,4.79754e-09
590,4.79588e-09
590.1,4.79506e-09
590.2,4.79424e-09
590.3,4.79342e-09
590.4,4.7926e-09
590.5,4.79178e-09
590.6,4.79096e-09
590.7,4.79014e-09
590.8,4.78932e-09
590.9,4.7885e-09
591,4.78768e-09
591.1,4.78686e-09
591.2,4.78605e-09
591.3,4.78524e-09
591.4,4.78442e-09
591.5,4.7836e-09
591.6,4.78279e-09
591.7,4.78197e-09
591.8,4.78116e-09
591.9,4.78034e-09
592,4.77952e-09
592.1,4.77877e-09
592.2,4.77802e-09
592.3,4.77726e-09
592.4,4.77651e-09
592.5,4.77575e-09
592.6,4.775e-09
592.7,4.77424e-09
592.8,4.77348e-09
592.9,4.77273e-09
593,4.77197e-09
593.1,4.77121e-09
593.2,4.77046e-09
593.3,4.7697e-09
593.4,4.76894e-09
593.5,4.76818e-09
593.6,4.76742e-09
593.7,4.76666e-09
593.8,4.7659e-09
593.9,4.76514e-09
594,4.76439e-09
594.1,4.76301e-09
594.2,4.76164e-09
594.3,4.76026e-09
594.4,4.75888e-09
594.5,4.75751e-09
594.6,4.75613e-09
594.7,4.75475e-09
594.8,4.75338e-09
594.9,4.752e-09
595,4.75062e-09
595.1,4.74852e-09
595.2,4.74642e-09
595.3,4.74431e-09
595.4,4.74221e-09
595.5,4.7401e-09
595.6,4.738e-09
595.7,4.73589e-09
595.8,4.73379e-09
595.9,4.73168e-09
596,4.72958e-09
596.1,4.72747e-09
596.2,4.72537e-09
596.3,4.72326e-09
596.4,4.72115e-09
596.5,4.71905e-09
596.6,4.71694e-09
596.7,4.71483e-09
596.8,4.71273e-09
596.9,4.71062e-09
597,4.70851e-09
597.1,4.70679e-09
597.2,4.70507e-09
597.3,4.70335e-09
597.4,4.70163e-09
597.5,4.69991e-09
597.6,4.69819e-09
597.7,4.69647e-09
597.8,4.69475e-09
597.9,4.69303e-09
598,4.6913e-09
598.1,4.68975e-09
598.2,4.68819e-09
598.3,4.68663e-09
598.4,4.68507e-09
598.5,4.6835e-09
598.6,4.68194e-09
598.7,4.68038e-09
598.8,4.67881e-09
598.9,4.67725e-09
599,4.67568e-09
599.1,4.67441e-09
599.2,4.67313e-09
599.3,4.67186e-09
599.4,4.67058e-09
599.5,4.6693e-09
599.6,4.66802e-09
599.7,4.66674e-09
599.8,4.66546e-09
599.9,4.66418e-09
600,4.6629e-09
600.1,4.66134e-09
600.2,4.65977e-09
600.3,4.6582e-09
600.4,4.65663e-09
600.5,4.65506e-09
600.6,4.6535e-09
600.7,4.65193e-09
600.8,4.65036e-09
600.9,4.64879e-09
601,4.64722e-09
601.1,4.64565e-09
601.2,4.64408e-09
601.3,4.64251e-09
601.4,4.64094e-09
601.5,4.63937e-09
601.6,4.6378e-09
601.7,4.63623e-09
601.8,4.63466e-09
601.9,4.63309e-09
602,4.63152e-09
602.1,4.62978e-09
602.2,4.62805e-09
602.3,4.62631e-09
602.4,4.62458e-09
602.5,4.62285e-09
602.6,4.62111e-09
602.7,4.61938e-09
602.8,4.61764e-09
602.9,4.61591e-09
603,4.61417e-09
603.1,4.61206e-09
603.2,4.60994e-09
603.3,4.60782e-09
603.4,4.60571e-09
603.5,4.60359e-09
603.6,4.60148e-09
603.7,4.59936e-09
603.8,4.59724e-09
603.9,4.59513e-09
604,4.59301e-09
604.1,4.59058e-09
604.2,4.58814e-09
604.3,4.5857e-09
604.4,4.58326e-09
604.5,4.58083e-09
604.6,4.57839e-09
604.7,4.57596e-09
604.8,4.57352e-09
604.9,4.57108e-09
605,4.56865e-09
605.1,4.56513e-09
605.2,4.56162e-09
605.3,4.55811e-09
605.4,4.5546e-09
605.5,4.55109e-09
605.6,4.54758e-09
605.7,4.54407e-09
605.8,4.54056e-09
605.9,4.53705e-09
606,4.53355e-09
606.1,4.53018e-09
606.2,4.52681e-09
606.3,4.52344e-09
606.4,4.52008e-09
606.5,4.51671e-09
606.6,4.51334e-09
606.7,4.50998e-09
606.8,4.50661e-09
606.9,4.50325e-09
607,4.49989e-09
607.1,4.49653e-09
607.2,4.49317e-09
607.3,4.4898e-09
607.4,4.48644e-09
607.5,4.48309e-09
607.6,4.47973e-09
607.7,4.47637e-09
607.8,4.47301e-09
607.9,4.46966e-09
608,4.4663e-09
608.1,4.46295e-09
608.2,4.45959e-09
608.3,4.45624e-09
608.4,4.45289e-09
608.5,4.44953e-09
608.6,4.44618e-09
608.7,4.44283e-09
608.8,4.43948e-09
608.9,4.43613e-09
609,4.43278e-09
609.1,4.42957e-09
609.2,4.42635e-09
609.3,4.42314e-09
609.4,4.41993e-09
609.5,4.41671e-09
609.6,4.4135e-09
609.7,4.41029e-09
609.8,4.40708e-09
609.9,4.40387e-09
610,4.40066e-09
610.1,4.3994e-09
610.2,4.39814e-09
610.3,4.39688e-09
610.4,4.39562e-09
610.5,4.39436e-09
610.6,4.3931e-09
610.7,4.39184e-09
610.8,4.39058e-09
610.9,4.38931e-09
611,4.38805e-09
611.1,4.38674e-09
611.2,4.38542e-09
611.3,4.38411e-09
611.4,4.38279e-09
611.5,4.38148e-09
611.6,4.38016e-09
611.7,4.37884e-09
611.8,4.37753e-09
611.9,4.37621e-09
612,4.37489e-09
612.1,4.37358e-09
612.2,4.37226e-09
612.3,4.37094e-09
612.4,4.36963e-09
612.5,4.36831e-09
612.6,4.36699e-09
612.7,4.36567e-09
612.8,4.36435e-09
612.9,4.36304e-09
613,4.36172e-09
613.1,4.36043e-09
613.2,4.35914e-09
613.3,4.35785e-09
613.4,4.35657e-09
613.5,4.35528e-09
613.6,4.35399e-09
613.7,4.3527e-09
613.8,4.35141e-09
613.9,4.35012e-09
614,4.34883e-09
614.1,4.34754e-09
614.2,4.34625e-09
614.3,4.34496e-09
614.4,4.34367e-09
614.5,4.34238e-09
614.6,4.34109e-09
614.7,4.3398e-09
614.8,4.33851e-09
614.9,4.33722e-09
615,4.33592e-09
615.1,4.33417e-09
615.2,4.33241e-09
615.3,4.33065e-09
615.4,4.32889e-09
615.5,4.32714e-09
615.6,4.32538e-09
615.7,4.32362e-09
615.8,4.32186e-09
615.9,4.3201e-09
616,4.31834e-09
616.1,4.31659e-09
616.2,4.31483e-09
616.3,4.31307e-09
616.4,4.31131e-09
616.5,4.30955e-09
616.6,4.30779e-09
616.7,4.30604e-09
616.8,4.30428e-09
616.9,4.30252e-09
617,4.30076e-09
617.1,4.299e-09
617.2,4.29724e-09
617.3,4.29548e-09
617.4,4.29372e-09
617.5,4.29197e-09
617.6,4.29021e-09
617.7,4.28845e-09
617.8,4.28669e-09
617.9,4.28493e-09
618,4.28317e-09
618.1,4.28141e-09
618.2,4.27964e-09
618.3,4.27788e-09
618.4,4.27611e-09
618.5,4.27435e-09
618.6,4.27258e-09
618.7,4.27082e-09
618.8,4.26906e-09
618.9,4.26729e-09
619,4.26553e-09
619.1,4.26389e-09
619.2,4.26225e-09
619.3,4.26062e-09
619.4,4.25898e-09
619.5,4.25735e-09
619.6,4.25571e-09
619.7,4.25407e-09
619.8,4.25244e-09
619.9,4.2508e-09
620,4.24917e-09
620.1,4.24797e-09
620.2,4.24677e-09
620.3,4.24557e-09
620.4,4.24438e-09
620.5,4.24318e-09
620.6,4.24199e-09
620.7,4.24079e-09
620.8,4.23959e-09
620.9,4.2384e-09
621,4.2372e-09
621.1,4.23603e-09
621.2,4.23486e-09
621.3,4.23368e-09
621.4,4.23251e-09
621.5,4.23134e-09
621.6,4.23017e-09
621.7,4.229e-09
621.8,4.22783e-09
621.9,4.22666e-09
622,4.22548e-09
622.1,4.22435e-09
622.2,4.22322e-09
622.3,4.22209e-09
622.4,4.22096e-09
622.5,4.21982e-09
622.6,4.21869e-09
622.7,4.21756e-09
622.8,4.21643e-09
622.9,4.2153e-09
623,4.21416e-09
623.1,4.21303e-09
623.2,4.2119e-09
623.3,4.21077e-09
623.4,4.20964e-09
623.5,4.20851e-09
623.6,4.20738e-09
623.7,4.20625e-09
623.8,4.20512e-09
623.9,4.20398e-09
624,4.20285e-09
624.1,4.20151e-09
624.2,4.20017e-09
624.3,4.19882e-09
624.4,4.19748e-09
624.5,4.19613e-09
624.6,4.19479e-09
624.7,4.19345e-09
624.8,4.19211e-09
624.9,4.19076e-09
625,4.18942e-09
625.1,4.18786e-09
625.2,4.18631e-09
625.3,4.18475e-09
625.4,4.18319e-09
625.5,4.18164e-09
625.6,4.18008e-09
625.7,4.17852e-09
625.8,4.17697e-09
625.9,4.17541e-09
626,4.17386e-09
626.1,4.1723e-09
626.2,4.17074e-09
626.3,4.16919e-09
626.4,4.16763e-09
626.5,4.16607e-09
626.6,4.16452e-09
626.7,4.16296e-09
626.8,4.1614e-09
626.9,4.15985e-09
627,4.15829e-09
627.1,4.15679e-09
627.2,4.1553e-09
627.3,4.1538e-09
627.4,4.1523e-09
627.5,4.1508e-09
627.6,4.14931e-09
627.7,4.14781e-09
627.8,4.14631e-09
627.9,4.14482e-09
628,4.14332e-09
628.1,4.14182e-09
628.2,4.14033e-09
628.3,4.13883e-09
628.4,4.13733e-09
628.5,4.13584e-09
628.6,4.13434e-09
628.7,4.13285e-09
628.8,4.13135e-09
628.9,4.12985e-09
629,4.12836e-09
629.1,4.12692e-09
629.2,4.12549e-09
629.3,4.12405e-09
629.4,4.12262e-09
629.5,4.12118e-09
629.6,4.11975e-09
629.7,4.11831e-09
629.8,4.11687e-09
629.9,4.11544e-09
630,4.114e-09
630.1,4.11281e-09
630.2,4.11162e-09
630.3,4.11043e-09
630.4,4.10924e-09
630.5,4.10804e-09
630.6,4.10685e-09
630.7,4.10566e-09
630.8,4.10447e-09
630.9,4.10327e-09
631,4.10208e-09
631.1,4.10089e-09
631.2,4.09969e-09
631.3,4.0985e-09
631.4,4.09731e-09
631.5,4.09611e-09
631.6,4.09492e-09
631.7,4.09373e-09
631.8,4.09253e-09
631.9,4.09134e-09
632,4.09014e-09
632.1,4.08895e-09
632.2,4.08775e-09
632.3,4.08656e-09
632.4,4.08536e-09
632.5,4.08417e-09
632.6,4.08297e-09
632.7,4.08178e-09
632.8,4.08058e-09
632.9,4.07939e-09
633,4.07819e-09
633.1,4.077e-09
633.2,4.0758e-09
633.3,4.07461e-09
633.4,4.07341e-09
633.5,4.07221e-09
633.6,4.07102e-09
633.7,4.06982e-09
633.8,4.06862e-09
633.9,4.06743e-09
634,4.06623e-09
634.1,4.06483e-09
634.2,4.06344e-09
634.3,4.06204e-09
634.4,4.06064e-09
634.5,4.05925e-09
634.6,4.05785e-09
634.7,4.05645e-09
634.8,4.05506e-09
634.9,4.05366e-09
635,4.05226e-09
635.1,4.04915e-09
635.2,4.04604e-09
635.3,4.04293e-09
635.4,4.03981e-09
635.5,4.0367e-09
635.6,4.03359e-09
635.7,4.03048e-09
635.8,4.02736e-09
635.9,4.02425e-09
636,4.02114e-09
636.1,4.01801e-09
636.2,4.01489e-09
636.3,4.01177e-09
636.4,4.00865e-09
636.5,4.00553e-09
636.6,4.00241e-09
636.7,3.99928e-09
636.8,3.99616e-09
636.9,3.99304e-09
637,3.98992e-09
637.1,3.98679e-09
637.2,3.98367e-09
637.3,3.98055e-09
637.4,3.97742e-09
637.5,3.9743e-09
637.6,3.97118e-09
637.7,3.96805e-09
637.8,3.96493e-09
637.9,3.9618e-09
638,3.95868e-09
638.1,3.95556e-09
638.2,3.95243e-09
638.3,3.94931e-09
638.4,3.94618e-09
638.5,3.94306e-09
638.6,3.93993e-09
638.7,3.93681e-09
638.8,3.93368e-09
638.9,3.93056e-09
639,3.92743e-09
639.1,3.9243e-09
639.2,3.92118e-09
639.3,3.91805e-09
639.4,3.91493e-09
639.5,3.9118e-09
639.6,3.90867e-09
639.7,3.90555e-09
639.8,3.90242e-09
639.9,3.89929e-09
640,3.89617e-09
640.1,3.89441e-09
640.2,3.89266e-09
640.3,3.89091e-09
640.4,3.88916e-09
640.5,7.20965e-09
640.6,1.17544e-08
640.7,1.6295e-08
640.8,2.08315e-08
640.9,2.53639e-08
641,2.98923e-08
641.1,3.44176e-08
641.2,3.89391e-08
641.3,4.34567e-08
641.4,4.79706e-08
641.5,5.24806e-08
641.6,5.69869e-08
641.7,6.14893e-08
641.8,6.59879e-08
641.9,7.04827e-08
642,7.49736e-08
642.1,3.76915e-07
642.2,7.28156e-07
642.3,1.0791e-06
642.4,1.42975e-06
642.5,1.7801e-06
642.6,2.13015e-06
642.7,2.47991e-06
642.8,2.82937e-06
642.9,3.17854e-06
643,3.5274e-06
643.1,3.87602e-06
643.2,4.22434e-06
643.3,4.57238e-06
643.4,4.92013e-06
643.5,5.26759e-06
643.6,5.61476e-06
643.7,0.00015169
643.8,0.000299994
643.9,0.000448175
644,0.000596233
644.1,0.000744172
644.2,0.000891988
644.3,0.00103968
644.4,0.00118726
644.5,0.00133471
644.6,0.00148204
644.7,0.00162925
644.8,0.00177633
644.9,0.0019233
645,0.00207014
645.1,0.00221629
645.2,0.00495889
645.3,0.028457
645.4,0.0519236
645.5,0.0753586
645.6,0.0987621
645.7,0.122134
645.8,0.145474
645.9,0.168783
646,0.192061
646.1,0.215291
646.2,0.238485
646.3,0.261645
646.4,0.28477
646.5,0.30786
646.6,0.330915
646.7,0.353936
646.8,0.371419
646.9,0.371281
647,0.371144
647.1,0.371006
647.2,0.370868
647.3,0.37073
647.4,0.370592
647.5,0.370454
647.6,0.370316
647.7,0.370178
647.8,0.370039
647.9,0.369901
648,0.369762
648.1,0.369645
648.2,0.369527
648.3,0.369409
648.4,0.369223
648.5,0.368916
648.6,0.36861
648.7,0.368304
648.8,0.367998
648.9,0.367693
649,0.367387
649.1,0.367121
649.2,0.366854
649.3,0.366588
649.4,0.366322
649.5,0.366056
649.6,0.36579
649.7,0.365524
649.8,0.365258
649.9,0.364992
650,0.364693
650.1,0.364517
650.2,0.36434
650.3,0.364164
650.4,0.363988
650.5,0.363811
650.6,0.363635
650.7,0.363458
650.8,0.363282
650.9,0.363106
651,0.362929
651.1,0.362735
651.2,0.362542
651.3,0.362348
651.4,0.362154
651.5,0.361961
651.6,0.361872
651.7,0.361849
651.8,0.361826
651.9,0.361802
652,0.361779
652.1,0.361746
652.2,0.361713
652.3,0.36168
652.4,0.361646
652.5,0.361613
652.6,0.36158
652.7,0.361547
652.8,0.361514
652.9,0.36148
653,0.361447
653.1,0.361414
653.2,0.361403
653.3,0.3614
653.4,0.361397
653.5,0.361394
653.6,0.361391
653.7,0.361387
653.8,0.361384
653.9,0.361381
654,0.361377
654.1,0.361347
654.2,0.361317
654.3,0.361287
654.4,0.361256
654.5,0.361226
654.6,0.361196
654.7,0.361165
654.8,0.361067
654.9,0.36096
655,0.360852
655.1,0.360547
655.2,0.360241
655.3,0.359936
655.4,0.359631
655.5,0.359326
655.6,0.359021
655.7,0.358717
655.8,0.358412
655.9,0.358107
656,0.357803
656.1,0.35751
656.2,0.357218
656.3,0.356925
656.4,0.356616
656.5,0.356307
656.6,0.355997
656.7,0.355688
656.8,0.35538
656.9,0.355071
657,0.354762
657.1,0.35449
657.2,0.354217
657.3,0.353944
657.4,0.353672
657.5,0.3534
657.6,0.353127
657.7,0.352855
657.8,0.352583
657.9,0.352315
658,0.352075
658.1,0.351835
658.2,0.351595
658.3,0.351355
658.4,0.351116
658.5,0.350876
658.6,0.350636
658.7,0.350396
658.8,0.350156
658.9,0.349917
659,0.349677
659.1,0.349421
659.2,0.349166
659.3,0.348911
659.4,0.348656
659.5,0.348379
659.6,0.348039
659.7,0.347699
659.8,0.347359
659.9,0.347019
660,0.34668
660.1,0.346502
660.2,0.346325
660.3,0.346147
660.4,0.34597
660.5,0.345792
660.6,0.345615
660.7,0.345437
660.8,0.34526
660.9,0.345083
661,0.344906
661.1,0.344766
661.2,0.344687
661.3,0.344608
661.4,0.344529
661.5,0.34445
661.6,0.344371
661.7,0.344291
661.8,0.344212
661.9,0.344133
662,0.344054
662.1,0.343987
662.2,0.343921
662.3,0.343854
662.4,0.343788
662.5,0.343721
662.6,0.343654
662.7,0.343575
662.8,0.343482
662.9,0.343389
663,0.343297
663.1,0.343206
663.2,0.343116
663.3,0.343026
663.4,0.342936
663.5,0.342845
663.6,0.342755
663.7,0.342665
663.8,0.342574
663.9,0.342484
664,0.342393
664.1,0.342302
664.2,0.342211
664.3,0.338551
664.4,0.332843
664.5,0.327137
664.6,0.321435
664.7,0.315736
664.8,0.310041
664.9,0.304348
665,0.29866
665.1,0.292878
665.2,0.287103
665.3,0.281335
665.4,0.275574
665.5,0.269821
665.6,0.264074
665.7,0.258334
665.8,0.252601
665.9,0.239138
666,0.223275
666.1,0.207425
666.2,0.191596
666.3,0.175788
666.4,0.16
666.5,0.144233
666.6,0.128488
666.7,0.112762
666.8,0.0970582
666.9,0.0813747
667,0.065712
667.1,0.0500688
667.2,0.0344472
667.3,0.0188472
667.4,0.0032688
667.5,0.00145418
667.6,0.00135865
667.7,0.00126326
667.8,0.001168
667.9,0.00107287
668,0.000977872
668.1,0.000882975
668.2,0.000788215
668.3,0.000693593
668.4,0.000599109
668.5,0.000504763
668.6,0.000410555
668.7,0.000316484
668.8,0.00022255
668.9,0.000128755
669,3.65479e-05
669.1,3.43641e-05
669.2,3.21835e-05
669.3,3.00061e-05
669.4,2.78318e-05
669.5,2.56607e-05
669.6,2.34928e-05
669.7,2.13281e-05
669.8,1.91665e-05
669.9,1.70081e-05
670,1.48529e-05
670.1,1.27014e-05
670.2,1.0553e-05
670.3,8.40745e-06
670.4,6.26493e-06
670.5,4.12538e-06
670.6,2.2753e-06
670.7,2.14545e-06
670.8,2.01579e-06
670.9,1.8863e-06
671,1.757e-06
671.1,1.62803e-06
671.2,1.49921e-06
671.3,1.37055e-06
671.4,1.24205e-06
671.5,1.1137e-06
671.6,9.85499e-07
671.7,8.57456e-07
671.8,7.29567e-07
671.9,6.01833e-07
672,4.74252e-07
672.1,3.46824e-07
672.2,2.50229e-07
672.3,2.36712e-07
672.4,2.23212e-07
672.5,2.09728e-07
672.6,1.9626e-07
672.7,1.82809e-07
672.8,1.69374e-07
672.9,1.55956e-07
673,1.42553e-07
673.1,1.29143e-07
673.2,1.15754e-07
673.3,1.02387e-07
673.4,8.90409e-08
673.5,7.57162e-08
673.6,6.24129e-08
673.7,4.91309e-08
673.8,4.03128e-08
673.9,3.82561e-08
674,3.62026e-08
674.1,3.41525e-08
674.2,3.21056e-08
674.3,3.00619e-08
674.4,2.80216e-08
674.5,2.59845e-08
674.6,2.39507e-08
674.7,2.19201e-08
674.8,1.98928e-08
674.9,1.78688e-08
675,1.5848e-08
675.1,1.38349e-08
675.2,1.18238e-08
675.3,9.81468e-09
675.4,8.66987e-09
675.5,8.3098e-09
675.6,7.95007e-09
675.7,7.59068e-09
675.8,7.23164e-09
675.9,6.87295e-09
676,6.5146e-09
676.1,6.15703e-09
676.2,5.79976e-09
676.3,5.44278e-09
676.4,5.0861e-09
676.5,4.72972e-09
676.6,4.37363e-09
676.7,4.01784e-09
676.8,3.66235e-09
676.9,3.30716e-09
677,3.18232e-09
677.1,3.18098e-09
677.2,3.17964e-09
677.3,3.1783e-09
677.4,3.17695e-09
677.5,3.17561e-09
677.6,3.17427e-09
677.7,3.17292e-09
677.8,3.17158e-09
677.9,3.17024e-09
678,3.16889e-09
678.1,3.16761e-09
678.2,3.16632e-09
678.3,3.16503e-09
678.4,3.16375e-09
678.5,3.16246e-09
678.6,3.16117e-09
678.7,3.15989e-09
678.8,3.1586e-09
678.9,3.15731e-09
679,3.15602e-09
679.1,3.15477e-09
679.2,3.15352e-09
679.3,3.15226e-09
679.4,3.15101e-09
679.5,3.14976e-09
679.6,3.1485e-09
679.7,3.14725e-09
679.8,3.14599e-09
679.9,3.14474e-09
680,3.14348e-09
680.1,3.1416e-09
680.2,3.13973e-09
680.3,3.13785e-09
680.4,3.13597e-09
680.5,3.13409e-09
680.6,3.13222e-09
680.7,3.13034e-09
680.8,3.12846e-09
680.9,3.12659e-09
681,3.12471e-09
681.1,3.12274e-09
681.2,3.12077e-09
681.3,3.1188e-09
681.4,3.11683e-09
681.5,3.11486e-09
681.6,3.11289e-09
681.7,3.11092e-09
681.8,3.10895e-09
681.9,3.10698e-09
682,3.10502e-09
682.1,3.10304e-09
682.2,3.10107e-09
682.3,3.09909e-09
682.4,3.09712e-09
682.5,3.09514e-09
682.6,3.09317e-09
682.7,3.0912e-09
682.8,3.08922e-09
682.9,3.08725e-09
683,3.08528e-09
683.1,3.08335e-09
683.2,3.08142e-09
683.3,3.07949e-09
683.4,3.07756e-09
683.5,3.07563e-09
683.6,3.0737e-09
683.7,3.07177e-09
683.8,3.06984e-09
683.9,3.06791e-09
684,3.06598e-09
684.1,3.0642e-09
684.2,3.06241e-09
684.3,3.06063e-09
684.4,3.05885e-09
684.5,3.05706e-09
684.6,3.05528e-09
684.7,3.0535e-09
684.8,3.05171e-09
684.9,3.04993e-09
685,3.04815e-09
685.1,3.04674e-09
685.2,3.04533e-09
685.3,3.04393e-09
685.4,3.04252e-09
685.5,3.04111e-09
685.6,3.0397e-09
685.7,3.03828e-09
685.8,3.03687e-09
685.9,3.03546e-09
686,3.03404e-09
686.1,3.03233e-09
686.2,3.03061e-09
686.3,3.0289e-09
686.4,3.02718e-09
686.5,3.02546e-09
686.6,3.02374e-09
686.7,3.02202e-09
686.8,3.0203e-09
686.9,3.01858e-09
687,3.01686e-09
687.1,3.01494e-09
687.2,3.01301e-09
687.3,3.01109e-09
687.4,3.00917e-09
687.5,3.00725e-09
687.6,3.00532e-09
687.7,3.0034e-09
687.8,3.00148e-09
687.9,2.99955e-09
688,2.99763e-09
688.1,2.9957e-09
688.2,2.99378e-09
688.3,2.99185e-09
688.4,2.98992e-09
688.5,2.98799e-09
688.6,2.98607e-09
688.7,2.98414e-09
688.8,2.98221e-09
688.9,2.98028e-09
689,2.97835e-09
689.1,2.97682e-09
689.2,2.97529e-09
689.3,2.97376e-09
689.4,2.97222e-09
689.5,2.97069e-09
689.6,2.96916e-09
689.7,2.96762e-09
689.8,2.96608e-09
689.9,2.96455e-09
690,2.96301e-09
690.1,2.96186e-09
690.2,2.96072e-09
690.3,2.95958e-09
690.4,2.95843e-09
690.5,2.95729e-09
690.6,2.95615e-09
690.7,2.955e-09
690.8,2.95386e-09
690.9,2.95272e-09
691,2.95157e-09
691.1,2.95053e-09
691.2,2.94948e-09
691.3,2.94843e-09
691.4,2.94738e-09
691.5,2.94633e-09
691.6,2.94529e-09
691.7,2.94424e-09
691.8,2.94319e-09
691.9,2.94214e-09
692,2.94109e-09
692.1,2.93977e-09
692.2,2.93845e-09
692.3,2.93712e-09
692.4,2.9358e-09
692.5,2.93447e-09
692.6,2.93315e-09
692.7,2.93183e-09
692.8,2.93051e-09
692.9,2.92918e-09
693,2.92786e-09
693.1,2.92654e-09
693.2,2.92522e-09
693.3,2.9239e-09
693.4,2.92257e-09
693.5,2.92125e-09
693.6,2.91993e-09
693.7,2.91861e-09
693.8,2.91729e-09
693.9,2.91597e-09
694,2.91465e-09
694.1,2.91337e-09
694.2,2.91208e-09
694.3,2.9108e-09
694.4,2.90952e-09
694.5,2.90823e-09
694.6,2.90695e-09
694.7,2.90567e-09
694.8,2.90438e-09
694.9,2.9031e-09
695,2.90182e-09
695.1,2.89996e-09
695.2,2.89811e-09
695.3,2.89625e-09
695.4,2.8944e-09
695.5,2.89255e-09
695.6,2.8907e-09
695.7,2.88884e-09
695.8,2.88699e-09
695.9,2.88514e-09
696,2.88329e-09
696.1,2.88125e-09
696.2,2.8792e-09
696.3,2.87716e-09
696.4,2.87512e-09
696.5,2.87308e-09
696.6,2.87104e-09
696.7,2.869e-09
696.8,2.86696e-09
696.9,2.86492e-09
697,2.86289e-09
697.1,2.86079e-09
697.2,2.85869e-09
697.3,2.85659e-09
697.4,2.8545e-09
697.5,2.8524e-09
697.6,2.85031e-09
697.7,2.84821e-09
697.8,2.84612e-09
697.9,2.84403e-09
698,2.84193e-09
698.1,2.83982e-09
698.2,2.8377e-09
698.3,2.83558e-09
698.4,2.83347e-09
698.5,2.83135e-09
698.6,2.82924e-09
698.7,2.82713e-09
698.8,2.82501e-09
698.9,2.8229e-09
699,2.82079e-09
699.1,2.81868e-09
699.2,2.81657e-09
699.3,2.81446e-09
699.4,2.81235e-09
699.5,2.81024e-09
699.6,2.80813e-09
699.7,2.80602e-09
699.8,2.80392e-09
699.9,2.80181e-09
700,2.79971e-09
700.1,2.79803e-09
700.2,2.79636e-09
700.3,2.79469e-09
700.4,2.79301e-09
700.5,2.79134e-09
700.6,2.78967e-09
700.7,2.788e-09
700.8,2.78632e-09
700.9,2.78465e-09
701,2.78298e-09
701.1,2.78153e-09
701.2,2.78008e-09
701.3,2.77863e-09
701.4,2.77718e-09
701.5,2.77573e-09
701.6,2.77428e-09
701.7,2.77283e-09
701.8,2.77139e-09
701.9,2.76994e-09
702,2.76849e-09
702.1,2.76708e-09
702.2,2.76567e-09
702.3,2.76426e-09
702.4,2.76285e-09
702.5,2.76144e-09
702.6,2.76003e-09
702.7,2.75862e-09
702.8,2.75721e-09
702.9,2.7558e-09
703,2.75439e-09
703.1,2.75307e-09
703.2,2.75175e-09
703.3,2.75043e-09
703.4,2.74911e-09
703.5,2.74779e-09
703.6,2.74647e-09
703.7,2.74515e-09
703.8,2.74383e-09
703.9,2.74251e-09
704,2.74119e-09
704.1,2.73987e-09
704.2,2.73855e-09
704.3,2.73723e-09
704.4,2.73591e-09
704.5,2.73459e-09
704.6,2.73327e-09
704.7,2.73195e-09
704.8,2.73063e-09
704.9,2.72931e-09
705,2.72799e-09
705.1,2.72566e-09
705.2,2.72333e-09
705.3,2.721e-09
705.4,2.71867e-09
705.5,2.71635e-09
705.6,2.71402e-09
705.7,2.71169e-09
705.8,2.70937e-09
705.9,2.70704e-09
706,2.70472e-09
706.1,2.70174e-09
706.2,2.69876e-09
706.3,2.69578e-09
706.4,2.6928e-09
706.5,2.68983e-09
706.6,2.68685e-09
706.7,2.68388e-09
706.8,2.68091e-09
706.9,2.67793e-09
707,2.67496e-09
707.1,2.67199e-09
707.2,2.66902e-09
707.3,2.66605e-09
707.4,2.66309e-09
707.5,2.66012e-09
707.6,2.65715e-09
707.7,2.65419e-09
707.8,2.65122e-09
707.9,2.64826e-09
708,2.6453e-09
708.1,2.64219e-09
708.2,2.63909e-09
708.3,2.63599e-09
708.4,2.63289e-09
708.5,2.62979e-09
708.6,2.62669e-09
708.7,2.62359e-09
708.8,2.6205e-09
708.9,2.6174e-09
709,2.61431e-09
709.1,2.6112e-09
709.2,2.60809e-09
709.3,2.60499e-09
709.4,2.60188e-09
709.5,2.59878e-09
709.6,2.59567e-09
709.7,2.59257e-09
709.8,2.58947e-09
709.9,2.58637e-09
710,2.58328e-09
710.1,2.58149e-09
710.2,2.57971e-09
710.3,2.57793e-09
710.4,2.57614e-09
710.5,2.57436e-09
710.6,2.57257e-09
710.7,2.57079e-09
710.8,2.569e-09
710.9,2.56722e-09
711,2.56543e-09
711.1,2.56429e-09
711.2,2.56315e-09
711.3,2.562e-09
711.4,2.56086e-09
711.5,2.55972e-09
711.6,2.55857e-09
711.7,2.55743e-09
711.8,2.55628e-09
711.9,2.55513e-09
712,2.55399e-09
712.1,2.55284e-09
712.2,2.55169e-09
712.3,2.55054e-09
712.4,2.54939e-09
712.5,2.54824e-09
712.6,2.54709e-09
712.7,2.54594e-09
712.8,2.54478e-09
712.9,2.54363e-09
713,2.54248e-09
713.1,2.54119e-09
713.2,2.53991e-09
713.3,2.53862e-09
713.4,2.53733e-09
713.5,2.53604e-09
713.6,2.53476e-09
713.7,2.53347e-09
713.8,2.53218e-09
713.9,2.53089e-09
714,2.5296e-09
714.1,2.52817e-09
714.2,2.52674e-09
714.3,2.52531e-09
714.4,2.52388e-09
714.5,2.52245e-09
714.6,2.52102e-09
714.7,2.51959e-09
714.8,2.51816e-09
714.9,2.51673e-09
715,2.5153e-09
715.1,2.51287e-09
715.2,2.51044e-09
715.3,2.50802e-09
715.4,2.50559e-09
715.5,2.50317e-09
715.6,2.50075e-09
715.7,2.49832e-09
715.8,2.4959e-09
715.9,2.49348e-09
716,2.49106e-09
716.1,2.48849e-09
716.2,2.48592e-09
716.3,2.48335e-09
716.4,2.48078e-09
716.5,2.47821e-09
716.6,2.47564e-09
716.7,2.47307e-09
716.8,2.47051e-09
716.9,2.46794e-09
717,2.46537e-09
717.1,2.46284e-09
717.2,2.46031e-09
717.3,2.45777e-09
717.4,2.45524e-09
717.5,2.45271e-09
717.6,2.45018e-09
717.7,2.44764e-09
717.8,2.44511e-09
717.9,2.44258e-09
718,2.44005e-09
718.1,2.43753e-09
718.2,2.43501e-09
718.3,2.43249e-09
718.4,2.42997e-09
718.5,2.42746e-09
718.6,2.42494e-09
718.7,2.42242e-09
718.8,2.41991e-09
718.9,2.41739e-09
719,2.41487e-09
719.1,2.41249e-09
719.2,2.41011e-09
719.3,2.40773e-09
719.4,2.40535e-09
719.5,2.40296e-09
719.6,2.40058e-09
719.7,2.3982e-09
719.8,2.39582e-09
719.9,2.39344e-09
720,2.39106e-09
720.1,2.38978e-09
720.2,2.3885e-09
720.3,2.38723e-09
720.4,2.38595e-09
720.5,2.38468e-09
720.6,2.3834e-09
720.7,2.38212e-09
720.8,2.38084e-09
720.9,2.37957e-09
721,2.37829e-09
721.1,2.37733e-09
721.2,2.37638e-09
721.3,2.37542e-09
721.4,2.37446e-09
721.5,2.37351e-09
721.6,2.37255e-09
721.7,2.3716e-09
721.8,2.37064e-09
721.9,2.36968e-09
722,2.36873e-09
722.1,2.36757e-09
722.2,2.36641e-09
722.3,2.36525e-09
722.4,2.3641e-09
722.5,2.36294e-09
722.6,2.36178e-09
722.7,2.36062e-09
722.8,2.35947e-09
722.9,2.35831e-09
723,2.35715e-09
723.1,2.356e-09
723.2,2.35484e-09
723.3,2.35368e-09
723.4,2.35253e-09
723.5,2.35137e-09
723.6,2.35021e-09
723.7,2.34906e-09
723.8,2.3479e-09
723.9,2.34675e-09
724,2.34559e-09
724.1,2.34446e-09
724.2,2.34333e-09
724.3,2.3422e-09
724.4,2.34106e-09
724.5,2.33993e-09
724.6,2.3388e-09
724.7,2.33767e-09
724.8,2.33654e-09
724.9,2.33541e-09
725,2.33428e-09
725.1,2.33263e-09
725.2,2.33098e-09
725.3,2.32933e-09
725.4,2.32769e-09
725.5,2.32604e-09
725.6,2.32439e-09
725.7,2.32275e-09
725.8,2.3211e-09
725.9,2.31946e-09
726,2.31782e-09
726.1,2.31612e-09
726.2,2.31442e-09
726.3,2.31272e-09
726.4,2.31102e-09
726.5,2.30932e-09
726.6,2.30762e-09
726.7,2.30592e-09
726.8,2.30423e-09
726.9,2.30253e-09
727,2.30084e-09
727.1,2.29931e-09
727.2,2.29779e-09
727.3,2.29626e-09
727.4,2.29474e-09
727.5,2.29322e-09
727.6,2.2917e-09
727.7,2.29018e-09
727.8,2.28865e-09
727.9,2.28713e-09
728,2.28561e-09
728.1,2.2841e-09
728.2,2.28258e-09
728.3,2.28107e-09
728.4,2.27955e-09
728.5,2.27804e-09
728.6,2.27653e-09
728.7,2.27502e-09
728.8,2.2735e-09
728.9,2.27199e-09
729,2.27048e-09
729.1,2.2689e-09
729.2,2.26733e-09
729.3,2.26575e-09
729.4,2.26418e-09
729.5,2.2626e-09
729.6,2.26103e-09
729.7,2.25946e-09
729.8,2.25788e-09
729.9,2.25631e-09
730,2.25474e-09
730.1,2.2534e-09
730.2,2.25206e-09
730.3,2.25073e-09
730.4,2.24939e-09
730.5,2.24805e-09
730.6,2.24672e-09
730.7,2.24538e-09
730.8,2.24405e-09
730.9,2.24271e-09
731,2.33758e-09
731.1,2.43539e-09
731.2,2.53308e-09
731.3,2.63064e-09
731.4,2.72808e-09
731.5,2.82539e-09
731.6,2.92257e-09
731.7,3.01963e-09
731.8,3.11656e-09
731.9,3.21337e-09
732,3.31005e-09
732.1,3.40692e-09
732.2,3.5037e-09
732.3,3.60036e-09
732.4,3.69692e-09
732.5,3.84829e-09
732.6,4.52101e-09
732.7,5.19299e-09
732.8,5.86423e-09
732.9,6.53474e-09
733,7.20452e-09
733.1,7.87413e-09
733.2,8.5431e-09
733.3,9.21143e-09
733.4,9.87913e-09
733.5,1.05462e-08
733.6,1.12126e-08
733.7,1.18784e-08
733.8,1.25435e-08
733.9,1.3208e-08
734,1.38719e-08
734.1,1.50777e-08
734.2,1.81806e-08
734.3,2.12805e-08
734.4,2.43775e-08
734.5,2.74715e-08
734.6,3.05625e-08
734.7,3.36506e-08
734.8,3.67356e-08
734.9,3.98177e-08
735,4.28968e-08
735.1,4.59591e-08
735.2,4.90166e-08
735.3,5.20692e-08
735.4,5.51169e-08
735.5,5.81599e-08
735.6,6.1198e-08
735.7,6.91548e-08
735.8,8.62677e-08
735.9,1.03354e-07
736,1.20413e-07
736.1,1.37389e-07
736.2,1.54324e-07
736.3,1.71219e-07
736.4,1.88073e-07
736.5,2.04886e-07
736.6,2.21658e-07
736.7,2.38389e-07
736.8,2.5508e-07
736.9,2.7173e-07
737,2.88339e-07
737.1,3.04908e-07
737.2,3.21438e-07
737.3,3.31996e-07
737.4,3.36011e-07
737.5,3.40017e-07
737.6,3.44011e-07
737.7,3.47995e-07
737.8,3.51968e-07
737.9,3.55931e-07
738,3.59884e-07
738.1,3.63835e-07
738.2,3.67775e-07
738.3,3.71705e-07
738.4,3.75625e-07
738.5,3.79535e-07
738.6,3.83434e-07
738.7,3.87323e-07
738.8,3.91201e-07
738.9,3.86576e-07
739,3.76378e-07
739.1,3.66205e-07
739.2,3.56054e-07
739.3,3.45927e-07
739.4,3.35823e-07
739.5,3.25743e-07
739.6,3.15686e-07
739.7,3.05653e-07
739.8,2.95643e-07
739.9,2.85656e-07
740,2.75693e-07
740.1,2.65819e-07
740.2,2.55964e-07
740.3,2.46127e-07
740.4,2.36309e-07
740.5,2.31211e-07
740.6,2.27859e-07
740.7,2.24512e-07
740.8,2.21172e-07
740.9,2.17838e-07
741,2.1451e-07
741.1,2.11286e-07
741.2,2.08066e-07
741.3,2.04849e-07
741.4,2.01635e-07
741.5,1.98424e-07
741.6,1.95216e-07
741.7,1.92012e-07
741.8,1.88811e-07
741.9,1.85613e-07
742,1.82418e-07
742.1,1.80194e-07
742.2,1.78135e-07
742.3,1.76077e-07
742.4,1.74021e-07
742.5,1.71968e-07
742.6,1.69916e-07
742.7,1.67866e-07
742.8,1.65819e-07
742.9,1.63773e-07
743,1.61729e-07
743.1,1.59691e-07
743.2,1.57655e-07
743.3,1.55621e-07
743.4,1.53589e-07
743.5,1.51559e-07
743.6,1.4953e-07
743.7,1.47815e-07
743.8,1.46105e-07
743.9,1.44398e-07
744,1.42691e-07
744.1,1.40988e-07
744.2,1.39286e-07
744.3,1.37586e-07
744.4,1.35887e-07
744.5,1.3419e-07
744.6,1.32494e-07
744.7,1.308e-07
744.8,1.29108e-07
744.9,1.27417e-07
745,1.25728e-07
745.1,1.24024e-07
745.2,1.22389e-07
745.3,1.21303e-07
745.4,1.20217e-07
745.5,1.19133e-07
745.6,1.18051e-07
745.7,1.16969e-07
745.8,1.15889e-07
745.9,1.1481e-07
746,1.13732e-07
746.1,1.12652e-07
746.2,1.11573e-07
746.3,1.10495e-07
746.4,1.09418e-07
746.5,1.08343e-07
746.6,1.07269e-07
746.7,1.06197e-07
746.8,1.05252e-07
746.9,1.04713e-07
747,1.04174e-07
747.1,1.03636e-07
747.2,1.03099e-07
747.3,1.02562e-07
747.4,1.02026e-07
747.5,1.01491e-07
747.6,1.00956e-07
747.7,1.00422e-07
747.8,9.98887e-08
747.9,9.93559e-08
748,9.88238e-08
748.1,9.82917e-08
748.2,9.77603e-08
748.3,9.72295e-08
748.4,9.68337e-08
748.5,9.66716e-08
748.6,9.65096e-08
748.7,9.63479e-08
748.8,9.61862e-08
748.9,9.60247e-08
749,9.58634e-08
749.1,9.57013e-08
749.2,9.55393e-08
749.3,9.53775e-08
749.4,9.52158e-08
749.5,9.50543e-08
749.6,9.48929e-08
749.7,9.47317e-08
749.8,9.45706e-08
749.9,9.44097e-08
750,9.4417e-08
750.1,9.46163e-08
750.2,9.48153e-08
750.3,9.50141e-08
750.4,9.52127e-08
750.5,9.5411e-08
750.6,9.56091e-08
750.7,9.58069e-08
750.8,9.60045e-08
750.9,9.62019e-08
751,9.6399e-08
751.1,9.65998e-08
751.2,9.68005e-08
751.3,9.70009e-08
751.4,9.72011e-08
751.5,9.7401e-08
751.6,9.78559e-08
751.7,9.84673e-08
751.8,9.9078e-08
751.9,9.96882e-08
752,1.00298e-07
752.1,1.00909e-07
752.2,1.01519e-07
752.3,1.02129e-07
752.4,1.02739e-07
752.5,1.03348e-07
752.6,1.03956e-07
752.7,1.04564e-07
752.8,1.05171e-07
752.9,1.05778e-07
753,1.06384e-07
753.1,1.06989e-07
753.2,1.0795e-07
753.3,1.09031e-07
753.4,1.10111e-07
753.5,1.1119e-07
753.6,1.12268e-07
753.7,1.13346e-07
753.8,1.14422e-07
753.9,1.15497e-07
754,1.16571e-07
754.1,1.17643e-07
754.2,1.18713e-07
754.3,1.19783e-07
754.4,1.20851e-07
754.5,1.21918e-07
754.6,1.22985e-07
754.7,1.2405e-07
754.8,1.25485e-07
754.9,1.26972e-07
755,1.28457e-07
755.1,1.29913e-07
755.2,1.31367e-07
755.3,1.32819e-07
755.4,1.34269e-07
755.5,1.35716e-07
755.6,1.37162e-07
755.7,1.38605e-07
755.8,1.40047e-07
755.9,1.41486e-07
756,1.42924e-07
756.1,1.44297e-07
756.2,1.45667e-07
756.3,1.47034e-07
756.4,1.48441e-07
756.5,1.49844e-07
756.6,1.51244e-07
756.7,1.52641e-07
756.8,1.54034e-07
756.9,1.55424e-07
757,1.5681e-07
757.1,1.58197e-07
757.2,1.5958e-07
757.3,1.6096e-07
757.4,1.62336e-07
757.5,1.63709e-07
757.6,1.65078e-07
757.7,1.66445e-07
757.8,1.67807e-07
757.9,1.69066e-07
758,1.69625e-07
758.1,1.70184e-07
758.2,1.7074e-07
758.3,1.71295e-07
758.4,1.71849e-07
758.5,1.724e-07
758.6,1.7295e-07
758.7,1.73499e-07
758.8,1.74046e-07
758.9,1.74591e-07
759,1.75134e-07
759.1,1.75665e-07
759.2,1.76193e-07
759.3,1.7672e-07
759.4,1.77245e-07
759.5,1.77403e-07
759.6,1.76488e-07
759.7,1.75575e-07
759.8,1.74663e-07
759.9,1.73753e-07
760,1.72845e-07
760.1,1.71941e-07
760.2,1.71038e-07
760.3,1.70137e-07
760.4,1.69238e-07
760.5,1.6834e-07
760.6,1.67444e-07
760.7,1.6655e-07
760.8,1.65657e-07
760.9,1.64766e-07
761,1.63877e-07
761.1,1.62697e-07
761.2,1.60912e-07
761.3,1.5913e-07
761.4,1.5735e-07
761.5,1.55572e-07
761.6,1.53797e-07
761.7,1.52024e-07
761.8,1.50253e-07
761.9,1.48485e-07
762,1.46719e-07
762.1,1.4497e-07
762.2,1.43223e-07
762.3,1.41478e-07
762.4,1.39736e-07
762.5,1.37995e-07
762.6,1.36256e-07
762.7,1.34475e-07
762.8,1.32652e-07
762.9,1.30832e-07
763,1.29014e-07
763.1,1.272e-07
763.2,1.25389e-07
763.3,1.2358e-07
763.4,1.21772e-07
763.5,1.19967e-07
763.6,1.18163e-07
763.7,1.16362e-07
763.8,1.14562e-07
763.9,1.12765e-07
764,1.10969e-07
764.1,1.09175e-07
764.2,1.07382e-07
764.3,1.05817e-07
764.4,1.04382e-07
764.5,1.0295e-07
764.6,1.01519e-07
764.7,1.00089e-07
764.8,9.86616e-08
764.9,9.72355e-08
765,9.5811e-08
765.1,9.43853e-08
765.2,9.29614e-08
765.3,9.15391e-08
765.4,9.01186e-08
765.5,8.86997e-08
765.6,8.72827e-08
765.7,8.58673e-08
765.8,8.44536e-08
765.9,8.33477e-08
766,8.23388e-08
766.1,8.1318e-08
766.2,8.02988e-08
766.3,7.92811e-08
766.4,7.82649e-08
766.5,7.72502e-08
766.6,7.62371e-08
766.7,7.52254e-08
766.8,7.42153e-08
766.9,7.32067e-08
767,7.21996e-08
767.1,7.11969e-08
767.2,7.01956e-08
767.3,6.91957e-08
767.4,6.81973e-08
767.5,6.74877e-08
767.6,6.68151e-08
767.7,6.61434e-08
767.8,6.54726e-08
767.9,6.48028e-08
768,6.4134e-08
768.1,6.34694e-08
768.2,6.28056e-08
768.3,6.21428e-08
768.4,6.14808e-08
768.5,6.08197e-08
768.6,6.01595e-08
768.7,5.95002e-08
768.8,5.88417e-08
768.9,5.81841e-08
769,5.75312e-08
769.1,5.71158e-08
769.2,5.6701e-08
769.3,5.62867e-08
769.4,5.58729e-08
769.5,5.54596e-08
769.6,5.50468e-08
769.7,5.46346e-08
769.8,5.4223e-08
769.9,5.38118e-08
770,5.34012e-08
770.1,5.29836e-08
770.2,5.25667e-08
770.3,5.21504e-08
770.4,5.17347e-08
770.5,5.13198e-08
770.6,5.09312e-08
770.7,5.06976e-08
770.8,5.04643e-08
770.9,5.02313e-08
771,4.99987e-08
771.1,4.97875e-08
771.2,4.95766e-08
771.3,4.93658e-08
771.4,4.91551e-08
771.5,4.89447e-08
771.6,4.87344e-08
771.7,4.85243e-08
771.8,4.83143e-08
771.9,4.81046e-08
772,4.7895e-08
772.1,4.76854e-08
772.2,4.75156e-08
772.3,4.7453e-08
772.4,4.73905e-08
772.5,4.7328e-08
772.6,4.72655e-08
772.7,4.72031e-08
772.8,4.71407e-08
772.9,4.70784e-08
773,4.70161e-08
773.1,4.69483e-08
773.2,4.68804e-08
773.3,4.68127e-08
773.4,4.6745e-08
773.5,4.66773e-08
773.6,4.66097e-08
773.7,4.65422e-08
773.8,4.65301e-08
773.9,4.66023e-08
774,4.66743e-08
774.1,4.67462e-08
774.2,4.68181e-08
774.3,4.68898e-08
774.4,4.69614e-08
774.5,4.70329e-08
774.6,4.71043e-08
774.7,4.71756e-08
774.8,4.72468e-08
774.9,4.73179e-08
775,4.73888e-08
775.1,4.74642e-08
775.2,4.75395e-08
775.3,4.76147e-08
775.4,4.77738e-08
775.5,4.8009e-08
775.6,4.8244e-08
775.7,4.84788e-08
775.8,4.87133e-08
775.9,4.89476e-08
776,4.91816e-08
776.1,4.94168e-08
776.2,4.96519e-08
776.3,4.98866e-08
776.4,5.01212e-08
776.5,5.03555e-08
776.6,5.05896e-08
776.7,5.08234e-08
776.8,5.1057e-08
776.9,5.12904e-08
777,5.16613e-08
777.1,5.21059e-08
777.2,5.255e-08
777.3,5.29937e-08
777.4,5.3437e-08
777.5,5.38799e-08
777.6,5.43223e-08
777.7,5.47643e-08
777.8,5.52058e-08
777.9,5.56469e-08
778,5.60876e-08
778.1,5.65257e-08
778.2,5.69634e-08
778.3,5.74005e-08
778.4,5.78372e-08
778.5,5.82735e-08
778.6,5.89374e-08
778.7,5.96658e-08
778.8,6.03935e-08
778.9,6.11204e-08
779,6.18465e-08
779.1,6.25704e-08
779.2,6.32936e-08
779.3,6.40159e-08
779.4,6.47374e-08
779.5,6.54582e-08
779.6,6.61782e-08
779.7,6.68974e-08
779.8,6.76158e-08
779.9,6.83334e-08
780,6.90502e-08
780.1,6.97721e-08
780.2,7.08297e-08
780.3,7.19217e-08
780.4,7.30127e-08
780.5,7.41026e-08
780.6,7.51916e-08
780.7,7.62796e-08
780.8,7.73666e-08
780.9,7.84526e-08
781,7.95376e-08
781.1,8.06203e-08
781.2,8.17019e-08
781.3,8.27824e-08
781.4,8.3862e-08
781.5,8.49404e-08
781.6,8.60179e-08
781.7,8.71035e-08
781.8,8.84702e-08
781.9,8.98356e-08
782,9.11996e-08
782.1,9.25626e-08
782.2,9.39243e-08
782.3,9.52846e-08
782.4,9.66437e-08
782.5,9.80015e-08
782.6,9.93579e-08
782.7,1.00713e-07
782.8,1.02067e-07
782.9,1.0342e-07
783,1.04771e-07
783.1,1.06118e-07
783.2,1.07464e-07
783.3,1.08763e-07
783.4,1.09817e-07
783.5,1.1087e-07
783.6,1.11922e-07
783.7,1.12973e-07
783.8,1.14022e-07
783.9,1.15071e-07
784,1.16118e-07
784.1,1.17155e-07
784.2,1.1819e-07
784.3,1.19224e-07
784.4,1.20257e-07
784.5,1.21288e-07
784.6,1.22318e-07
784.7,1.23347e-07
784.8,1.24375e-07
784.9,1.25056e-07
785,1.24874e-07
785.1,1.24681e-07
785.2,1.24488e-07
785.3,1.24295e-07
785.4,1.24102e-07
785.5,1.23909e-07
785.6,1.23716e-07
785.7,1.23524e-07
785.8,1.23332e-07
785.9,1.2314e-07
786,1.22948e-07
786.1,1.22739e-07
786.2,1.2253e-07
786.3,1.22321e-07
786.4,1.22112e-07
786.5,1.21433e-07
786.6,1.20085e-07
786.7,1.18738e-07
786.8,1.17394e-07
786.9,1.16052e-07
787,1.14712e-07
787.1,1.13381e-07
787.2,1.12053e-07
787.3,1.10726e-07
787.4,1.09401e-07
787.5,1.08079e-07
787.6,1.06758e-07
787.7,1.05439e-07
787.8,1.04121e-07
787.9,1.02806e-07
788,1.01492e-07
788.1,1.00082e-07
788.2,9.859e-08
788.3,9.71e-08
788.4,9.56121e-08
788.5,9.41263e-08
788.6,9.26427e-08
788.7,9.11613e-08
788.8,8.9682e-08
788.9,8.82048e-08
789,8.67299e-08
789.1,8.52549e-08
789.2,8.37821e-08
789.3,8.23116e-08
789.4,8.08433e-08
789.5,7.93773e-08
789.6,7.79134e-08
789.7,7.66837e-08
789.8,7.55716e-08
789.9,7.44612e-08
790,7.33525e-08
790.1,7.22518e-08
790.2,7.11525e-08
790.3,7.00548e-08
790.4,6.89585e-08
790.5,6.78638e-08
790.6,6.67705e-08
790.7,6.56786e-08
790.8,6.45883e-08
790.9,6.34994e-08
791,6.2412e-08
791.1,6.13319e-08
791.2,6.0253e-08
791.3,5.94802e-08
791.4,5.87876e-08
791.5,5.80958e-08
791.6,5.74049e-08
791.7,5.67147e-08
791.8,5.60253e-08
791.9,5.53368e-08
792,5.4649e-08
792.1,5.39634e-08
792.2,5.32786e-08
792.3,5.25946e-08
792.4,5.19113e-08
792.5,5.12289e-08
792.6,5.05472e-08
792.7,4.98663e-08
792.8,4.91861e-08
792.9,4.87776e-08
793,4.83929e-08
793.1,4.80087e-08
793.2,4.76248e-08
793.3,4.72414e-08
793.4,4.68584e-08
793.5,4.64758e-08
793.6,4.60937e-08
793.7,4.5712e-08
793.8,4.53307e-08
793.9,4.49498e-08
794,4.45694e-08
794.1,4.41896e-08
794.2,4.38103e-08
794.3,4.34314e-08
794.4,4.30637e-08
794.5,4.29107e-08
794.6,4.27579e-08
794.7,4.26052e-08
794.8,4.24526e-08
794.9,4.23002e-08
795,4.2148e-08
795.1,4.19983e-08
795.2,4.18487e-08
795.3,4.16992e-08
795.4,4.15499e-08
795.5,4.14007e-08
795.6,4.12516e-08
795.7,4.11027e-08
795.8,4.09539e-08
795.9,4.08052e-08
796,4.06921e-08
796.1,4.07346e-08
796.2,4.07769e-08
796.3,4.08191e-08
796.4,4.08611e-08
796.5,4.0903e-08
796.6,4.09447e-08
796.7,4.09864e-08
796.8,4.10278e-08
796.9,4.10692e-08
797,4.11103e-08
797.1,4.11483e-08
797.2,4.1186e-08
797.3,4.12237e-08
797.4,4.12611e-08
797.5,4.12984e-08
797.6,4.14066e-08
797.7,4.16787e-08
797.8,4.19502e-08
797.9,4.22211e-08
798,4.24914e-08
798.1,4.27607e-08
798.2,4.30294e-08
798.3,4.32975e-08
798.4,4.3565e-08
798.5,4.3832e-08
798.6,4.40983e-08
798.7,4.4364e-08
798.8,4.46291e-08
798.9,4.48936e-08
799,4.51575e-08
799.1,4.54208e-08
799.2,4.58345e-08
799.3,4.64485e-08
799.4,4.70612e-08
799.5,4.76726e-08
799.6,4.82827e-08
799.7,4.88916e-08
799.8,4.94991e-08
799.9,5.01054e-08
800,5.07104e-08
800.1,5.13094e-08
800.2,5.1907e-08
800.3,5.25032e-08
800.4,5.3098e-08
800.5,5.36914e-08
800.6,5.42834e-08
800.7,5.48741e-08
800.8,5.58226e-08
800.9,5.7056e-08
801,5.82866e-08
801.1,5.95507e-08
801.2,6.08136e-08
801.3,6.20752e-08
801.4,6.33356e-08
801.5,6.45948e-08
801.6,6.58527e-08
801.7,6.71095e-08
801.8,6.8365e-08
801.9,6.96193e-08
802,7.08724e-08
802.1,7.21301e-08
802.2,7.33867e-08
802.3,7.46424e-08
802.4,7.68473e-08
802.5,7.94922e-08
802.6,8.2135e-08
802.7,8.47757e-08
802.8,8.74142e-08
802.9,9.00507e-08
803,9.2685e-08
803.1,9.53203e-08
803.2,9.79537e-08
803.3,1.00585e-07
803.4,1.03215e-07
803.5,1.05842e-07
803.6,1.08468e-07
803.7,1.11092e-07
803.8,1.13713e-07
803.9,1.16333e-07
804,1.2148e-07
804.1,1.27217e-07
804.2,1.32951e-07
804.3,1.3868e-07
804.4,1.44405e-07
804.5,1.50125e-07
804.6,1.55842e-07
804.7,1.61554e-07
804.8,1.67262e-07
804.9,1.72966e-07
805,1.78665e-07
805.1,1.84333e-07
805.2,1.89996e-07
805.3,1.95652e-07
805.4,2.01302e-07
805.5,2.06947e-07
805.6,2.1562e-07
805.7,2.2449e-07
805.8,2.33351e-07
805.9,2.42203e-07
806,2.51045e-07
806.1,2.59891e-07
806.2,2.68729e-07
806.3,2.77559e-07
806.4,2.8638e-07
806.5,2.95194e-07
806.6,3.03998e-07
806.7,3.12795e-07
806.8,3.21583e-07
806.9,3.30363e-07
807,3.39135e-07
807.1,3.47229e-07
807.2,3.4543e-07
807.3,3.43632e-07
807.4,3.41836e-07
807.5,3.40042e-07
807.6,3.38249e-07
807.7,3.36458e-07
807.8,3.34668e-07
807.9,3.3288e-07
808,3.31093e-07
808.1,3.29304e-07
808.2,3.27515e-07
808.3,3.25729e-07
808.4,3.23944e-07
808.5,3.22161e-07
808.6,3.20379e-07
808.7,3.17258e-07
808.8,3.08442e-07
808.9,2.99634e-07
809,2.90835e-07
809.1,2.82043e-07
809.2,2.7326e-07
809.3,2.64485e-07
809.4,2.55719e-07
809.5,2.46961e-07
809.6,2.38211e-07
809.7,2.2947e-07
809.8,2.20737e-07
809.9,2.12013e-07
810,2.03296e-07
810.1,1.94612e-07
810.2,1.85933e-07
810.3,1.7849e-07
810.4,1.73693e-07
810.5,1.689e-07
810.6,1.6411e-07
810.7,1.59323e-07
810.8,1.5454e-07
810.9,1.49761e-07
811,1.44984e-07
811.1,1.40234e-07
811.2,1.35486e-07
811.3,1.3074e-07
811.4,1.25996e-07
811.5,1.21253e-07
811.6,1.16513e-07
811.7,1.11774e-07
811.8,1.07038e-07
811.9,1.03445e-07
812,1.01281e-07
812.1,9.91171e-08
812.2,9.69544e-08
812.3,9.47926e-08
812.4,9.26316e-08
812.5,9.04715e-08
812.6,8.83124e-08
812.7,8.6154e-08
812.8,8.39966e-08
812.9,8.184e-08
813,7.96843e-08
813.1,7.75295e-08
813.2,7.53756e-08
813.3,7.32225e-08
813.4,7.10703e-08
813.5,6.95709e-08
813.6,6.85608e-08
813.7,6.75512e-08
813.8,6.65419e-08
813.9,6.55331e-08
814,6.45247e-08
814.1,6.35167e-08
814.2,6.25091e-08
814.3,6.15019e-08
814.4,6.04951e-08
814.5,5.94887e-08
814.6,5.84828e-08
814.7,5.74772e-08
814.8,5.6472e-08
814.9,5.54673e-08
815,5.44629e-08
815.1,5.38535e-08
815.2,5.34164e-08
815.3,5.29794e-08
815.4,5.25427e-08
815.5,5.21062e-08
815.6,5.16699e-08
815.7,5.12339e-08
815.8,5.07981e-08
815.9,5.03625e-08
816,4.99272e-08
816.1,4.94811e-08
816.2,4.90354e-08
816.3,4.85901e-08
816.4,4.81453e-08
816.5,4.77009e-08
816.6,4.72569e-08
816.7,4.71205e-08
816.8,4.70492e-08
816.9,4.69779e-08
817,4.69067e-08
817.1,4.68327e-08
817.2,4.67589e-08
817.3,4.6685e-08
817.4,4.66113e-08
817.5,4.65376e-08
817.6,4.64639e-08
817.7,4.63903e-08
817.8,4.63168e-08
817.9,4.62433e-08
818,4.61699e-08
818.1,4.60965e-08
818.2,4.60232e-08
818.3,4.62903e-08
818.4,4.65742e-08
818.5,4.68577e-08
818.6,4.71409e-08
818.7,4.74237e-08
818.8,4.77062e-08
818.9,4.79883e-08
819,4.82701e-08
819.1,4.85516e-08
819.2,4.88327e-08
819.3,4.91135e-08
819.4,4.93939e-08
819.5,4.9674e-08
819.6,4.99537e-08
819.7,5.02331e-08
819.8,5.05504e-08
819.9,5.13107e-08
820,5.20701e-08
820.1,5.28335e-08
820.2,5.35962e-08
820.3,5.43582e-08
820.4,5.51194e-08
820.5,5.58799e-08
820.6,5.66396e-08
820.7,5.73986e-08
820.8,5.81568e-08
820.9,5.89143e-08
821,5.96711e-08
821.1,6.03826e-08
821.2,6.10921e-08
821.3,6.17998e-08
821.4,6.26216e-08
821.5,6.38871e-08
821.6,6.51493e-08
821.7,6.64082e-08
821.8,6.76638e-08
821.9,6.89162e-08
822,7.01652e-08
822.1,7.13711e-08
822.2,7.25721e-08
822.3,7.37684e-08
822.4,7.49599e-08
822.5,7.61466e-08
822.6,7.73286e-08
822.7,7.85058e-08
822.8,7.96782e-08
822.9,8.08458e-08
823,8.17508e-08
823.1,8.2137e-08
823.2,8.25213e-08
823.3,8.29037e-08
823.4,8.32841e-08
823.5,8.36625e-08
823.6,8.4039e-08
823.7,8.44135e-08
823.8,8.4786e-08
823.9,8.51566e-08
824,8.55252e-08
824.1,8.58909e-08
824.2,8.62547e-08
824.3,8.66165e-08
824.4,8.69763e-08
824.5,8.73342e-08
824.6,8.65057e-08
824.7,8.42937e-08
824.8,8.20895e-08
824.9,7.9893e-08
825,7.77042e-08
825.1,7.55202e-08
825.2,7.3344e-08
825.3,7.11758e-08
825.4,6.90155e-08
825.5,6.68631e-08
825.6,6.47186e-08
825.7,6.25821e-08
825.8,6.04534e-08
825.9,5.83327e-08
826,5.62198e-08
826.1,5.41198e-08
826.2,5.21346e-08
826.3,5.02318e-08
826.4,4.83358e-08
826.5,4.64467e-08
826.6,4.45644e-08
826.7,4.2689e-08
826.8,4.08204e-08
826.9,3.89587e-08
827,3.71039e-08
827.1,3.52583e-08
827.2,3.34194e-08
827.3,3.15871e-08
827.4,2.97614e-08
827.5,2.79422e-08
827.6,2.61297e-08
827.7,2.43238e-08
827.8,2.32141e-08
827.9,2.23837e-08
828,2.15563e-08
828.1,2.07319e-08
828.2,1.99104e-08
828.3,1.90919e-08
828.4,1.82764e-08
828.5,1.74638e-08
828.6,1.66542e-08
828.7,1.58476e-08
828.8,1.50439e-08
828.9,1.42432e-08
829,1.34454e-08
829.1,1.26507e-08
829.2,1.18589e-08
829.3,1.107e-08
829.4,1.06522e-08
829.5,1.03052e-08
829.6,9.9595e-09
829.7,9.61506e-09
829.8,9.27188e-09
829.9,8.92997e-09
830,8.58933e-09
830.1,8.25039e-09
830.2,7.91269e-09
830.3,7.57622e-09
830.4,7.24098e-09
830.5,6.90698e-09
830.6,6.57421e-09
830.7,6.24267e-09
830.8,5.91237e-09
830.9,5.58331e-09
831,5.41905e-09
831.1,5.27022e-09
831.2,5.12144e-09
831.3,4.97271e-09
831.4,4.82401e-09
831.5,4.67537e-09
831.6,4.52676e-09
831.7,4.37821e-09
831.8,4.22969e-09
831.9,4.08122e-09
832,3.9328e-09
832.1,3.78761e-09
832.2,3.64222e-09
832.3,3.49663e-09
832.4,3.35083e-09
832.5,3.2117e-09
832.6,3.13778e-09
832.7,3.06375e-09
832.8,2.98962e-09
832.9,2.91538e-09
833,2.84104e-09
833.1,2.7666e-09
833.2,2.69204e-09
833.3,2.61739e-09
833.4,2.54263e-09
833.5,2.46776e-09
833.6,2.39279e-09
833.7,2.31771e-09
833.8,2.24253e-09
833.9,2.16725e-09
834,2.09186e-09
834.1,2.02396e-09
834.2,1.9826e-09
834.3,1.94118e-09
834.4,1.8997e-09
834.5,1.85816e-09
834.6,1.81657e-09
834.7,1.77492e-09
834.8,1.73321e-09
834.9,1.69144e-09
835,1.64961e-09
835.1,1.60751e-09
835.2,1.56537e-09
835.3,1.52318e-09
835.4,1.48094e-09
835.5,1.43866e-09
835.6,1.39632e-09
835.7,1.36268e-09
835.8,1.3453e-09
835.9,1.3279e-09
836,1.31048e-09
836.1,1.29372e-09
836.2,1.27692e-09
836.3,1.26008e-09
836.4,1.24321e-09
836.5,1.22629e-09
836.6,1.20933e-09
836.7,1.19234e-09
836.8,1.17531e-09
836.9,1.15823e-09
837,1.14112e-09
837.1,1.12418e-09
837.2,1.1072e-09
837.3,1.09893e-09
837.4,1.1003e-09
837.5,1.10166e-09
837.6,1.10303e-09
837.7,1.1044e-09
837.8,1.10576e-09
837.9,1.10713e-09
838,1.10849e-09
838.1,1.10986e-09
838.2,1.11122e-09
838.3,1.11258e-09
838.4,1.11395e-09
838.5,1.11531e-09
838.6,1.11668e-09
838.7,1.11804e-09
838.8,1.1194e-09
838.9,1.12077e-09
839,1.12213e-09
839.1,1.12349e-09
839.2,1.12486e-09
839.3,1.12622e-09
839.4,1.12758e-09
839.5,1.12894e-09
839.6,1.1303e-09
839.7,1.13166e-09
839.8,1.13303e-09
839.9,1.13439e-09
840,1.13575e-09
840.1,1.13718e-09
840.2,1.13861e-09
840.3,1.14004e-09
840.4,1.14147e-09
840.5,1.14291e-09
840.6,1.14434e-09
840.7,1.14577e-09
840.8,1.1472e-09
840.9,1.14863e-09
841,1.15006e-09
841.1,1.14989e-09
841.2,1.14971e-09
841.3,1.14953e-09
841.4,1.14936e-09
841.5,1.14918e-09
841.6,1.149e-09
841.7,1.14883e-09
841.8,1.14865e-09
841.9,1.14847e-09
842,1.1483e-09
842.1,1.14768e-09
842.2,1.14707e-09
842.3,1.14646e-09
842.4,1.14585e-09
842.5,1.14524e-09
842.6,1.14463e-09
842.7,1.14402e-09
842.8,1.1434e-09
842.9,1.14279e-09
843,1.14218e-09
843.1,1.14149e-09
843.2,1.1408e-09
843.3,1.1401e-09
843.4,1.13941e-09
843.5,1.13872e-09
843.6,1.13803e-09
843.7,1.13734e-09
843.8,1.13665e-09
843.9,1.13596e-09
844,1.13526e-09
844.1,1.13455e-09
844.2,1.13383e-09
844.3,1.13311e-09
844.4,1.1324e-09
844.5,1.13168e-09
844.6,1.13096e-09
844.7,1.13025e-09
844.8,1.12953e-09
844.9,1.12882e-09
845,1.1281e-09
845.1,1.12741e-09
845.2,1.12671e-09
845.3,1.12602e-09
845.4,1.12533e-09
845.5,1.12463e-09
845.6,1.12394e-09
845.7,1.12325e-09
845.8,1.12256e-09
845.9,1.12186e-09
846,1.12117e-09
846.1,1.11984e-09
846.2,1.11851e-09
846.3,1.11718e-09
846.4,1.11585e-09
846.5,1.11451e-09
846.6,1.11318e-09
846.7,1.11185e-09
846.8,1.11052e-09
846.9,1.10918e-09
847,1.10785e-09
847.1,1.10594e-09
847.2,1.10403e-09
847.3,1.10211e-09
847.4,1.1002e-09
847.5,1.09829e-09
847.6,1.09638e-09
847.7,1.09446e-09
847.8,1.09255e-09
847.9,1.09064e-09
848,1.08872e-09
848.1,1.08679e-09
848.2,1.08486e-09
848.3,1.08293e-09
848.4,1.081e-09
848.5,1.07906e-09
848.6,1.07713e-09
848.7,1.0752e-09
848.8,1.07326e-09
848.9,1.07133e-09
849,1.0694e-09
849.1,1.06743e-09
849.2,1.06546e-09
849.3,1.0635e-09
849.4,1.06153e-09
849.5,1.05957e-09
849.6,1.0576e-09
849.7,1.05563e-09
849.8,1.05367e-09
849.9,1.0517e-09
850,1.04973e-09
850.1,1.04806e-09
850.2,1.04639e-09
850.3,1.04472e-09
850.4,1.04304e-09
850.5,1.04137e-09
850.6,1.03969e-09
850.7,1.03801e-09
850.8,1.03633e-09
850.9,1.03465e-09
851,1.03297e-09
851.1,1.03139e-09
851.2,1.0298e-09
851.3,1.02821e-09
851.4,1.02662e-09
851.5,1.02503e-09
851.6,1.02343e-09
851.7,1.02184e-09
851.8,1.02024e-09
851.9,1.01865e-09
852,1.01705e-09
852.1,1.01559e-09
852.2,1.01412e-09
852.3,1.01266e-09
852.4,1.01119e-09
852.5,1.00973e-09
852.6,1.00826e-09
852.7,1.00679e-09
852.8,1.00532e-09
852.9,1.00385e-09
853,1.00237e-09
853.1,1.0009e-09
853.2,9.99422e-10
853.3,9.97945e-10
853.4,9.96468e-10
853.5,9.94988e-10
853.6,9.93508e-10
853.7,9.92027e-10
853.8,9.90544e-10
853.9,9.89061e-10
854,9.87576e-10
854.1,9.8596e-10
854.2,9.84344e-10
854.3,9.82728e-10
854.4,9.8111e-10
854.5,9.79492e-10
854.6,9.77872e-10
854.7,9.76253e-10
854.8,9.74632e-10
854.9,9.7301e-10
855,9.71388e-10
855.1,9.69234e-10
855.2,9.67081e-10
855.3,9.64929e-10
855.4,9.62779e-10
855.5,9.60629e-10
855.6,9.58482e-10
855.7,9.56335e-10
855.8,9.5419e-10
855.9,9.52046e-10
856,9.49903e-10
856.1,9.47864e-10
856.2,9.45826e-10
856.3,9.4379e-10
856.4,9.41754e-10
856.5,9.3972e-10
856.6,9.37687e-10
856.7,9.35655e-10
856.8,9.33624e-10
856.9,9.31594e-10
857,9.29565e-10
857.1,9.27726e-10
857.2,9.25888e-10
857.3,9.24051e-10
857.4,9.22215e-10
857.5,9.20379e-10
857.6,9.18544e-10
857.7,9.16709e-10
857.8,9.14876e-10
857.9,9.13043e-10
858,9.11211e-10
858.1,9.0938e-10
858.2,9.07549e-10
858.3,9.05719e-10
858.4,9.0389e-10
858.5,9.02062e-10
858.6,9.00235e-10
858.7,8.98408e-10
858.8,8.96582e-10
858.9,8.94756e-10
859,8.92932e-10
859.1,8.9116e-10
859.2,8.89389e-10
859.3,8.87618e-10
859.4,8.85848e-10
859.5,8.84078e-10
859.6,8.82309e-10
859.7,8.8054e-10
859.8,8.78772e-10
859.9,8.77005e-10
860,8.75237e-10
860.1,8.73779e-10
860.2,8.72319e-10
860.3,8.70859e-10
860.4,8.69398e-10
860.5,8.67937e-10
860.6,8.66475e-10
860.7,8.65013e-10
860.8,8.6355e-10
860.9,8.62086e-10
861,8.60622e-10
861.1,8.59906e-10
861.2,8.5919e-10
861.3,8.58473e-10
861.4,8.57756e-10
861.5,8.57038e-10
861.6,8.56321e-10
861.7,8.55603e-10
861.8,8.54885e-10
861.9,8.54166e-10
862,8.53447e-10
862.1,8.53471e-10
862.2,8.53496e-10
862.3,8.5352e-10
862.4,8.53545e-10
862.5,8.53569e-10
862.6,8.53593e-10
862.7,8.53618e-10
862.8,8.53642e-10
862.9,8.53666e-10
863,8.53691e-10
863.1,8.5369e-10
863.2,8.53689e-10
863.3,8.53688e-10
863.4,8.53686e-10
863.5,8.53685e-10
863.6,8.53684e-10
863.7,8.53683e-10
863.8,8.53682e-10
863.9,8.53681e-10
864,8.5368e-10
864.1,8.53689e-10
864.2,8.53699e-10
864.3,8.53708e-10
864.4,8.53718e-10
864.5,8.53728e-10
864.6,8.53737e-10
864.7,8.53747e-10
864.8,8.53756e-10
864.9,8.53766e-10
865,8.53775e-10
865.1,8.53836e-10
865.2,8.53896e-10
865.3,8.53957e-10
865.4,8.54018e-10
865.5,8.54078e-10
865.6,8.54139e-10
865.7,8.542e-10
865.8,8.5426e-10
865.9,8.54321e-10
866,8.54381e-10
866.1,8.54748e-10
866.2,8.55114e-10
866.3,8.5548e-10
866.4,8.55846e-10
866.5,8.56213e-10
866.6,8.56579e-10
866.7,8.56945e-10
866.8,8.57312e-10
866.9,8.57678e-10
867,8.58045e-10
867.1,8.58675e-10
867.2,8.59305e-10
867.3,8.59935e-10
867.4,8.60565e-10
867.5,8.61196e-10
867.6,8.61826e-10
867.7,8.62456e-10
867.8,8.63087e-10
867.9,8.63717e-10
868,8.64348e-10
868.1,8.64948e-10
868.2,8.65549e-10
868.3,8.6615e-10
868.4,8.6675e-10
868.5,8.67351e-10
868.6,8.67951e-10
868.7,8.68552e-10
868.8,8.69153e-10
868.9,8.69753e-10
869,8.70354e-10
869.1,8.70955e-10
869.2,8.71555e-10
869.3,8.72156e-10
869.4,8.72757e-10
869.5,8.73357e-10
869.6,8.73958e-10
869.7,8.74559e-10
869.8,8.7516e-10
869.9,8.7576e-10
870,8.76361e-10
870.1,8.77066e-10
870.2,8.77771e-10
870.3,8.78476e-10
870.4,8.79182e-10
870.5,8.79887e-10
870.6,8.80593e-10
870.7,8.81299e-10
870.8,8.82005e-10
870.9,8.82711e-10
871,8.83417e-10
871.1,8.83602e-10
871.2,8.83786e-10
871.3,8.8397e-10
871.4,8.84154e-10
871.5,8.84339e-10
871.6,8.84523e-10
871.7,8.84707e-10
871.8,8.84892e-10
871.9,8.85076e-10
872,8.8526e-10
872.1,8.85033e-10
872.2,8.84806e-10
872.3,8.84578e-10
872.4,8.84351e-10
872.5,8.84123e-10
872.6,8.83895e-10
872.7,8.83667e-10
872.8,8.83439e-10
872.9,8.83211e-10
873,8.82983e-10
873.1,8.8265e-10
873.2,8.82317e-10
873.3,8.81984e-10
873.4,8.81651e-10
873.5,8.81318e-10
873.6,8.80985e-10
873.7,8.80651e-10
873.8,8.80318e-10
873.9,8.79985e-10
874,8.79652e-10
874.1,8.79319e-10
874.2,8.78985e-10
874.3,8.78652e-10
874.4,8.78319e-10
874.5,8.77985e-10
874.6,8.77652e-10
874.7,8.77319e-10
874.8,8.76985e-10
874.9,8.76652e-10
875,8.76318e-10
875.1,8.75955e-10
875.2,8.75591e-10
875.3,8.75228e-10
875.4,8.74864e-10
875.5,8.74501e-10
875.6,8.74138e-10
875.7,8.73774e-10
875.8,8.73411e-10
875.9,8.73047e-10
876,8.72684e-10
876.1,8.72386e-10
876.2,8.72088e-10
876.3,8.7179e-10
876.4,8.71492e-10
876.5,8.71194e-10
876.6,8.70896e-10
876.7,8.70597e-10
876.8,8.70299e-10
876.9,8.7e-10
877,8.69701e-10
877.1,8.69308e-10
877.2,8.68915e-10
877.3,8.68521e-10
877.4,8.68128e-10
877.5,8.67734e-10
877.6,8.6734e-10
877.7,8.66946e-10
877.8,8.66552e-10
877.9,8.66158e-10
878,8.65764e-10
878.1,8.65271e-10
878.2,8.64779e-10
878.3,8.64286e-10
878.4,8.63793e-10
878.5,8.63301e-10
878.6,8.62808e-10
878.7,8.62315e-10
878.8,8.61823e-10
878.9,8.6133e-10
879,8.60837e-10
879.1,8.60285e-10
879.2,8.59733e-10
879.3,8.59181e-10
879.4,8.58629e-10
879.5,8.58078e-10
879.6,8.57526e-10
879.7,8.56974e-10
879.8,8.56422e-10
879.9,8.55871e-10
880,8.55319e-10
880.1,8.54909e-10
880.2,8.54498e-10
880.3,8.54087e-10
880.4,8.53676e-10
880.5,8.53265e-10
880.6,8.52854e-10
880.7,8.52442e-10
880.8,8.52031e-10
880.9,8.5162e-10
881,8.51208e-10
881.1,8.50635e-10
881.2,8.50063e-10
881.3,8.4949e-10
881.4,8.48916e-10
881.5,8.48343e-10
881.6,8.4777e-10
881.7,8.47196e-10
881.8,8.46623e-10
881.9,8.46049e-10
882,8.45475e-10
882.1,8.4384e-10
882.2,8.42205e-10
882.3,8.40569e-10
882.4,8.38933e-10
882.5,8.37296e-10
882.6,8.35659e-10
882.7,8.34022e-10
882.8,8.32385e-10
882.9,8.30747e-10
883,8.29108e-10
883.1,8.27502e-10
883.2,8.25895e-10
883.3,8.2605e-10
883.4,8.35517e-10
883.5,8.4494e-10
883.6,8.5432e-10
883.7,8.63655e-10
883.8,8.72947e-10
883.9,8.82195e-10
884,8.91399e-10
884.1,9.00687e-10
884.2,9.09934e-10
884.3,9.1914e-10
884.4,9.28304e-10
884.5,9.37426e-10
884.6,9.46507e-10
884.7,9.55547e-10
884.8,9.64545e-10
884.9,9.78311e-10
885,1.00402e-09
885.1,1.02947e-09
885.2,1.0548e-09
885.3,1.08003e-09
885.4,1.10514e-09
885.5,1.13014e-09
885.6,1.15502e-09
885.7,1.1798e-09
885.8,1.20446e-09
885.9,1.229e-09
886,1.25344e-09
886.1,1.27746e-09
886.2,1.30137e-09
886.3,1.32514e-09
886.4,1.34879e-09
886.5,1.38093e-09
886.6,1.42513e-09
886.7,1.46911e-09
886.8,1.51286e-09
886.9,1.55639e-09
887,1.5997e-09
887.1,1.64168e-09
887.2,1.68338e-09
887.3,1.7248e-09
887.4,1.76593e-09
887.5,1.80677e-09
887.6,1.84734e-09
887.7,1.88761e-09
887.8,1.9276e-09
887.9,1.96731e-09
888,2.00673e-09
888.1,2.06974e-09
888.2,2.15262e-09
888.3,2.23493e-09
888.4,2.31668e-09
888.5,2.39787e-09
888.6,2.47849e-09
888.7,2.55856e-09
888.8,2.63806e-09
888.9,2.717e-09
889,2.79538e-09
889.1,2.87327e-09
889.2,2.95061e-09
889.3,3.02738e-09
889.4,3.1036e-09
889.5,3.17926e-09
889.6,3.25436e-09
889.7,3.40235e-09
889.8,3.5859e-09
889.9,3.76817e-09
890,3.94917e-09
890.1,4.12957e-09
890.2,4.30875e-09
890.3,4.48672e-09
890.4,4.66346e-09
890.5,4.83899e-09
890.6,5.01329e-09
890.7,5.18638e-09
890.8,5.35824e-09
890.9,5.52888e-09
891,5.69829e-09
891.1,5.86994e-09
891.2,6.04058e-09
891.3,6.49431e-09
891.4,7.01916e-09
891.5,7.54109e-09
891.6,8.06008e-09
891.7,8.57615e-09
891.8,9.08927e-09
891.9,9.59946e-09
892,1.01067e-08
892.1,1.06315e-08
892.2,1.11555e-08
892.3,1.16785e-08
892.4,1.22007e-08
892.5,1.2722e-08
892.6,1.32424e-08
892.7,1.37619e-08
892.8,1.42805e-08
892.9,1.65397e-08
893,1.89451e-08
893.1,2.13464e-08
893.2,2.37437e-08
893.3,2.6137e-08
893.4,2.85262e-08
893.5,3.09114e-08
893.6,3.32926e-08
893.7,3.56697e-08
893.8,3.80428e-08
893.9,4.04119e-08
894,4.27768e-08
894.1,4.51383e-08
894.2,4.74958e-08
894.3,4.98493e-08
894.4,5.27256e-08
894.5,6.61237e-08
894.6,7.94994e-08
894.7,9.28526e-08
894.8,1.06183e-07
894.9,1.19491e-07
895,1.32777e-07
895.1,1.46026e-07
895.2,1.5925e-07
895.3,1.72449e-07
895.4,1.85623e-07
895.5,1.98772e-07
895.6,2.11896e-07
895.7,2.24994e-07
895.8,2.38067e-07
895.9,2.51116e-07
896,2.5985e-07
896.1,2.48394e-07
896.2,2.36953e-07
896.3,2.25525e-07
896.4,2.14112e-07
896.5,2.02712e-07
896.6,1.91326e-07
896.7,1.79955e-07
896.8,1.68597e-07
896.9,1.57254e-07
897,1.45924e-07
897.1,1.34705e-07
897.2,1.23484e-07
897.3,1.12261e-07
897.4,1.01036e-07
897.5,8.98092e-08
897.6,8.0975e-08
897.7,7.76853e-08
897.8,7.43951e-08
897.9,7.11043e-08
898,6.78129e-08
898.1,6.45192e-08
898.2,6.12251e-08
898.3,5.79306e-08
898.4,5.46356e-08
898.5,5.13403e-08
898.6,4.80446e-08
898.7,4.47485e-08
898.8,4.14519e-08
898.9,3.8155e-08
899,3.48577e-08
899.1,3.15599e-08
899.2,2.93278e-08
899.3,2.85167e-08
899.4,2.77055e-08
899.5,2.68943e-08
899.6,2.60829e-08
899.7,2.52715e-08
899.8,2.44599e-08
899.9,2.36482e-08
900,2.28365e-08
900.1,2.20219e-08
900.2,2.12074e-08
900.3,2.0393e-08
900.4,1.95787e-08
900.5,1.87646e-08
900.6,1.79505e-08
900.7,1.71365e-08
900.8,1.66053e-08
900.9,1.63004e-08
901,1.59955e-08
901.1,1.56905e-08
901.2,1.53854e-08
901.3,1.50805e-08
901.4,1.47756e-08
901.5,1.44707e-08
901.6,1.41659e-08
901.7,1.38611e-08
901.8,1.35564e-08
901.9,1.32517e-08
902,1.2947e-08
902.1,1.26425e-08
902.2,1.2338e-08
902.3,1.20335e-08
902.4,1.18441e-08
902.5,1.17081e-08
902.6,1.15721e-08
902.7,1.14362e-08
902.8,1.13003e-08
902.9,1.11643e-08
903,1.10285e-08
903.1,1.08933e-08
903.2,1.07581e-08
903.3,1.06229e-08
903.4,1.04878e-08
903.5,1.03526e-08
903.6,1.02174e-08
903.7,1.00823e-08
903.8,9.94709e-09
903.9,9.81193e-09
904,9.7383e-09
904.1,9.67915e-09
904.2,9.62e-09
904.3,9.56085e-09
904.4,9.5017e-09
904.5,9.44255e-09
904.6,9.38341e-09
904.7,9.32426e-09
904.8,9.26512e-09
904.9,9.20597e-09
905,9.14683e-09
905.1,9.08525e-09
905.2,9.0237e-09
905.3,8.96219e-09
905.4,8.9007e-09
905.5,8.83926e-09
905.6,8.81897e-09
905.7,8.80147e-09
905.8,8.78399e-09
905.9,8.76651e-09
906,8.74904e-09
906.1,8.7312e-09
906.2,8.71337e-09
906.3,8.69555e-09
906.4,8.67774e-09
906.5,8.65994e-09
906.6,8.64215e-09
906.7,8.62437e-09
906.8,8.6066e-09
906.9,8.58884e-09
907,8.57109e-09
907.1,8.55454e-09
907.2,8.56801e-09
907.3,8.58146e-09
907.4,8.59491e-09
907.5,8.60834e-09
907.6,8.62175e-09
907.7,8.63516e-09
907.8,8.64855e-09
907.9,8.66193e-09
908,8.67529e-09
908.1,8.68969e-09
908.2,8.70407e-09
908.3,8.71845e-09
908.4,8.73282e-09
908.5,8.74717e-09
908.6,8.76152e-09
908.7,8.78141e-09
908.8,8.82489e-09
908.9,8.86835e-09
909,8.91177e-09
909.1,8.9553e-09
909.2,8.99881e-09
909.3,9.04229e-09
909.4,9.08574e-09
909.5,9.12916e-09
909.6,9.17256e-09
909.7,9.21594e-09
909.8,9.25928e-09
909.9,9.3026e-09
910,9.3459e-09
910.1,9.3953e-09
910.2,9.44473e-09
910.3,9.50429e-09
910.4,9.58563e-09
910.5,9.66703e-09
910.6,9.74848e-09
910.7,9.82999e-09
910.8,9.91156e-09
910.9,9.99319e-09
911,1.00749e-08
911.1,1.01555e-08
911.2,1.02362e-08
911.3,1.03169e-08
911.4,1.03977e-08
911.5,1.04785e-08
911.6,1.05593e-08
911.7,1.06402e-08
911.8,1.07211e-08
911.9,1.08196e-08
912,1.09402e-08
912.1,1.10345e-08
912.2,1.11284e-08
912.3,1.12217e-08
912.4,1.13145e-08
912.5,1.14067e-08
912.6,1.14985e-08
912.7,1.15897e-08
912.8,1.16804e-08
912.9,1.17706e-08
913,1.18602e-08
913.1,1.19472e-08
913.2,1.20335e-08
913.3,1.21193e-08
913.4,1.22045e-08
913.5,1.23185e-08
913.6,1.24536e-08
913.7,1.25879e-08
913.8,1.27215e-08
913.9,1.28541e-08
914,1.2986e-08
914.1,1.31177e-08
914.2,1.32486e-08
914.3,1.33787e-08
914.4,1.3508e-08
914.5,1.36365e-08
914.6,1.37641e-08
914.7,1.3891e-08
914.8,1.4017e-08
914.9,1.41421e-08
915,1.42665e-08
915.1,1.4434e-08
915.2,1.46213e-08
915.3,1.48073e-08
915.4,1.4992e-08
915.5,1.51754e-08
915.6,1.53575e-08
915.7,1.55383e-08
915.8,1.57178e-08
915.9,1.5896e-08
916,1.60729e-08
916.1,1.62479e-08
916.2,1.64216e-08
916.3,1.65939e-08
916.4,1.6765e-08
916.5,1.69347e-08
916.6,1.71031e-08
916.7,1.73514e-08
916.8,1.7615e-08
916.9,1.78767e-08
917,1.81365e-08
917.1,1.84227e-08
917.2,1.8708e-08
917.3,1.89924e-08
917.4,1.92758e-08
917.5,1.95583e-08
917.6,1.98398e-08
917.7,2.01204e-08
917.8,2.04001e-08
917.9,2.06788e-08
918,2.09566e-08
918.1,2.12343e-08
918.2,2.15111e-08
918.3,2.1925e-08
918.4,2.23445e-08
918.5,2.27627e-08
918.6,2.31795e-08
918.7,2.35949e-08
918.8,2.40091e-08
918.9,2.44218e-08
919,2.48332e-08
919.1,2.52398e-08
919.2,2.5645e-08
919.3,2.60487e-08
919.4,2.64509e-08
919.5,2.68517e-08
919.6,2.7251e-08
919.7,2.76489e-08
919.8,2.80624e-08
919.9,2.86723e-08
920,2.92801e-08
920.1,2.98832e-08
920.2,3.04839e-08
920.3,3.10824e-08
920.4,3.16786e-08
920.5,3.22725e-08
920.6,3.28641e-08
920.7,3.34535e-08
920.8,3.40406e-08
920.9,3.46254e-08
921,3.5208e-08
921.1,3.57922e-08
921.2,3.63743e-08
921.3,3.69542e-08
921.4,3.75939e-08
921.5,3.84687e-08
921.6,3.93405e-08
921.7,4.02091e-08
921.8,4.10745e-08
921.9,4.19368e-08
922,4.2796e-08
922.1,4.36749e-08
922.2,4.45516e-08
922.3,4.54261e-08
922.4,4.62984e-08
922.5,4.71686e-08
922.6,4.80365e-08
922.7,4.89023e-08
922.8,4.97659e-08
922.9,5.06272e-08
923,5.1593e-08
923.1,5.27691e-08
923.2,5.39422e-08
923.3,5.51124e-08
923.4,5.62797e-08
923.5,5.7444e-08
923.6,5.86053e-08
923.7,5.97636e-08
923.8,6.0919e-08
923.9,6.20715e-08
924,6.3221e-08
924.1,6.43565e-08
924.2,6.54887e-08
924.3,6.66175e-08
924.4,6.7743e-08
924.5,6.88652e-08
924.6,6.99915e-08
924.7,7.11234e-08
924.8,7.22518e-08
924.9,7.33769e-08
925,7.44986e-08
925.1,7.56106e-08
925.2,7.67191e-08
925.3,7.7824e-08
925.4,7.89253e-08
925.5,8.00231e-08
925.6,8.11173e-08
925.7,8.22079e-08
925.8,8.3295e-08
925.9,8.43785e-08
926,8.54584e-08
926.1,8.65648e-08
926.2,8.72266e-08
926.3,8.75765e-08
926.4,8.79254e-08
926.5,8.82732e-08
926.6,8.86201e-08
926.7,8.8966e-08
926.8,8.93108e-08
926.9,8.96547e-08
927,8.99975e-08
927.1,9.03752e-08
927.2,9.07523e-08
927.3,9.11286e-08
927.4,9.15042e-08
927.5,9.18792e-08
927.6,9.22535e-08
927.7,9.26271e-08
927.8,9.22022e-08
927.9,9.1459e-08
928,9.07168e-08
928.1,8.99762e-08
928.2,8.92365e-08
928.3,8.84978e-08
928.4,8.77602e-08
928.5,8.70235e-08
928.6,8.62879e-08
928.7,8.55533e-08
928.8,8.48197e-08
928.9,8.40871e-08
929,8.33555e-08
929.1,8.2622e-08
929.2,8.18895e-08
929.3,8.11581e-08
929.4,8.00253e-08
929.5,7.88182e-08
929.6,7.7613e-08
929.7,7.64097e-08
929.8,7.52082e-08
929.9,7.40085e-08
930,7.28106e-08
930.1,7.16229e-08
930.2,7.04368e-08
930.3,6.92522e-08
930.4,6.80692e-08
930.5,6.68878e-08
930.6,6.57079e-08
930.7,6.45296e-08
930.8,6.33529e-08
930.9,6.21777e-08
931,6.11358e-08
931.1,6.00999e-08
931.2,5.90654e-08
931.3,5.80323e-08
931.4,5.70005e-08
931.5,5.59701e-08
931.6,5.49411e-08
931.7,5.39135e-08
931.8,5.28872e-08
931.9,5.18623e-08
932,5.08388e-08
932.1,4.98278e-08
932.2,4.88178e-08
932.3,4.78088e-08
932.4,4.68006e-08
932.5,4.58202e-08
932.6,4.50948e-08
932.7,4.43701e-08
932.8,4.3646e-08
932.9,4.29226e-08
933,4.21999e-08
933.1,4.14805e-08
933.2,4.07616e-08
933.3,4.00434e-08
933.4,3.93257e-08
933.5,3.86085e-08
933.6,3.7892e-08
933.7,3.7176e-08
933.8,3.64607e-08
933.9,3.57458e-08
934,3.50316e-08
934.1,3.43689e-08
934.2,3.3885e-08
934.3,3.34016e-08
934.4,3.29185e-08
934.5,3.24357e-08
934.6,3.19534e-08
934.7,3.14715e-08
934.8,3.09899e-08
934.9,3.05088e-08
935,3.0028e-08
935.1,2.95405e-08
935.2,2.90536e-08
935.3,2.85673e-08
935.4,2.80816e-08
935.5,2.75966e-08
935.6,2.71121e-08
935.7,2.6683e-08
935.8,2.63561e-08
935.9,2.60297e-08
936,2.57037e-08
936.1,2.53775e-08
936.2,2.50517e-08
936.3,2.47263e-08
936.4,2.44014e-08
936.5,2.40769e-08
936.6,2.37529e-08
936.7,2.34293e-08
936.8,2.31061e-08
936.9,2.27833e-08
937,2.2461e-08
937.1,2.21419e-08
937.2,2.18231e-08
937.3,2.15539e-08
937.4,2.13388e-08
937.5,2.11241e-08
937.6,2.09095e-08
937.7,2.06952e-08
937.8,2.04811e-08
937.9,2.02673e-08
938,2.00537e-08
938.1,1.98446e-08
938.2,1.96357e-08
938.3,1.94269e-08
938.4,1.92183e-08
938.5,1.90098e-08
938.6,1.88015e-08
938.7,1.85933e-08
938.8,1.83852e-08
938.9,1.82194e-08
939,1.80813e-08
939.1,1.79433e-08
939.2,1.78054e-08
939.3,1.76676e-08
939.4,1.75298e-08
939.5,1.73922e-08
939.6,1.72547e-08
939.7,1.71173e-08
939.8,1.69799e-08
939.9,1.68427e-08
940,1.67055e-08
940.1,1.65651e-08
940.2,1.64248e-08
940.3,1.62846e-08
940.4,1.61446e-08
940.5,1.60409e-08
940.6,1.59507e-08
940.7,1.58607e-08
940.8,1.57707e-08
940.9,1.56808e-08
941,1.5591e-08
941.1,1.55005e-08
941.2,1.54102e-08
941.3,1.53199e-08
941.4,1.52298e-08
941.5,1.51397e-08
941.6,1.50498e-08
941.7,1.496e-08
941.8,1.48702e-08
941.9,1.47806e-08
942,1.46911e-08
942.1,1.46217e-08
942.2,1.45578e-08
942.3,1.4494e-08
942.4,1.44304e-08
942.5,1.43669e-08
942.6,1.43035e-08
942.7,1.42403e-08
942.8,1.41772e-08
942.9,1.41142e-08
943,1.40514e-08
943.1,1.39836e-08
943.2,1.39161e-08
943.3,1.38486e-08
943.4,1.37814e-08
943.5,1.37143e-08
943.6,1.36473e-08
943.7,1.3611e-08
943.8,1.35753e-08
943.9,1.35396e-08
944,1.35039e-08
944.1,1.34684e-08
944.2,1.34329e-08
944.3,1.33975e-08
944.4,1.33621e-08
944.5,1.33267e-08
944.6,1.32914e-08
944.7,1.32561e-08
944.8,1.32209e-08
944.9,1.31857e-08
945,1.31505e-08
945.1,1.31164e-08
945.2,1.30854e-08
945.3,1.30795e-08
945.4,1.30736e-08
945.5,1.30676e-08
945.6,1.30616e-08
945.7,1.30555e-08
945.8,1.30493e-08
945.9,1.30431e-08
946,1.30368e-08
946.1,1.30306e-08
946.2,1.30243e-08
946.3,1.3018e-08
946.4,1.30116e-08
946.5,1.30051e-08
946.6,1.29986e-08
946.7,1.2992e-08
946.8,1.29923e-08
946.9,1.30144e-08
947,1.30364e-08
947.1,1.30594e-08
947.2,1.30821e-08
947.3,1.31047e-08
947.4,1.31271e-08
947.5,1.31494e-08
947.6,1.31714e-08
947.7,1.31933e-08
947.8,1.32151e-08
947.9,1.32366e-08
948,1.3258e-08
948.1,1.32795e-08
948.2,1.33008e-08
948.3,1.3322e-08
948.4,1.3355e-08
948.5,1.34087e-08
948.6,1.34622e-08
948.7,1.35153e-08
948.8,1.35682e-08
948.9,1.36207e-08
949,1.3673e-08
949.1,1.37247e-08
949.2,1.37762e-08
949.3,1.38273e-08
949.4,1.38782e-08
949.5,1.39288e-08
949.6,1.39791e-08
949.7,1.4029e-08
949.8,1.40788e-08
949.9,1.41282e-08
950,1.41974e-08
950.1,1.42889e-08
950.2,1.438e-08
950.3,1.44707e-08
950.4,1.45609e-08
950.5,1.46507e-08
950.6,1.47401e-08
950.7,1.4829e-08
950.8,1.49175e-08
950.9,1.50057e-08
951,1.50933e-08
951.1,1.51806e-08
951.2,1.52674e-08
951.3,1.53539e-08
951.4,1.54399e-08
951.5,1.55254e-08
951.6,1.56443e-08
951.7,1.57833e-08
951.8,1.59217e-08
951.9,1.60594e-08
952,1.61966e-08
952.1,1.63355e-08
952.2,1.64739e-08
952.3,1.66116e-08
952.4,1.67488e-08
952.5,1.68855e-08
952.6,1.70215e-08
952.7,1.7157e-08
952.8,1.72919e-08
952.9,1.74262e-08
953,1.75599e-08
953.1,1.76937e-08
953.2,1.7884e-08
953.3,1.8093e-08
953.4,1.83011e-08
953.5,1.85084e-08
953.6,1.87148e-08
953.7,1.89205e-08
953.8,1.91253e-08
953.9,1.93292e-08
954,1.95324e-08
954.1,1.97344e-08
954.2,1.99356e-08
954.3,2.0136e-08
954.4,2.03355e-08
954.5,2.05342e-08
954.6,2.0732e-08
954.7,2.09291e-08
954.8,2.12231e-08
954.9,2.15301e-08
955,2.18359e-08
955.1,2.21391e-08
955.2,2.24411e-08
955.3,2.27419e-08
955.4,2.30413e-08
955.5,2.33395e-08
955.6,2.36364e-08
955.7,2.3932e-08
955.8,2.42264e-08
955.9,2.45195e-08
956,2.48113e-08
956.1,2.51019e-08
956.2,2.53913e-08
956.3,2.56793e-08
956.4,2.61347e-08
956.5,2.65882e-08
956.6,2.70398e-08
956.7,2.74895e-08
956.8,2.79372e-08
956.9,2.83831e-08
957,2.8827e-08
957.1,2.92846e-08
957.2,2.97408e-08
957.3,3.01956e-08
957.4,3.0649e-08
957.5,3.1101e-08
957.6,3.15517e-08
957.7,3.2001e-08
957.8,3.24488e-08
957.9,3.29259e-08
958,3.3611e-08
958.1,3.4297e-08
958.2,3.49811e-08
958.3,3.56633e-08
958.4,3.63435e-08
958.5,3.70219e-08
958.6,3.76982e-08
958.7,3.83727e-08
958.8,3.90452e-08
958.9,3.97158e-08
959,4.03845e-08
959.1,4.10512e-08
959.2,4.1716e-08
959.3,4.23788e-08
959.4,4.30397e-08
959.5,4.35167e-08
959.6,4.34581e-08
959.7,4.33995e-08
959.8,4.33409e-08
959.9,4.32824e-08
960,4.32238e-08
960.1,4.3161e-08
960.2,4.30981e-08
960.3,4.30353e-08
960.4,4.29725e-08
960.5,4.29097e-08
960.6,4.28469e-08
960.7,4.27842e-08
960.8,4.27214e-08
960.9,4.26586e-08
961,4.25959e-08
961.1,4.25331e-08
961.2,4.24703e-08
961.3,4.24076e-08
961.4,4.23449e-08
961.5,4.22821e-08
961.6,4.22194e-08
961.7,4.21567e-08
961.8,4.2094e-08
961.9,4.20313e-08
962,4.19686e-08
962.1,4.18893e-08
962.2,4.181e-08
962.3,4.17308e-08
962.4,4.16515e-08
962.5,4.15723e-08
962.6,4.14931e-08
962.7,4.14138e-08
962.8,4.13346e-08
962.9,4.12554e-08
963,4.11762e-08
963.1,4.10954e-08
963.2,4.10146e-08
963.3,4.09339e-08
963.4,4.08531e-08
963.5,4.07723e-08
963.6,4.06916e-08
963.7,4.06109e-08
963.8,4.05301e-08
963.9,4.04494e-08
964,4.03687e-08
964.1,4.0288e-08
964.2,4.02073e-08
964.3,4.01266e-08
964.4,4.00459e-08
964.5,3.99652e-08
964.6,3.98845e-08
964.7,3.98039e-08
964.8,3.97232e-08
964.9,3.96426e-08
965,3.95619e-08
965.1,3.94842e-08
965.2,3.94065e-08
965.3,3.93288e-08
965.4,3.92511e-08
965.5,3.91733e-08
965.6,3.90956e-08
965.7,3.90178e-08
965.8,3.89401e-08
965.9,3.88624e-08
966,3.87846e-08
966.1,3.87068e-08
966.2,3.86291e-08
966.3,3.85513e-08
966.4,3.84736e-08
966.5,3.83958e-08
966.6,3.8318e-08
966.7,3.82402e-08
966.8,3.81625e-08
966.9,3.80847e-08
967,3.80069e-08
967.1,3.79385e-08
967.2,3.787e-08
967.3,3.78016e-08
967.4,3.77332e-08
967.5,3.76647e-08
967.6,3.75963e-08
967.7,3.75278e-08
967.8,3.74594e-08
967.9,3.73909e-08
968,3.73225e-08
968.1,3.72543e-08
968.2,3.71862e-08
968.3,3.7118e-08
968.4,3.70499e-08
968.5,3.69817e-08
968.6,3.69136e-08
968.7,3.68454e-08
968.8,3.67773e-08
968.9,3.67091e-08
969,3.66409e-08
969.1,3.65728e-08
969.2,3.65046e-08
969.3,3.64364e-08
969.4,3.63682e-08
969.5,3.63e-08
969.6,3.62319e-08
969.7,3.61637e-08
969.8,3.60955e-08
969.9,3.60273e-08
970,3.59591e-08
970.1,3.58897e-08
970.2,3.58203e-08
970.3,3.57508e-08
970.4,3.56814e-08
970.5,3.5612e-08
970.6,3.55426e-08
970.7,3.54732e-08
970.8,3.54038e-08
970.9,3.53344e-08
971,3.5265e-08
971.1,3.52541e-08
971.2,3.52431e-08
971.3,3.52321e-08
971.4,3.52211e-08
971.5,3.52101e-08
971.6,3.51991e-08
971.7,3.51881e-08
971.8,3.51771e-08
971.9,3.51661e-08
972,3.51552e-08
972.1,3.51548e-08
972.2,3.51544e-08
972.3,3.5154e-08
972.4,3.51536e-08
972.5,3.51532e-08
972.6,3.51529e-08
972.7,3.51525e-08
972.8,3.51521e-08
972.9,3.51517e-08
973,3.51513e-08
973.1,3.51504e-08
973.2,3.51496e-08
973.3,3.51487e-08
973.4,3.51478e-08
973.5,3.51469e-08
973.6,3.5146e-08
973.7,3.51451e-08
973.8,3.51442e-08
973.9,3.51434e-08
974,3.51425e-08
974.1,3.51416e-08
974.2,3.51407e-08
974.3,3.51398e-08
974.4,3.51389e-08
974.5,3.51381e-08
974.6,3.51372e-08
974.7,3.51363e-08
974.8,3.51354e-08
974.9,3.51345e-08
975,3.51336e-08
975.1,3.51331e-08
975.2,3.51326e-08
975.3,3.51321e-08
975.4,3.51316e-08
975.5,3.51311e-08
975.6,3.51305e-08
975.7,3.513e-08
975.8,3.51295e-08
975.9,3.5129e-08
976,3.51285e-08
976.1,3.51276e-08
976.2,3.51268e-08
976.3,3.51259e-08
976.4,3.5125e-08
976.5,3.51242e-08
976.6,3.51233e-08
976.7,3.51225e-08
976.8,3.51216e-08
976.9,3.51207e-08
977,3.51199e-08
977.1,3.5119e-08
977.2,3.51182e-08
977.3,3.51173e-08
977.4,3.51164e-08
977.5,3.51156e-08
977.6,3.51147e-08
977.7,3.51138e-08
977.8,3.5113e-08
977.9,3.51121e-08
978,3.51113e-08
978.1,3.51117e-08
978.2,3.51121e-08
978.3,3.51125e-08
978.4,3.51129e-08
978.5,3.51133e-08
978.6,3.51138e-08
978.7,3.51142e-08
978.8,3.51146e-08
978.9,3.5115e-08
979,3.51154e-08
979.1,3.51166e-08
979.2,3.51178e-08
979.3,3.5119e-08
979.4,3.51202e-08
979.5,3.51214e-08
979.6,3.51226e-08
979.7,3.51238e-08
979.8,3.5125e-08
979.9,3.51262e-08
980,3.51274e-08
980.1,3.5131e-08
980.2,3.51347e-08
980.3,3.51383e-08
980.4,3.51419e-08
980.5,3.51455e-08
980.6,3.51492e-08
980.7,3.51528e-08
980.8,3.51564e-08
980.9,3.516e-08
981,3.51637e-08
981.1,3.51283e-08
981.2,3.50929e-08
981.3,3.50574e-08
981.4,3.5022e-08
981.5,3.49866e-08
981.6,3.49512e-08
981.7,3.49158e-08
981.8,3.48803e-08
981.9,3.48449e-08
982,3.48094e-08
982.1,3.47189e-08
982.2,3.46284e-08
982.3,3.45379e-08
982.4,3.44474e-08
982.5,3.43569e-08
982.6,3.42663e-08
982.7,3.41758e-08
982.8,3.40852e-08
982.9,3.39946e-08
983,3.3904e-08
983.1,3.38135e-08
983.2,3.3723e-08
983.3,3.36325e-08
983.4,3.3542e-08
983.5,3.34514e-08
983.6,3.33609e-08
983.7,3.32703e-08
983.8,3.31797e-08
983.9,3.30892e-08
984,3.29986e-08
984.1,3.29083e-08
984.2,3.28181e-08
984.3,3.27278e-08
984.4,3.26376e-08
984.5,3.25473e-08
984.6,3.2457e-08
984.7,3.23667e-08
984.8,3.22763e-08
984.9,3.2186e-08
985,3.20956e-08
985.1,3.20035e-08
985.2,3.19114e-08
985.3,3.18192e-08
985.4,3.1727e-08
985.5,3.16349e-08
985.6,3.15427e-08
985.7,3.14506e-08
985.8,3.13584e-08
985.9,3.12662e-08
986,3.11741e-08
986.1,3.10821e-08
986.2,3.09902e-08
986.3,3.08982e-08
986.4,3.08063e-08
986.5,3.07143e-08
986.6,3.06223e-08
986.7,3.05304e-08
986.8,3.04384e-08
986.9,3.03464e-08
987,3.02544e-08
987.1,3.01626e-08
987.2,3.00709e-08
987.3,2.99791e-08
987.4,2.98873e-08
987.5,2.97955e-08
987.6,2.97037e-08
987.7,2.96119e-08
987.8,2.952e-08
987.9,2.94282e-08
988,2.93364e-08
988.1,2.92445e-08
988.2,2.91527e-08
988.3,2.90608e-08
988.4,2.8969e-08
988.5,2.88771e-08
988.6,2.87853e-08
988.7,2.86934e-08
988.8,2.86015e-08
988.9,2.85096e-08
989,2.84177e-08
989.1,2.83265e-08
989.2,2.82353e-08
989.3,2.8144e-08
989.4,2.80528e-08
989.5,2.79615e-08
989.6,2.78702e-08
989.7,2.77789e-08
989.8,2.76876e-08
989.9,2.75963e-08
990,2.7505e-08
990.1,2.74137e-08
990.2,2.73223e-08
990.3,2.72309e-08
990.4,2.71396e-08
990.5,2.70482e-08
990.6,2.69568e-08
990.7,2.68654e-08
990.8,2.6774e-08
990.9,2.66825e-08
991,2.65911e-08
991.1,2.64994e-08
991.2,2.64076e-08
991.3,2.63159e-08
991.4,2.62241e-08
991.5,2.61323e-08
991.6,2.60406e-08
991.7,2.59488e-08
991.8,2.5857e-08
991.9,2.57652e-08
992,2.56733e-08
992.1,2.55792e-08
992.2,2.5485e-08
992.3,2.53909e-08
992.4,2.52968e-08
992.5,2.52026e-08
992.6,2.51085e-08
992.7,2.50144e-08
992.8,2.49203e-08
992.9,2.48262e-08
993,2.47322e-08
993.1,2.46381e-08
993.2,2.4544e-08
993.3,2.445e-08
993.4,2.43559e-08
993.5,2.42619e-08
993.6,2.41679e-08
993.7,2.40739e-08
993.8,2.39798e-08
993.9,2.38858e-08
994,2.37919e-08
994.1,2.36986e-08
994.2,2.36053e-08
994.3,2.3512e-08
994.4,2.34187e-08
994.5,2.33255e-08
994.6,2.32322e-08
994.7,2.31389e-08
994.8,2.30457e-08
994.9,2.29524e-08
995,2.28592e-08
995.1,2.27668e-08
995.2,2.26744e-08
995.3,2.2582e-08
995.4,2.24896e-08
995.5,2.23972e-08
995.6,2.23048e-08
995.7,2.22123e-08
995.8,2.21199e-08
995.9,2.20275e-08
996,2.19351e-08
996.1,2.18426e-08
996.2,2.17502e-08
996.3,2.16578e-08
996.4,2.15653e-08
996.5,2.14729e-08
996.6,2.13804e-08
996.7,2.1288e-08
996.8,2.11955e-08
996.9,2.1103e-08
997,2.10106e-08
997.1,2.09177e-08
997.2,2.08248e-08
997.3,2.07319e-08
997.4,2.0639e-08
997.5,2.05461e-08
997.6,2.04532e-08
997.7,2.03603e-08
997.8,2.02674e-08
997.9,2.01745e-08
998,2.00816e-08
998.1,1.99885e-08
998.2,1.98954e-08
998.3,1.98023e-08
998.4,1.97093e-08
998.5,1.96162e-08
998.6,1.95231e-08
998.7,1.94301e-08
998.8,1.9337e-08
998.9,1.92439e-08
999,1.91509e-08
999.1,1.90578e-08
999.2,1.89647e-08
999.3,1.88717e-08
999.4,1.87786e-08
999.5,1.86856e-08
999.6,1.85925e-08
999.7,1.84995e-08
999.8,1.84064e-08
999.9,1.83134e-08
1000,1.82203e-08
1000.1,1.82035e-08
1000.2,1.81866e-08
1000.3,1.81698e-08
1000.4,1.81529e-08
1000.5,1.81361e-08
1000.6,1.81192e-08
1000.7,1.81023e-08
1000.8,1.80855e-08
1000.9,1.80686e-08
1001,1.80517e-08
1001.1,1.80349e-08
1001.2,1.8018e-08
1001.3,1.80011e-08
1001.4,1.79842e-08
1001.5,1.79674e-08
1001.6,1.79505e-08
1001.7,1.79336e-08
1001.8,1.79167e-08
1001.9,1.78998e-08
1002,1.78829e-08
1002.1,1.78659e-08
1002.2,1.7849e-08
1002.3,1.7832e-08
1002.4,1.7815e-08
1002.5,1.7798e-08
1002.6,1.7781e-08
1002.7,1.7764e-08
1002.8,1.7747e-08
1002.9,1.773e-08
1003,1.7713e-08
1003.1,1.76958e-08
1003.2,1.76787e-08
1003.3,1.76615e-08
1003.4,1.76443e-08
1003.5,1.76271e-08
1003.6,1.76099e-08
1003.7,1.75927e-08
1003.8,1.75755e-08
1003.9,1.75583e-08
1004,1.75411e-08
1004.1,1.75239e-08
1004.2,1.75067e-08
1004.3,1.74895e-08
1004.4,1.74723e-08
1004.5,1.74551e-08
1004.6,1.74378e-08
1004.7,1.74206e-08
1004.8,1.74034e-08
1004.9,1.73862e-08
1005,1.7369e-08
1005.1,1.73496e-08
1005.2,1.73303e-08
1005.3,1.73109e-08
1005.4,1.72916e-08
1005.5,1.72722e-08
1005.6,1.72529e-08
1005.7,1.72336e-08
1005.8,1.72142e-08
1005.9,1.71949e-08
1006,1.71756e-08
1006.1,1.71563e-08
1006.2,1.71369e-08
1006.3,1.71176e-08
1006.4,1.70983e-08
1006.5,1.7079e-08
1006.6,1.70597e-08
1006.7,1.70404e-08
1006.8,1.70211e-08
1006.9,1.70018e-08
1007,1.69824e-08
1007.1,1.69631e-08
1007.2,1.69438e-08
1007.3,1.69245e-08
1007.4,1.69053e-08
1007.5,1.6886e-08
1007.6,1.68667e-08
1007.7,1.68474e-08
1007.8,1.68281e-08
1007.9,1.68088e-08
1008,1.67895e-08
1008.1,1.67705e-08
1008.2,1.67514e-08
1008.3,1.67324e-08
1008.4,1.67133e-08
1008.5,1.66943e-08
1008.6,1.66752e-08
1008.7,1.66562e-08
1008.8,1.66371e-08
1008.9,1.66181e-08
1009,1.6599e-08
1009.1,1.658e-08
1009.2,1.6561e-08
1009.3,1.6542e-08
1009.4,1.6523e-08
1009.5,1.65039e-08
1009.6,1.64849e-08
1009.7,1.64659e-08
1009.8,1.64469e-08
1009.9,1.64279e-08
1010,1.64089e-08
1010.1,1.63925e-08
1010.2,1.63761e-08
1010.3,1.63597e-08
1010.4,1.63433e-08
1010.5,1.63269e-08
1010.6,1.63105e-08
1010.7,1.62941e-08
1010.8,1.62777e-08
1010.9,1.62612e-08
1011,1.62448e-08
1011.1,1.62284e-08
1011.2,1.6212e-08
1011.3,1.61955e-08
1011.4,1.61791e-08
1011.5,1.61626e-08
1011.6,1.61462e-08
1011.7,1.61297e-08
1011.8,1.61132e-08
1011.9,1.60968e-08
1012,1.60803e-08
1012.1,1.60638e-08
1012.2,1.60474e-08
1012.3,1.60309e-08
1012.4,1.60144e-08
1012.5,1.59979e-08
1012.6,1.59814e-08
1012.7,1.59649e-08
1012.8,1.59484e-08
1012.9,1.59319e-08
1013,1.59154e-08
1013.1,1.58989e-08
1013.2,1.58824e-08
1013.3,1.58659e-08
1013.4,1.58493e-08
1013.5,1.58328e-08
1013.6,1.58163e-08
1013.7,1.57998e-08
1013.8,1.57832e-08
1013.9,1.57667e-08
1014,1.57501e-08
1014.1,1.57336e-08
1014.2,1.5717e-08
1014.3,1.57005e-08
1014.4,1.56839e-08
1014.5,1.56673e-08
1014.6,1.56508e-08
1014.7,1.56342e-08
1014.8,1.56176e-08
1014.9,1.5601e-08
1015,1.55844e-08
1015.1,1.55657e-08
1015.2,1.5547e-08
1015.3,1.55283e-08
1015.4,1.55096e-08
1015.5,1.54908e-08
1015.6,1.54721e-08
1015.7,1.54534e-08
1015.8,1.54347e-08
1015.9,1.5416e-08
1016,1.53973e-08
1016.1,1.53784e-08
1016.2,1.53595e-08
1016.3,1.53406e-08
1016.4,1.53217e-08
1016.5,1.53028e-08
1016.6,1.52839e-08
1016.7,1.52651e-08
1016.8,1.52462e-08
1016.9,1.52273e-08
1017,1.52084e-08
1017.1,1.51895e-08
1017.2,1.51706e-08
1017.3,1.51517e-08
1017.4,1.51327e-08
1017.5,1.51138e-08
1017.6,1.50949e-08
1017.7,1.5076e-08
1017.8,1.50571e-08
1017.9,1.50382e-08
1018,1.50193e-08
1018.1,1.50004e-08
1018.2,1.49815e-08
1018.3,1.49626e-08
1018.4,1.49437e-08
1018.5,1.49248e-08
1018.6,1.49059e-08
1018.7,1.48871e-08
1018.8,1.48682e-08
1018.9,1.48493e-08
1019,1.48304e-08
1019.1,1.48117e-08
1019.2,1.47931e-08
1019.3,1.47744e-08
1019.4,1.47557e-08
1019.5,1.4737e-08
1019.6,1.47184e-08
1019.7,1.46997e-08
1019.8,1.4681e-08
1019.9,1.46624e-08
1020,1.46437e-08
1020.1,1.46262e-08
1020.2,1.46087e-08
1020.3,1.45912e-08
1020.4,1.45738e-08
1020.5,1.45563e-08
1020.6,1.45388e-08
1020.7,1.45213e-08
1020.8,1.45038e-08
1020.9,1.44863e-08
1021,1.44688e-08
1021.1,1.44512e-08
1021.2,1.44335e-08
1021.3,1.44159e-08
1021.4,1.43982e-08
1021.5,1.43805e-08
1021.6,1.43629e-08
1021.7,1.43452e-08
1021.8,1.43275e-08
1021.9,1.43099e-08
1022,1.42922e-08
1022.1,1.42743e-08
1022.2,1.42563e-08
1022.3,1.42384e-08
1022.4,1.42205e-08
1022.5,1.42025e-08
1022.6,1.41846e-08
1022.7,1.41666e-08
1022.8,1.41487e-08
1022.9,1.41308e-08
1023,1.41128e-08
1023.1,1.40949e-08
1023.2,1.40769e-08
1023.3,1.4059e-08
1023.4,1.4041e-08
1023.5,1.40231e-08
1023.6,1.40052e-08
1023.7,1.39872e-08
1023.8,1.39693e-08
1023.9,1.39513e-08
1024,1.39334e-08
1024.1,1.39155e-08
1024.2,1.38977e-08
1024.3,1.38799e-08
1024.4,1.38621e-08
1024.5,1.38443e-08
1024.6,1.38264e-08
1024.7,1.38086e-08
1024.8,1.37908e-08
1024.9,1.3773e-08
1025,1.37551e-08
1025.1,1.37373e-08
1025.2,1.37195e-08
1025.3,1.37017e-08
1025.4,1.36838e-08
1025.5,1.3666e-08
1025.6,1.36482e-08
1025.7,1.36304e-08
1025.8,1.36125e-08
1025.9,1.35947e-08
1026,1.35769e-08
1026.1,1.3559e-08
1026.2,1.35412e-08
1026.3,1.35234e-08
1026.4,1.35055e-08
1026.5,1.34877e-08
1026.6,1.34698e-08
1026.7,1.3452e-08
1026.8,1.34341e-08
1026.9,1.34163e-08
1027,1.33984e-08
1027.1,1.33814e-08
1027.2,1.33643e-08
1027.3,1.33472e-08
1027.4,1.33301e-08
1027.5,1.3313e-08
1027.6,1.32959e-08
1027.7,1.32787e-08
1027.8,1.32616e-08
1027.9,1.32445e-08
1028,1.32274e-08
1028.1,1.32103e-08
1028.2,1.31932e-08
1028.3,1.31761e-08
1028.4,1.3159e-08
1028.5,1.31418e-08
1028.6,1.31247e-08
1028.7,1.31076e-08
1028.8,1.30905e-08
1028.9,1.30733e-08
1029,1.30562e-08
1029.1,1.30389e-08
1029.2,1.30215e-08
1029.3,1.30042e-08
1029.4,1.29868e-08
1029.5,1.29695e-08
1029.6,1.29521e-08
1029.7,1.29347e-08
1029.8,1.29174e-08
1029.9,1.29e-08
1030,1.28826e-08
1030.1,1.28644e-08
1030.2,1.28461e-08
1030.3,1.28278e-08
1030.4,1.28095e-08
1030.5,1.27913e-08
1030.6,1.2773e-08
1030.7,1.27547e-08
1030.8,1.27364e-08
1030.9,1.27182e-08
1031,1.26999e-08
1031.1,1.26816e-08
1031.2,1.26633e-08
1031.3,1.26451e-08
1031.4,1.26268e-08
1031.5,1.26085e-08
1031.6,1.25902e-08
1031.7,1.25719e-08
1031.8,1.25537e-08
1031.9,1.25354e-08
1032,1.25171e-08
1032.1,1.24989e-08
1032.2,1.24808e-08
1032.3,1.24626e-08
1032.4,1.24444e-08
1032.5,1.24262e-08
1032.6,1.2408e-08
1032.7,1.23898e-08
1032.8,1.23717e-08
1032.9,1.23535e-08
1033,1.23353e-08
1033.1,1.23172e-08
1033.2,1.22991e-08
1033.3,1.2281e-08
1033.4,1.22629e-08
1033.5,1.22448e-08
1033.6,1.22266e-08
1033.7,1.22085e-08
1033.8,1.21904e-08
1033.9,1.21723e-08
1034,1.21542e-08
1034.1,1.21361e-08
1034.2,1.2118e-08
1034.3,1.20998e-08
1034.4,1.20817e-08
1034.5,1.20636e-08
1034.6,1.20455e-08
1034.7,1.20274e-08
1034.8,1.20092e-08
1034.9,1.19911e-08
1035,1.1973e-08
1035.1,1.19549e-08
1035.2,1.19367e-08
1035.3,1.19186e-08
1035.4,1.19005e-08
1035.5,1.18823e-08
1035.6,1.18642e-08
1035.7,1.18461e-08
1035.8,1.18279e-08
1035.9,1.18098e-08
1036,1.17916e-08
1036.1,1.17735e-08
1036.2,1.17553e-08
1036.3,1.17371e-08
1036.4,1.1719e-08
1036.5,1.17008e-08
1036.6,1.16826e-08
1036.7,1.16645e-08
1036.8,1.16463e-08
1036.9,1.16281e-08
1037,1.161e-08
1037.1,1.15918e-08
1037.2,1.15737e-08
1037.3,1.15555e-08
1037.4,1.15374e-08
1037.5,1.15192e-08
1037.6,1.15011e-08
1037.7,1.14829e-08
1037.8,1.14648e-08
1037.9,1.14466e-08
1038,1.14285e-08
1038.1,1.14105e-08
1038.2,1.13924e-08
1038.3,1.13744e-08
1038.4,1.13564e-08
1038.5,1.13384e-08
1038.6,1.13204e-08
1038.7,1.13023e-08
1038.8,1.12843e-08
1038.9,1.12663e-08
1039,1.12483e-08
1039.1,1.12302e-08
1039.2,1.12122e-08
1039.3,1.11942e-08
1039.4,1.11762e-08
1039.5,1.11581e-08
1039.6,1.11401e-08
1039.7,1.1122e-08
1039.8,1.1104e-08
1039.9,1.1086e-08
1040,1.10679e-08
1040.1,1.1049e-08
1040.2,1.10301e-08
1040.3,1.10112e-08
1040.4,1.09923e-08
1040.5,1.09734e-08
1040.6,1.09545e-08
1040.7,1.09356e-08
1040.8,1.09167e-08
1040.9,1.08978e-08
1041,1.08789e-08
1041.1,1.086e-08
1041.2,1.08412e-08
1041.3,1.08223e-08
1041.4,1.08034e-08
1041.5,1.07845e-08
1041.6,1.07656e-08
1041.7,1.07467e-08
1041.8,1.07279e-08
1041.9,1.0709e-08
1042,1.06901e-08
1042.1,1.06712e-08
1042.2,1.06523e-08
1042.3,1.06335e-08
1042.4,1.06146e-08
1042.5,1.05957e-08
1042.6,1.05769e-08
1042.7,1.0558e-08
1042.8,1.05391e-08
1042.9,1.05203e-08
1043,1.05014e-08
1043.1,1.04825e-08
1043.2,1.04637e-08
1043.3,1.04448e-08
1043.4,1.0426e-08
1043.5,1.04071e-08
1043.6,1.03883e-08
1043.7,1.03694e-08
1043.8,1.03506e-08
1043.9,1.03317e-08
1044,1.03129e-08
1044.1,1.0294e-08
1044.2,1.02752e-08
1044.3,1.02563e-08
1044.4,1.02375e-08
1044.5,1.02187e-08
1044.6,1.01998e-08
1044.7,1.0181e-08
1044.8,1.01622e-08
1044.9,1.01433e-08
1045,1.01245e-08
1045.1,1.01065e-08
1045.2,1.00884e-08
1045.3,1.00704e-08
1045.4,1.00523e-08
1045.5,1.00343e-08
1045.6,1.00162e-08
1045.7,9.99819e-09
1045.8,9.98015e-09
1045.9,9.9621e-09
1046,9.94405e-09
1046.1,9.92586e-09
1046.2,9.90767e-09
1046.3,9.88948e-09
1046.4,9.87129e-09
1046.5,9.85309e-09
1046.6,9.8349e-09
1046.7,9.81671e-09
1046.8,9.79851e-09
1046.9,9.78032e-09
1047,9.76212e-09
1047.1,9.74392e-09
1047.2,9.72573e-09
1047.3,9.70753e-09
1047.4,9.68933e-09
1047.5,9.67113e-09
1047.6,9.65293e-09
1047.7,9.63472e-09
1047.8,9.61652e-09
1047.9,9.59832e-09
1048,9.58011e-09
1048.1,9.56196e-09
1048.2,9.5438e-09
1048.3,9.52564e-09
1048.4,9.50748e-09
1048.5,9.48932e-09
1048.6,9.47116e-09
1048.7,9.453e-09
1048.8,9.43483e-09
1048.9,9.41667e-09
1049,9.3985e-09
1049.1,9.38042e-09
1049.2,9.36234e-09
1049.3,9.34426e-09
1049.4,9.32618e-09
1049.5,9.3081e-09
1049.6,9.29001e-09
1049.7,9.27192e-09
1049.8,9.25384e-09
1049.9,9.23575e-09
1050,9.21766e-09
1050.1,9.19937e-09
1050.2,9.18109e-09
1050.3,9.1628e-09
1050.4,9.14452e-09
1050.5,9.12623e-09
1050.6,9.10795e-09
1050.7,9.08966e-09
1050.8,9.07137e-09
1050.9,9.05308e-09
1051,9.03479e-09
1051.1,9.0165e-09
1051.2,8.99821e-09
1051.3,8.97992e-09
1051.4,8.96163e-09
1051.5,8.94334e-09
1051.6,8.92505e-09
1051.7,8.90675e-09
1051.8,8.88846e-09
1051.9,8.87016e-09
1052,8.85187e-09
1052.1,8.83357e-09
1052.2,8.81528e-09
1052.3,8.79698e-09
1052.4,8.77868e-09
1052.5,8.76039e-09
1052.6,8.74209e-09
1052.7,8.72379e-09
1052.8,8.70549e-09
1052.9,8.68719e-09
1053,8.66889e-09
1053.1,8.65058e-09
1053.2,8.63228e-09
1053.3,8.61398e-09
1053.4,8.59567e-09
1053.5,8.57737e-09
1053.6,8.55907e-09
1053.7,8.54076e-09
1053.8,8.52245e-09
1053.9,8.50415e-09
1054,8.48584e-09
1054.1,8.46742e-09
1054.2,8.44899e-09
1054.3,8.43057e-09
1054.4,8.41214e-09
1054.5,8.39372e-09
1054.6,8.37529e-09
1054.7,8.35687e-09
1054.8,8.33844e-09
1054.9,8.32002e-09
1055,8.30159e-09
1055.1,8.28338e-09
1055.2,8.26516e-09
1055.3,8.24694e-09
1055.4,8.22872e-09
1055.5,8.2105e-09
1055.6,8.19228e-09
1055.7,8.17406e-09
1055.8,8.15583e-09
1055.9,8.13761e-09
1056,8.11938e-09
1056.1,8.10118e-09
1056.2,8.08298e-09
1056.3,8.06478e-09
1056.4,8.04658e-09
1056.5,8.02838e-09
1056.6,8.01017e-09
1056.7,7.99197e-09
1056.8,7.97376e-09
1056.9,7.95556e-09
1057,7.93735e-09
1057.1,7.91922e-09
1057.2,7.9011e-09
1057.3,7.88297e-09
1057.4,7.86485e-09
1057.5,7.84672e-09
1057.6,7.82859e-09
1057.7,7.81046e-09
1057.8,7.79232e-09
1057.9,7.77419e-09
1058,7.75605e-09
1058.1,7.73791e-09
1058.2,7.71977e-09
1058.3,7.70163e-09
1058.4,7.68349e-09
1058.5,7.66534e-09
1058.6,7.6472e-09
1058.7,7.62905e-09
1058.8,7.6109e-09
1058.9,7.59275e-09
1059,7.5746e-09
1059.1,7.55644e-09
1059.2,7.53829e-09
1059.3,7.52013e-09
1059.4,7.50197e-09
1059.5,7.48381e-09
1059.6,7.46565e-09
1059.7,7.44749e-09
1059.8,7.42932e-09
1059.9,7.41116e-09
1060,7.39299e-09
1060.1,7.37443e-09
1060.2,7.35588e-09
1060.3,7.33733e-09
1060.4,7.31877e-09
1060.5,7.30022e-09
1060.6,7.28167e-09
1060.7,7.26311e-09
1060.8,7.24456e-09
1060.9,7.22601e-09
1061,7.20746e-09
1061.1,7.18891e-09
1061.2,7.17036e-09
1061.3,7.15181e-09
1061.4,7.13326e-09
1061.5,7.11471e-09
1061.6,7.09616e-09
1061.7,7.07761e-09
1061.8,7.05906e-09
1061.9,7.04051e-09
1062,7.02197e-09
1062.1,7.00342e-09
1062.2,6.98487e-09
1062.3,6.96633e-09
1062.4,6.94778e-09
1062.5,6.92923e-09
1062.6,6.91069e-09
1062.7,6.89214e-09
1062.8,6.8736e-09
1062.9,6.85505e-09
1063,6.83651e-09
1063.1,6.81797e-09
1063.2,6.79942e-09
1063.3,6.78088e-09
1063.4,6.76234e-09
1063.5,6.74379e-09
1063.6,6.72525e-09
1063.7,6.70671e-09
1063.8,6.68817e-09
1063.9,6.66963e-09
1064,6.65109e-09
1064.1,6.63254e-09
1064.2,6.61398e-09
1064.3,6.59543e-09
1064.4,6.57688e-09
1064.5,6.55833e-09
1064.6,6.53978e-09
1064.7,6.52123e-09
1064.8,6.50268e-09
1064.9,6.48413e-09
1065,6.46558e-09
1065.1,6.44698e-09
1065.2,6.42838e-09
1065.3,6.40978e-09
1065.4,6.39118e-09
1065.5,6.37259e-09
1065.6,6.35399e-09
1065.7,6.33539e-09
1065.8,6.3168e-09
1065.9,6.29821e-09
1066,6.27961e-09
1066.1,6.26102e-09
1066.2,6.24243e-09
1066.3,6.22384e-09
1066.4,6.20525e-09
1066.5,6.18666e-09
1066.6,6.16807e-09
1066.7,6.14948e-09
1066.8,6.13089e-09
1066.9,6.11231e-09
1067,6.09372e-09
1067.1,6.07517e-09
1067.2,6.05663e-09
1067.3,6.03808e-09
1067.4,6.01954e-09
1067.5,6.00099e-09
1067.6,5.98245e-09
1067.7,5.9639e-09
1067.8,5.94536e-09
1067.9,5.92682e-09
1068,5.90827e-09
1068.1,5.88978e-09
1068.2,5.87129e-09
1068.3,5.85279e-09
1068.4,5.8343e-09
1068.5,5.81581e-09
1068.6,5.79731e-09
1068.7,5.77882e-09
1068.8,5.76033e-09
1068.9,5.74184e-09
1069,5.72335e-09
1069.1,5.70485e-09
1069.2,5.68636e-09
1069.3,5.66787e-09
1069.4,5.64938e-09
1069.5,5.63089e-09
1069.6,5.6124e-09
1069.7,5.59391e-09
1069.8,5.57542e-09
1069.9,5.55693e-09
1070,5.53844e-09
1070.1,5.52018e-09
1070.2,5.50193e-09
1070.3,5.48367e-09
1070.4,5.46542e-09
1070.5,5.44716e-09
1070.6,5.4289e-09
1070.7,5.41064e-09
1070.8,5.39238e-09
1070.9,5.37411e-09
1071,5.35585e-09
1071.1,5.33758e-09
1071.2,5.31931e-09
1071.3,5.30105e-09
1071.4,5.28277e-09
1071.5,5.2645e-09
1071.6,5.24623e-09
1071.7,5.22795e-09
1071.8,5.20968e-09
1071.9,5.1914e-09
1072,5.17312e-09
1072.1,5.15484e-09
1072.2,5.13656e-09
1072.3,5.11827e-09
1072.4,5.09998e-09
1072.5,5.0817e-09
1072.6,5.06341e-09
1072.7,5.04512e-09
1072.8,5.02682e-09
1072.9,5.00853e-09
1073,4.99024e-09
1073.1,4.97187e-09
1073.2,4.9535e-09
1073.3,4.93513e-09
1073.4,4.91677e-09
1073.5,4.8984e-09
1073.6,4.88002e-09
1073.7,4.86165e-09
1073.8,4.84328e-09
1073.9,4.82491e-09
1074,4.80653e-09
1074.1,4.78816e-09
1074.2,4.76978e-09
1074.3,4.75141e-09
1074.4,4.73303e-09
1074.5,4.71465e-09
1074.6,4.69627e-09
1074.7,4.67789e-09
1074.8,4.65951e-09
1074.9,4.64113e-09
1075,4.62275e-09
1075.1,4.60428e-09
1075.2,4.58581e-09
1075.3,4.56734e-09
1075.4,4.54888e-09
1075.5,4.53041e-09
1075.6,4.51194e-09
1075.7,4.49347e-09
1075.8,4.47501e-09
1075.9,4.45654e-09
1076,4.43807e-09
1076.1,4.41956e-09
1076.2,4.40104e-09
1076.3,4.38253e-09
1076.4,4.36402e-09
1076.5,4.34551e-09
1076.6,4.327e-09
1076.7,4.30849e-09
1076.8,4.28998e-09
1076.9,4.27147e-09
1077,4.25296e-09
1077.1,4.23445e-09
1077.2,4.21594e-09
1077.3,4.19743e-09
1077.4,4.17892e-09
1077.5,4.16041e-09
1077.6,4.1419e-09
1077.7,4.12339e-09
1077.8,4.10488e-09
1077.9,4.08637e-09
1078,4.06786e-09
1078.1,4.04946e-09
1078.2,4.03106e-09
1078.3,4.01266e-09
1078.4,3.99426e-09
1078.5,3.97586e-09
1078.6,3.95745e-09
1078.7,3.93905e-09
1078.8,3.92064e-09
1078.9,3.90224e-09
1079,3.88383e-09
1079.1,3.86549e-09
1079.2,3.84714e-09
1079.3,3.8288e-09
1079.4,3.81045e-09
1079.5,3.7921e-09
1079.6,3.77375e-09
1079.7,3.75539e-09
1079.8,3.73704e-09
1079.9,3.71869e-09
1080,3.70033e-09
1080.1,3.68227e-09
1080.2,3.6642e-09
1080.3,3.64612e-09
1080.4,3.62805e-09
1080.5,3.60997e-09
1080.6,3.59188e-09
1080.7,3.57379e-09
1080.8,3.5557e-09
1080.9,3.5376e-09
1081,3.51949e-09
1081.1,3.50134e-09
1081.2,3.48318e-09
1081.3,3.46502e-09
1081.4,3.44685e-09
1081.5,3.42868e-09
1081.6,3.41051e-09
1081.7,3.39233e-09
1081.8,3.37415e-09
1081.9,3.35597e-09
1082,3.33778e-09
1082.1,3.31958e-09
1082.2,3.30138e-09
1082.3,3.28318e-09
1082.4,3.26497e-09
1082.5,3.24676e-09
1082.6,3.22854e-09
1082.7,3.21032e-09
1082.8,3.1921e-09
1082.9,3.17387e-09
1083,3.15564e-09
1083.1,3.13739e-09
1083.2,3.11914e-09
1083.3,3.10089e-09
1083.4,3.08263e-09
1083.5,3.06437e-09
1083.6,3.04611e-09
1083.7,3.02784e-09
1083.8,3.00957e-09
1083.9,2.9913e-09
1084,2.97302e-09
1084.1,2.9547e-09
1084.2,2.93638e-09
1084.3,2.91806e-09
1084.4,2.89973e-09
1084.5,2.8814e-09
1084.6,2.86307e-09
1084.7,2.84473e-09
1084.8,2.8264e-09
1084.9,2.80805e-09
1085,2.78971e-09
1085.1,2.77118e-09
1085.2,2.75265e-09
1085.3,2.73413e-09
1085.4,2.7156e-09
1085.5,2.69707e-09
1085.6,2.67854e-09
1085.7,2.66001e-09
1085.8,2.64147e-09
1085.9,2.62294e-09
1086,2.60441e-09
1086.1,2.58589e-09
1086.2,2.56737e-09
1086.3,2.54885e-09
1086.4,2.53033e-09
1086.5,2.51181e-09
1086.6,2.49329e-09
1086.7,2.47477e-09
1086.8,2.45624e-09
1086.9,2.43772e-09
1087,2.41919e-09
1087.1,2.40068e-09
1087.2,2.38216e-09
1087.3,2.36365e-09
1087.4,2.34513e-09
1087.5,2.32662e-09
1087.6,2.3081e-09
1087.7,2.28958e-09
1087.8,2.27105e-09
1087.9,2.25253e-09
1088,2.234e-09
1088.1,2.21548e-09
1088.2,2.19695e-09
1088.3,2.17842e-09
1088.4,2.15989e-09
1088.5,2.14136e-09
1088.6,2.12282e-09
1088.7,2.10429e-09
1088.8,2.08575e-09
1088.9,2.06721e-09
1089,2.04867e-09
1089.1,2.03013e-09
1089.2,2.01158e-09
1089.3,1.99304e-09
1089.4,1.97449e-09
1089.5,1.95594e-09
1089.6,1.93739e-09
1089.7,1.91884e-09
1089.8,1.90029e-09
1089.9,1.88174e-09
1090,1.86318e-09
1090.1,1.84459e-09
1090.2,1.826e-09
1090.3,1.80741e-09
1090.4,1.78881e-09
1090.5,1.77022e-09
1090.6,1.75162e-09
1090.7,1.73302e-09
1090.8,1.71443e-09
1090.9,1.69583e-09
1091,1.67723e-09
1091.1,1.65863e-09
1091.2,1.64003e-09
1091.3,1.62142e-09
1091.4,1.60282e-09
1091.5,1.58421e-09
1091.6,1.56561e-09
1091.7,1.547e-09
1091.8,1.52839e-09
1091.9,1.50978e-09
1092,1.49117e-09
1092.1,1.47255e-09
1092.2,1.45392e-09
1092.3,1.43529e-09
1092.4,1.41666e-09
1092.5,1.39803e-09
1092.6,1.3794e-09
1092.7,1.36077e-09
1092.8,1.34214e-09
1092.9,1.3235e-09
1093,1.30487e-09
1093.1,1.28624e-09
1093.2,1.26761e-09
1093.3,1.24898e-09
1093.4,1.23035e-09
1093.5,1.21171e-09
1093.6,1.19308e-09
1093.7,1.17445e-09
1093.8,1.15581e-09
1093.9,1.13718e-09
1094,1.11855e-09
1094.1,1.09992e-09
1094.2,1.08129e-09
1094.3,1.06266e-09
1094.4,1.04403e-09
1094.5,1.0254e-09
1094.6,1.00677e-09
1094.7,9.8814e-10
1094.8,9.69509e-10
1094.9,9.50877e-10
1095,9.32245e-10
1095.1,9.13524e-10
1095.2,8.94807e-10
1095.3,8.76093e-10
1095.4,8.57382e-10
1095.5,8.38674e-10
1095.6,8.1997e-10
1095.7,8.01268e-10
1095.8,7.82569e-10
1095.9,7.63874e-10
1096,7.45181e-10
1096.1,7.26492e-10
1096.2,7.07805e-10
1096.3,6.89122e-10
1096.4,6.70442e-10
1096.5,6.51765e-10
1096.6,6.33091e-10
1096.7,6.1442e-10
1096.8,5.95752e-10
1096.9,5.77087e-10
1097,5.58425e-10
1097.1,5.39766e-10
1097.2,5.21111e-10
1097.3,5.02458e-10
1097.4,4.83809e-10
1097.5,4.65162e-10
1097.6,4.46519e-10
1097.7,4.27879e-10
1097.8,4.09241e-10
1097.9,3.90607e-10
1098,3.71976e-10
1098.1,3.53348e-10
1098.2,3.34723e-10
1098.3,3.16102e-10
1098.4,2.97483e-10
1098.5,2.78867e-10
1098.6,2.60254e-10
1098.7,2.41645e-10
1098.8,2.23038e-10
1098.9,2.04435e-10
1099,1.85835e-10
1099.1,1.67237e-10
1099.2,1.48643e-10
1099.3,1.30052e-10
1099.4,1.11464e-10
1099.5,9.2879e-11
1099.6,7.42971e-11
1099.7,5.57182e-11
1099.8,3.71424e-11
1099.9,1.85697e-11
1100,0
