# WCC W1 Ha_2nm: telescope + WCC throughput, EOL, with 5% telescope and 5% WCC reserve
wavelength_nm,throughput_EOL_TelWCC
300,0
300.1,0
300.2,0
300.3,0
300.4,0
300.5,0
300.6,0
300.7,0
300.8,0
300.9,0
301,0
301.1,0
301.2,0
301.3,0
301.4,0
301.5,0
301.6,0
301.7,0
301.8,0
301.9,0
302,0
302.1,0
302.2,0
302.3,0
302.4,0
302.5,0
302.6,0
302.7,0
302.8,0
302.9,0
303,0
303.1,1.06341e-14
303.2,2.15228e-14
303.3,3.26692e-14
303.4,4.40765e-14
303.5,5.57479e-14
303.6,6.76864e-14
303.7,7.98953e-14
303.8,9.23778e-14
303.9,1.05137e-13
304,1.18176e-13
304.1,1.19588e-13
304.2,1.21012e-13
304.3,1.22447e-13
304.4,1.23895e-13
304.5,1.25354e-13
304.6,1.26825e-13
304.7,1.28309e-13
304.8,1.29804e-13
304.9,1.31312e-13
305,1.32832e-13
305.1,1.32554e-13
305.2,1.32276e-13
305.3,1.31998e-13
305.4,1.3172e-13
305.5,1.31442e-13
305.6,1.31165e-13
305.7,1.30887e-13
305.8,1.30611e-13
305.9,1.30334e-13
306,1.30057e-13
306.1,1.2978e-13
306.2,1.29502e-13
306.3,1.29225e-13
306.4,1.28948e-13
306.5,1.28671e-13
306.6,1.28394e-13
306.7,1.28118e-13
306.8,1.27842e-13
306.9,1.27566e-13
307,1.2729e-13
307.1,1.271e-13
307.2,1.2691e-13
307.3,1.2672e-13
307.4,1.2653e-13
307.5,1.26339e-13
307.6,1.26148e-13
307.7,1.25957e-13
307.8,1.25766e-13
307.9,1.25575e-13
308,1.25383e-13
308.1,1.25253e-13
308.2,1.25122e-13
308.3,1.24991e-13
308.4,1.24859e-13
308.5,1.24727e-13
308.6,1.24595e-13
308.7,1.24461e-13
308.8,1.24328e-13
308.9,1.24194e-13
309,1.24059e-13
309.1,1.23924e-13
309.2,1.23789e-13
309.3,1.23653e-13
309.4,1.23517e-13
309.5,1.2338e-13
309.6,1.23243e-13
309.7,1.23106e-13
309.8,1.22967e-13
309.9,1.22829e-13
310,1.2269e-13
310.1,1.23022e-13
310.2,1.23354e-13
310.3,1.23687e-13
310.4,1.2402e-13
310.5,1.24354e-13
310.6,1.24688e-13
310.7,1.25024e-13
310.8,1.25359e-13
310.9,1.25696e-13
311,1.26033e-13
311.1,1.2637e-13
311.2,1.26708e-13
311.3,1.27047e-13
311.4,1.27387e-13
311.5,1.27726e-13
311.6,1.28067e-13
311.7,1.28408e-13
311.8,1.2875e-13
311.9,1.29092e-13
312,1.29435e-13
312.1,1.29657e-13
312.2,1.29879e-13
312.3,1.30101e-13
312.4,1.30323e-13
312.5,1.30546e-13
312.6,1.30769e-13
312.7,1.30993e-13
312.8,1.31216e-13
312.9,1.3144e-13
313,1.31665e-13
313.1,1.31672e-13
313.2,1.3168e-13
313.3,1.31687e-13
313.4,1.31694e-13
313.5,1.317e-13
313.6,1.31707e-13
313.7,1.31713e-13
313.8,1.31719e-13
313.9,1.31725e-13
314,1.3173e-13
314.1,1.31736e-13
314.2,1.31741e-13
314.3,1.31745e-13
314.4,1.3175e-13
314.5,1.31754e-13
314.6,1.31759e-13
314.7,1.31762e-13
314.8,1.31766e-13
314.9,1.3177e-13
315,1.31773e-13
315.1,1.35553e-13
315.2,1.39402e-13
315.3,1.4332e-13
315.4,1.47309e-13
315.5,1.51368e-13
315.6,1.55498e-13
315.7,1.59699e-13
315.8,1.63973e-13
315.9,1.68319e-13
316,1.72739e-13
316.1,1.77232e-13
316.2,1.81799e-13
316.3,1.86441e-13
316.4,1.91157e-13
316.5,1.9595e-13
316.6,2.00818e-13
316.7,2.05762e-13
316.8,2.10784e-13
316.9,2.15883e-13
317,2.2106e-13
317.1,2.26361e-13
317.2,2.31744e-13
317.3,2.37208e-13
317.4,2.42754e-13
317.5,2.48382e-13
317.6,2.54094e-13
317.7,2.5989e-13
317.8,2.65769e-13
317.9,2.71734e-13
318,2.77783e-13
318.1,2.84031e-13
318.2,2.90371e-13
318.3,2.96802e-13
318.4,3.03326e-13
318.5,3.09944e-13
318.6,3.16655e-13
318.7,3.2346e-13
318.8,3.30361e-13
318.9,3.37357e-13
319,3.44449e-13
319.1,3.51638e-13
319.2,3.58925e-13
319.3,3.66309e-13
319.4,3.73792e-13
319.5,3.81375e-13
319.6,3.89057e-13
319.7,3.96839e-13
319.8,4.04723e-13
319.9,4.12708e-13
320,4.20795e-13
320.1,4.21439e-13
320.2,4.22083e-13
320.3,4.22727e-13
320.4,4.23372e-13
320.5,4.24017e-13
320.6,4.24662e-13
320.7,4.25307e-13
320.8,4.25953e-13
320.9,4.26599e-13
321,4.27245e-13
321.1,4.27898e-13
321.2,4.28552e-13
321.3,4.29206e-13
321.4,4.29861e-13
321.5,4.30515e-13
321.6,4.3117e-13
321.7,4.31826e-13
321.8,4.32481e-13
321.9,4.33137e-13
322,4.33793e-13
322.1,4.34656e-13
322.2,4.3552e-13
322.3,4.36385e-13
322.4,4.37251e-13
322.5,4.38118e-13
322.6,4.38987e-13
322.7,4.39856e-13
322.8,4.40727e-13
322.9,4.41599e-13
323,4.42472e-13
323.1,4.43569e-13
323.2,4.44667e-13
323.3,4.45768e-13
323.4,4.4687e-13
323.5,4.47975e-13
323.6,4.49082e-13
323.7,4.50191e-13
323.8,4.51303e-13
323.9,4.52416e-13
324,4.53532e-13
324.1,4.54636e-13
324.2,4.55743e-13
324.3,4.56852e-13
324.4,4.57962e-13
324.5,4.59075e-13
324.6,4.6019e-13
324.7,4.61307e-13
324.8,4.62427e-13
324.9,4.63548e-13
325,4.64672e-13
325.1,4.85393e-13
325.2,5.0673e-13
325.3,5.28691e-13
325.4,5.51287e-13
325.5,5.74526e-13
325.6,5.98418e-13
325.7,6.22973e-13
325.8,6.48201e-13
325.9,6.7411e-13
326,7.00711e-13
326.1,7.28013e-13
326.2,7.56025e-13
326.3,7.84759e-13
326.4,8.14222e-13
326.5,8.44425e-13
326.6,8.75377e-13
326.7,9.07089e-13
326.8,9.3957e-13
326.9,9.7283e-13
327,1.00688e-12
327.1,1.04316e-12
327.2,1.08034e-12
327.3,1.11845e-12
327.4,1.15748e-12
327.5,1.19746e-12
327.6,1.2384e-12
327.7,1.28031e-12
327.8,1.32321e-12
327.9,1.3671e-12
328,1.41201e-12
328.1,1.45971e-12
328.2,1.50856e-12
328.3,1.55857e-12
328.4,1.60977e-12
328.5,1.66216e-12
328.6,1.71577e-12
328.7,1.77062e-12
328.8,1.82672e-12
328.9,1.88409e-12
329,1.94275e-12
329.1,2.00273e-12
329.2,2.06402e-12
329.3,2.12667e-12
329.4,2.19067e-12
329.5,2.25606e-12
329.6,2.32285e-12
329.7,2.39105e-12
329.8,2.46069e-12
329.9,2.53179e-12
330,2.60437e-12
330.1,2.78085e-12
330.2,2.96547e-12
330.3,3.15845e-12
330.4,3.36e-12
330.5,3.57034e-12
330.6,3.78967e-12
330.7,4.01823e-12
330.8,4.25624e-12
330.9,4.50391e-12
331,4.76147e-12
331.1,5.02915e-12
331.2,5.30718e-12
331.3,5.59578e-12
331.4,5.8952e-12
331.5,6.20566e-12
331.6,6.5274e-12
331.7,6.86066e-12
331.8,7.20568e-12
331.9,7.56269e-12
332,7.93196e-12
332.1,8.32299e-12
332.2,8.72759e-12
332.3,9.14604e-12
332.4,9.57864e-12
332.5,1.00257e-11
332.6,1.04874e-11
332.7,1.09642e-11
332.8,1.14563e-11
332.9,1.1964e-11
333,1.24877e-11
333.1,1.30593e-11
333.2,1.36498e-11
333.3,1.42599e-11
333.4,1.48897e-11
333.5,1.55398e-11
333.6,1.62106e-11
333.7,1.69025e-11
333.8,1.76159e-11
333.9,1.83513e-11
334,1.91091e-11
334.1,1.98898e-11
334.2,2.06937e-11
334.3,2.15214e-11
334.4,2.23733e-11
334.5,2.32498e-11
334.6,2.41515e-11
334.7,2.50788e-11
334.8,2.60321e-11
334.9,2.7012e-11
335,2.8019e-11
335.1,2.88645e-11
335.2,2.9729e-11
335.3,3.06127e-11
335.4,3.1516e-11
335.5,3.24391e-11
335.6,3.33823e-11
335.7,3.43459e-11
335.8,3.53302e-11
335.9,3.63355e-11
336,3.7362e-11
336.1,3.84103e-11
336.2,3.94804e-11
336.3,4.05728e-11
336.4,4.16876e-11
336.5,4.28253e-11
336.6,4.39862e-11
336.7,4.51704e-11
336.8,4.63785e-11
336.9,4.76106e-11
337,4.88671e-11
337.1,5.01542e-11
337.2,5.14667e-11
337.3,5.28047e-11
337.4,5.41688e-11
337.5,5.55591e-11
337.6,5.69761e-11
337.7,5.84201e-11
337.8,5.98915e-11
337.9,6.13905e-11
338,6.29176e-11
338.1,6.45476e-11
338.2,6.62093e-11
338.3,6.79031e-11
338.4,6.96295e-11
338.5,7.13888e-11
338.6,7.31814e-11
338.7,7.50079e-11
338.8,7.68686e-11
338.9,7.8764e-11
339,8.06944e-11
339.1,8.26604e-11
339.2,8.46624e-11
339.3,8.67008e-11
339.4,8.87761e-11
339.5,9.08887e-11
339.6,9.30391e-11
339.7,9.52277e-11
339.8,9.7455e-11
339.9,9.97215e-11
340,1.02028e-10
340.1,1.03654e-10
340.2,1.05301e-10
340.3,1.06966e-10
340.4,1.08652e-10
340.5,1.10357e-10
340.6,1.12082e-10
340.7,1.13828e-10
340.8,1.15593e-10
340.9,1.17379e-10
341,1.19186e-10
341.1,1.21012e-10
341.2,1.2286e-10
341.3,1.24728e-10
341.4,1.26618e-10
341.5,1.28529e-10
341.6,1.30462e-10
341.7,1.32416e-10
341.8,1.34393e-10
341.9,1.36391e-10
342,1.38412e-10
342.1,1.40485e-10
342.2,1.42581e-10
342.3,1.44701e-10
342.4,1.46844e-10
342.5,1.49011e-10
342.6,1.51202e-10
342.7,1.53416e-10
342.8,1.55655e-10
342.9,1.57919e-10
343,1.60207e-10
343.1,1.62721e-10
343.2,1.65264e-10
343.3,1.67836e-10
343.4,1.70438e-10
343.5,1.73068e-10
343.6,1.75729e-10
343.7,1.7842e-10
343.8,1.8114e-10
343.9,1.83892e-10
344,1.86673e-10
344.1,1.89487e-10
344.2,1.92331e-10
344.3,1.95207e-10
344.4,1.98114e-10
344.5,2.01054e-10
344.6,2.04025e-10
344.7,2.07028e-10
344.8,2.10064e-10
344.9,2.13133e-10
345,2.16235e-10
345.1,2.1836e-10
345.2,2.20498e-10
345.3,2.2265e-10
345.4,2.24815e-10
345.5,2.26994e-10
345.6,2.29186e-10
345.7,2.31392e-10
345.8,2.33612e-10
345.9,2.35845e-10
346,2.38092e-10
346.1,2.4035e-10
346.2,2.42622e-10
346.3,2.44907e-10
346.4,2.47207e-10
346.5,2.4952e-10
346.6,2.51848e-10
346.7,2.5419e-10
346.8,2.56546e-10
346.9,2.58916e-10
347,2.61301e-10
347.1,2.6375e-10
347.2,2.66213e-10
347.3,2.68692e-10
347.4,2.71185e-10
347.5,2.73694e-10
347.6,2.76217e-10
347.7,2.78756e-10
347.8,2.8131e-10
347.9,2.83879e-10
348,2.86464e-10
348.1,2.89275e-10
348.2,2.92103e-10
348.3,2.94948e-10
348.4,2.97811e-10
348.5,3.00691e-10
348.6,3.03588e-10
348.7,3.06504e-10
348.8,3.09437e-10
348.9,3.12387e-10
349,3.15356e-10
349.1,3.18435e-10
349.2,3.21534e-10
349.3,3.24652e-10
349.4,3.27791e-10
349.5,3.30949e-10
349.6,3.34127e-10
349.7,3.37326e-10
349.8,3.40544e-10
349.9,3.43783e-10
350,3.47042e-10
350.1,3.49543e-10
350.2,3.52052e-10
350.3,3.5457e-10
350.4,3.57097e-10
350.5,3.59633e-10
350.6,3.62179e-10
350.7,3.64733e-10
350.8,3.67296e-10
350.9,3.69869e-10
351,3.7245e-10
351.1,3.75045e-10
351.2,3.77648e-10
351.3,3.80261e-10
351.4,3.82883e-10
351.5,3.85514e-10
351.6,3.88155e-10
351.7,3.90804e-10
351.8,3.93464e-10
351.9,3.96132e-10
352,3.9881e-10
352.1,4.01616e-10
352.2,4.04433e-10
352.3,4.07259e-10
352.4,4.10095e-10
352.5,4.12941e-10
352.6,4.15798e-10
352.7,4.18664e-10
352.8,4.2154e-10
352.9,4.24427e-10
353,4.27324e-10
353.1,4.30584e-10
353.2,4.33856e-10
353.3,4.37139e-10
353.4,4.40435e-10
353.5,4.43742e-10
353.6,4.47061e-10
353.7,4.50392e-10
353.8,4.53735e-10
353.9,4.5709e-10
354,4.60456e-10
354.1,4.63829e-10
354.2,4.67213e-10
354.3,4.70609e-10
354.4,4.74018e-10
354.5,4.77438e-10
354.6,4.8087e-10
354.7,4.84315e-10
354.8,4.87771e-10
354.9,4.9124e-10
355,4.9472e-10
355.1,4.97593e-10
355.2,5.0047e-10
355.3,5.03352e-10
355.4,5.06239e-10
355.5,5.0913e-10
355.6,5.12027e-10
355.7,5.14928e-10
355.8,5.17834e-10
355.9,5.20745e-10
356,5.23661e-10
356.1,5.26583e-10
356.2,5.2951e-10
356.3,5.32442e-10
356.4,5.35379e-10
356.5,5.38321e-10
356.6,5.41267e-10
356.7,5.44219e-10
356.8,5.47175e-10
356.9,5.50137e-10
357,5.53103e-10
357.1,5.56255e-10
357.2,5.59412e-10
357.3,5.62575e-10
357.4,5.65742e-10
357.5,5.68916e-10
357.6,5.72094e-10
357.7,5.75278e-10
357.8,5.78467e-10
357.9,5.81661e-10
358,5.84861e-10
358.1,5.88463e-10
358.2,5.92072e-10
358.3,5.95686e-10
358.4,5.99307e-10
358.5,6.02933e-10
358.6,6.06566e-10
358.7,6.10205e-10
358.8,6.1385e-10
358.9,6.17501e-10
359,6.21158e-10
359.1,6.24821e-10
359.2,6.28491e-10
359.3,6.32166e-10
359.4,6.35848e-10
359.5,6.39536e-10
359.6,6.4323e-10
359.7,6.46931e-10
359.8,6.50637e-10
359.9,6.5435e-10
360,6.58069e-10
360.1,6.61219e-10
360.2,6.64369e-10
360.3,6.6752e-10
360.4,6.70672e-10
360.5,6.73823e-10
360.6,6.76975e-10
360.7,6.80127e-10
360.8,6.8328e-10
360.9,6.86432e-10
361,6.89585e-10
361.1,6.92739e-10
361.2,6.95893e-10
361.3,6.99047e-10
361.4,7.02201e-10
361.5,7.05356e-10
361.6,7.08511e-10
361.7,7.11666e-10
361.8,7.14822e-10
361.9,7.17978e-10
362,7.21134e-10
362.1,7.24319e-10
362.2,7.27505e-10
362.3,7.3069e-10
362.4,7.33876e-10
362.5,7.37062e-10
362.6,7.40249e-10
362.7,7.43435e-10
362.8,7.46622e-10
362.9,7.49809e-10
363,7.52997e-10
363.1,7.56571e-10
363.2,7.60146e-10
363.3,7.63721e-10
363.4,7.67296e-10
363.5,7.70872e-10
363.6,7.74447e-10
363.7,7.78023e-10
363.8,7.816e-10
363.9,7.85176e-10
364,7.88753e-10
364.1,7.9233e-10
364.2,7.95907e-10
364.3,7.99485e-10
364.4,8.03062e-10
364.5,8.0664e-10
364.6,8.10219e-10
364.7,8.13797e-10
364.8,8.17376e-10
364.9,8.20955e-10
365,8.24534e-10
365.1,8.28192e-10
365.2,8.31852e-10
365.3,8.35512e-10
365.4,8.39173e-10
365.5,8.42835e-10
365.6,8.46499e-10
365.7,8.50163e-10
365.8,8.53828e-10
365.9,8.57494e-10
366,8.6116e-10
366.1,8.64828e-10
366.2,8.68497e-10
366.3,8.72167e-10
366.4,8.75837e-10
366.5,8.79509e-10
366.6,8.83181e-10
366.7,8.86855e-10
366.8,8.90529e-10
366.9,8.94204e-10
367,8.97881e-10
367.1,9.01563e-10
367.2,9.05247e-10
367.3,9.08932e-10
367.4,9.12618e-10
367.5,9.16305e-10
367.6,9.19992e-10
367.7,9.23681e-10
367.8,9.27371e-10
367.9,9.31061e-10
368,9.34753e-10
368.1,9.38579e-10
368.2,9.42406e-10
368.3,9.46235e-10
368.4,9.50064e-10
368.5,9.53895e-10
368.6,9.57726e-10
368.7,9.61559e-10
368.8,9.65392e-10
368.9,9.69227e-10
369,9.73063e-10
369.1,9.76919e-10
369.2,9.80776e-10
369.3,9.84634e-10
369.4,9.88494e-10
369.5,9.92354e-10
369.6,9.96215e-10
369.7,1.00008e-09
369.8,1.00394e-09
369.9,1.00781e-09
370,1.01167e-09
370.1,1.0159e-09
370.2,1.02012e-09
370.3,1.02435e-09
370.4,1.02859e-09
370.5,1.03283e-09
370.6,1.03707e-09
370.7,1.04132e-09
370.8,1.04557e-09
370.9,1.04982e-09
371,1.05408e-09
371.1,1.05834e-09
371.2,1.0626e-09
371.3,1.06687e-09
371.4,1.07114e-09
371.5,1.07541e-09
371.6,1.07969e-09
371.7,1.08397e-09
371.8,1.08826e-09
371.9,1.09255e-09
372,1.09684e-09
372.1,1.10114e-09
372.2,1.10544e-09
372.3,1.10974e-09
372.4,1.11405e-09
372.5,1.11837e-09
372.6,1.12268e-09
372.7,1.127e-09
372.8,1.13133e-09
372.9,1.13566e-09
373,1.13999e-09
373.1,1.14469e-09
373.2,1.14939e-09
373.3,1.1541e-09
373.4,1.15882e-09
373.5,1.16353e-09
373.6,1.16826e-09
373.7,1.17298e-09
373.8,1.17771e-09
373.9,1.18245e-09
374,1.18719e-09
374.1,1.19196e-09
374.2,1.19674e-09
374.3,1.20152e-09
374.4,1.20631e-09
374.5,1.2111e-09
374.6,1.21589e-09
374.7,1.22069e-09
374.8,1.2255e-09
374.9,1.23031e-09
375,1.23512e-09
375.1,1.24134e-09
375.2,1.24759e-09
375.3,1.25384e-09
375.4,1.26012e-09
375.5,1.26641e-09
375.6,1.27271e-09
375.7,1.27904e-09
375.8,1.28538e-09
375.9,1.29173e-09
376,1.2981e-09
376.1,1.3045e-09
376.2,1.31092e-09
376.3,1.31735e-09
376.4,1.32381e-09
376.5,1.33027e-09
376.6,1.33676e-09
376.7,1.34326e-09
376.8,1.34977e-09
376.9,1.35631e-09
377,1.36286e-09
377.1,1.36943e-09
377.2,1.37601e-09
377.3,1.38261e-09
377.4,1.38923e-09
377.5,1.39587e-09
377.6,1.40252e-09
377.7,1.40919e-09
377.8,1.41588e-09
377.9,1.42258e-09
378,1.4293e-09
378.1,1.43581e-09
378.2,1.44234e-09
378.3,1.44888e-09
378.4,1.45544e-09
378.5,1.46201e-09
378.6,1.4686e-09
378.7,1.47521e-09
378.8,1.48183e-09
378.9,1.48847e-09
379,1.49513e-09
379.1,1.50179e-09
379.2,1.50847e-09
379.3,1.51516e-09
379.4,1.52187e-09
379.5,1.5286e-09
379.6,1.53534e-09
379.7,1.5421e-09
379.8,1.54888e-09
379.9,1.55567e-09
380,1.56248e-09
380.1,1.57076e-09
380.2,1.57906e-09
380.3,1.58739e-09
380.4,1.59575e-09
380.5,1.60414e-09
380.6,1.61256e-09
380.7,1.62101e-09
380.8,1.62948e-09
380.9,1.63799e-09
381,1.64653e-09
381.1,1.65511e-09
381.2,1.66373e-09
381.3,1.67238e-09
381.4,1.68106e-09
381.5,1.68977e-09
381.6,1.69851e-09
381.7,1.70727e-09
381.8,1.71607e-09
381.9,1.7249e-09
382,1.73376e-09
382.1,1.74264e-09
382.2,1.75154e-09
382.3,1.76048e-09
382.4,1.76944e-09
382.5,1.77844e-09
382.6,1.78747e-09
382.7,1.79652e-09
382.8,1.80561e-09
382.9,1.81473e-09
383,1.82389e-09
383.1,1.83252e-09
383.2,1.84118e-09
383.3,1.84987e-09
383.4,1.85858e-09
383.5,1.86733e-09
383.6,1.87611e-09
383.7,1.88491e-09
383.8,1.89374e-09
383.9,1.9026e-09
384,1.91149e-09
384.1,1.92039e-09
384.2,1.92932e-09
384.3,1.93827e-09
384.4,1.94726e-09
384.5,1.95627e-09
384.6,1.96532e-09
384.7,1.97439e-09
384.8,1.98349e-09
384.9,1.99262e-09
385,2.00178e-09
385.1,2.00982e-09
385.2,2.01789e-09
385.3,2.02597e-09
385.4,2.03408e-09
385.5,2.0422e-09
385.6,2.05035e-09
385.7,2.05852e-09
385.8,2.06671e-09
385.9,2.07492e-09
386,2.08316e-09
386.1,2.09141e-09
386.2,2.09969e-09
386.3,2.10799e-09
386.4,2.11631e-09
386.5,2.12465e-09
386.6,2.13302e-09
386.7,2.1414e-09
386.8,2.14981e-09
386.9,2.15824e-09
387,2.16669e-09
387.1,2.17512e-09
387.2,2.18357e-09
387.3,2.19204e-09
387.4,2.20054e-09
387.5,2.20905e-09
387.6,2.21759e-09
387.7,2.22615e-09
387.8,2.23474e-09
387.9,2.24334e-09
388,2.25197e-09
388.1,2.26016e-09
388.2,2.26837e-09
388.3,2.27661e-09
388.4,2.28486e-09
388.5,2.29314e-09
388.6,2.30143e-09
388.7,2.30975e-09
388.8,2.31808e-09
388.9,2.32644e-09
389,2.33482e-09
389.1,2.34322e-09
389.2,2.35164e-09
389.3,2.36008e-09
389.4,2.36854e-09
389.5,2.37702e-09
389.6,2.38552e-09
389.7,2.39405e-09
389.8,2.40259e-09
389.9,2.41116e-09
390,2.41975e-09
390.1,2.42726e-09
390.2,2.43479e-09
390.3,2.44233e-09
390.4,2.44989e-09
390.5,2.45746e-09
390.6,2.46505e-09
390.7,2.47265e-09
390.8,2.48027e-09
390.9,2.4879e-09
391,2.49554e-09
391.1,2.50321e-09
391.2,2.51088e-09
391.3,2.51858e-09
391.4,2.52628e-09
391.5,2.53401e-09
391.6,2.54174e-09
391.7,2.5495e-09
391.8,2.55727e-09
391.9,2.56505e-09
392,2.57285e-09
392.1,2.58066e-09
392.2,2.58849e-09
392.3,2.59634e-09
392.4,2.6042e-09
392.5,2.61207e-09
392.6,2.61996e-09
392.7,2.62787e-09
392.8,2.63579e-09
392.9,2.64373e-09
393,2.65168e-09
393.1,2.65894e-09
393.2,2.66621e-09
393.3,2.6735e-09
393.4,2.6808e-09
393.5,2.68812e-09
393.6,2.69544e-09
393.7,2.70279e-09
393.8,2.71014e-09
393.9,2.71751e-09
394,2.72489e-09
394.1,2.73218e-09
394.2,2.73948e-09
394.3,2.7468e-09
394.4,2.75413e-09
394.5,2.76147e-09
394.6,2.76883e-09
394.7,2.7762e-09
394.8,2.78358e-09
394.9,2.79097e-09
395,2.79838e-09
395.1,2.80527e-09
395.2,2.81216e-09
395.3,2.81907e-09
395.4,2.82598e-09
395.5,2.83291e-09
395.6,2.83985e-09
395.7,2.8468e-09
395.8,2.85376e-09
395.9,2.86074e-09
396,2.86772e-09
396.1,2.87472e-09
396.2,2.88172e-09
396.3,2.88874e-09
396.4,2.89577e-09
396.5,2.90281e-09
396.6,2.90987e-09
396.7,2.91693e-09
396.8,2.92401e-09
396.9,2.93109e-09
397,2.93819e-09
397.1,2.9453e-09
397.2,2.95242e-09
397.3,2.95956e-09
397.4,2.9667e-09
397.5,2.97386e-09
397.6,2.98103e-09
397.7,2.98821e-09
397.8,2.9954e-09
397.9,3.0026e-09
398,3.00981e-09
398.1,3.01668e-09
398.2,3.02356e-09
398.3,3.03044e-09
398.4,3.03734e-09
398.5,3.04425e-09
398.6,3.05117e-09
398.7,3.0581e-09
398.8,3.06504e-09
398.9,3.07199e-09
399,3.07895e-09
399.1,3.08573e-09
399.2,3.09252e-09
399.3,3.09931e-09
399.4,3.10612e-09
399.5,3.11294e-09
399.6,3.11977e-09
399.7,3.12661e-09
399.8,3.13346e-09
399.9,3.14032e-09
400,3.14719e-09
400.1,3.15272e-09
400.2,3.15825e-09
400.3,3.16379e-09
400.4,3.16934e-09
400.5,3.17489e-09
400.6,3.18045e-09
400.7,3.18601e-09
400.8,3.19158e-09
400.9,3.19716e-09
401,3.20274e-09
401.1,3.20833e-09
401.2,3.21392e-09
401.3,3.21952e-09
401.4,3.22512e-09
401.5,3.23074e-09
401.6,3.23635e-09
401.7,3.24198e-09
401.8,3.24761e-09
401.9,3.25324e-09
402,3.25888e-09
402.1,3.26453e-09
402.2,3.27018e-09
402.3,3.27584e-09
402.4,3.28151e-09
402.5,3.28718e-09
402.6,3.29285e-09
402.7,3.29854e-09
402.8,3.30422e-09
402.9,3.30992e-09
403,3.31562e-09
403.1,3.32093e-09
403.2,3.32624e-09
403.3,3.33155e-09
403.4,3.33688e-09
403.5,3.3422e-09
403.6,3.34754e-09
403.7,3.35287e-09
403.8,3.35822e-09
403.9,3.36357e-09
404,3.36892e-09
404.1,3.37411e-09
404.2,3.37931e-09
404.3,3.38451e-09
404.4,3.38971e-09
404.5,3.39493e-09
404.6,3.40014e-09
404.7,3.40536e-09
404.8,3.41059e-09
404.9,3.41582e-09
405,3.42106e-09
405.1,3.4266e-09
405.2,3.43216e-09
405.3,3.43771e-09
405.4,3.44328e-09
405.5,3.44884e-09
405.6,3.45442e-09
405.7,3.46e-09
405.8,3.46559e-09
405.9,3.47118e-09
406,3.47678e-09
406.1,3.48239e-09
406.2,3.488e-09
406.3,3.49362e-09
406.4,3.49925e-09
406.5,3.50488e-09
406.6,3.51051e-09
406.7,3.51616e-09
406.8,3.52181e-09
406.9,3.52746e-09
407,3.53313e-09
407.1,3.53879e-09
407.2,3.54447e-09
407.3,3.55015e-09
407.4,3.55584e-09
407.5,3.56153e-09
407.6,3.56723e-09
407.7,3.57294e-09
407.8,3.57865e-09
407.9,3.58437e-09
408,3.59009e-09
408.1,3.596e-09
408.2,3.60192e-09
408.3,3.60784e-09
408.4,3.61377e-09
408.5,3.61971e-09
408.6,3.62565e-09
408.7,3.6316e-09
408.8,3.63756e-09
408.9,3.64352e-09
409,3.64949e-09
409.1,3.65553e-09
409.2,3.66157e-09
409.3,3.66762e-09
409.4,3.67367e-09
409.5,3.67973e-09
409.6,3.6858e-09
409.7,3.69188e-09
409.8,3.69796e-09
409.9,3.70405e-09
410,3.71014e-09
410.1,3.71568e-09
410.2,3.72123e-09
410.3,3.72678e-09
410.4,3.73234e-09
410.5,3.7379e-09
410.6,3.74347e-09
410.7,3.74904e-09
410.8,3.75462e-09
410.9,3.7602e-09
411,3.76579e-09
411.1,3.77138e-09
411.2,3.77698e-09
411.3,3.78259e-09
411.4,3.7882e-09
411.5,3.79381e-09
411.6,3.79943e-09
411.7,3.80505e-09
411.8,3.81068e-09
411.9,3.81632e-09
412,3.82196e-09
412.1,3.82761e-09
412.2,3.83326e-09
412.3,3.83891e-09
412.4,3.84458e-09
412.5,3.85024e-09
412.6,3.85591e-09
412.7,3.86159e-09
412.8,3.86727e-09
412.9,3.87296e-09
413,3.87865e-09
413.1,3.88449e-09
413.2,3.89034e-09
413.3,3.89619e-09
413.4,3.90205e-09
413.5,3.90791e-09
413.6,3.91378e-09
413.7,3.91965e-09
413.8,3.92553e-09
413.9,3.93142e-09
414,3.93731e-09
414.1,3.94323e-09
414.2,3.94917e-09
414.3,3.95511e-09
414.4,3.96105e-09
414.5,3.967e-09
414.6,3.97296e-09
414.7,3.97892e-09
414.8,3.98489e-09
414.9,3.99086e-09
415,3.99684e-09
415.1,4.00129e-09
415.2,4.00575e-09
415.3,4.01021e-09
415.4,4.01467e-09
415.5,4.01913e-09
415.6,4.02359e-09
415.7,4.02806e-09
415.8,4.03253e-09
415.9,4.037e-09
416,4.04147e-09
416.1,4.04594e-09
416.2,4.05041e-09
416.3,4.05489e-09
416.4,4.05937e-09
416.5,4.06385e-09
416.6,4.06833e-09
416.7,4.07281e-09
416.8,4.0773e-09
416.9,4.08178e-09
417,4.08627e-09
417.1,4.09076e-09
417.2,4.09525e-09
417.3,4.09974e-09
417.4,4.10424e-09
417.5,4.10874e-09
417.6,4.11324e-09
417.7,4.11774e-09
417.8,4.12224e-09
417.9,4.12674e-09
418,4.13125e-09
418.1,4.13577e-09
418.2,4.1403e-09
418.3,4.14483e-09
418.4,4.14937e-09
418.5,4.1539e-09
418.6,4.15844e-09
418.7,4.16298e-09
418.8,4.16752e-09
418.9,4.17206e-09
419,4.1766e-09
419.1,4.1812e-09
419.2,4.18581e-09
419.3,4.19041e-09
419.4,4.19502e-09
419.5,4.19963e-09
419.6,4.20425e-09
419.7,4.20886e-09
419.8,4.21348e-09
419.9,4.2181e-09
420,4.22272e-09
420.1,4.2293e-09
420.2,4.2359e-09
420.3,4.2425e-09
420.4,4.24911e-09
420.5,4.25573e-09
420.6,4.26235e-09
420.7,4.26898e-09
420.8,4.27562e-09
420.9,4.28226e-09
421,4.28891e-09
421.1,4.29557e-09
421.2,4.30223e-09
421.3,4.3089e-09
421.4,4.31558e-09
421.5,4.32227e-09
421.6,4.32896e-09
421.7,4.33566e-09
421.8,4.34236e-09
421.9,4.34907e-09
422,4.35579e-09
422.1,4.36252e-09
422.2,4.36925e-09
422.3,4.37599e-09
422.4,4.38274e-09
422.5,4.3895e-09
422.6,4.39626e-09
422.7,4.40303e-09
422.8,4.4098e-09
422.9,4.41658e-09
423,4.42337e-09
423.1,4.42954e-09
423.2,4.43571e-09
423.3,4.44189e-09
423.4,4.44807e-09
423.5,4.45426e-09
423.6,4.46046e-09
423.7,4.46666e-09
423.8,4.47287e-09
423.9,4.47908e-09
424,4.4853e-09
424.1,4.49114e-09
424.2,4.49698e-09
424.3,4.50283e-09
424.4,4.50869e-09
424.5,4.51455e-09
424.6,4.52041e-09
424.7,4.52628e-09
424.8,4.53216e-09
424.9,4.53804e-09
425,4.54393e-09
425.1,4.54811e-09
425.2,4.55229e-09
425.3,4.55647e-09
425.4,4.56066e-09
425.5,4.56484e-09
425.6,4.56903e-09
425.7,4.57322e-09
425.8,4.57742e-09
425.9,4.58161e-09
426,4.58581e-09
426.1,4.59001e-09
426.2,4.59421e-09
426.3,4.59842e-09
426.4,4.60262e-09
426.5,4.60683e-09
426.6,4.61104e-09
426.7,4.61525e-09
426.8,4.61947e-09
426.9,4.62368e-09
427,4.6279e-09
427.1,4.63212e-09
427.2,4.63634e-09
427.3,4.64057e-09
427.4,4.6448e-09
427.5,4.64903e-09
427.6,4.65326e-09
427.7,4.65749e-09
427.8,4.66172e-09
427.9,4.66596e-09
428,4.6702e-09
428.1,4.67416e-09
428.2,4.67812e-09
428.3,4.68209e-09
428.4,4.68606e-09
428.5,4.69002e-09
428.6,4.69399e-09
428.7,4.69797e-09
428.8,4.70194e-09
428.9,4.70592e-09
429,4.70989e-09
429.1,4.7135e-09
429.2,4.7171e-09
429.3,4.72071e-09
429.4,4.72432e-09
429.5,4.72793e-09
429.6,4.73154e-09
429.7,4.73516e-09
429.8,4.73877e-09
429.9,4.74239e-09
430,4.74601e-09
430.1,4.74896e-09
430.2,4.75192e-09
430.3,4.75487e-09
430.4,4.75783e-09
430.5,4.76078e-09
430.6,4.76374e-09
430.7,4.7667e-09
430.8,4.76966e-09
430.9,4.77262e-09
431,4.77558e-09
431.1,4.77854e-09
431.2,4.7815e-09
431.3,4.78446e-09
431.4,4.78743e-09
431.5,4.79039e-09
431.6,4.79335e-09
431.7,4.79632e-09
431.8,4.79929e-09
431.9,4.80225e-09
432,4.80522e-09
432.1,4.80819e-09
432.2,4.81116e-09
432.3,4.81413e-09
432.4,4.8171e-09
432.5,4.82008e-09
432.6,4.82305e-09
432.7,4.82602e-09
432.8,4.829e-09
432.9,4.83197e-09
433,4.83495e-09
433.1,4.83792e-09
433.2,4.84088e-09
433.3,4.84385e-09
433.4,4.84682e-09
433.5,4.84979e-09
433.6,4.85277e-09
433.7,4.85574e-09
433.8,4.85871e-09
433.9,4.86169e-09
434,4.86466e-09
434.1,4.86763e-09
434.2,4.87059e-09
434.3,4.87356e-09
434.4,4.87653e-09
434.5,4.8795e-09
434.6,4.88247e-09
434.7,4.88544e-09
434.8,4.88841e-09
434.9,4.89138e-09
435,4.89435e-09
435.1,4.89786e-09
435.2,4.90136e-09
435.3,4.90487e-09
435.4,4.90838e-09
435.5,4.91189e-09
435.6,4.9154e-09
435.7,4.91891e-09
435.8,4.92243e-09
435.9,4.92595e-09
436,4.92946e-09
436.1,4.93297e-09
436.2,4.93648e-09
436.3,4.94e-09
436.4,4.94351e-09
436.5,4.94703e-09
436.6,4.95054e-09
436.7,4.95406e-09
436.8,4.95758e-09
436.9,4.9611e-09
437,4.96463e-09
437.1,4.96816e-09
437.2,4.9717e-09
437.3,4.97524e-09
437.4,4.97878e-09
437.5,4.98232e-09
437.6,4.98586e-09
437.7,4.98941e-09
437.8,4.99296e-09
437.9,4.9965e-09
438,5.00005e-09
438.1,5.00347e-09
438.2,5.00688e-09
438.3,5.0103e-09
438.4,5.01372e-09
438.5,5.01714e-09
438.6,5.02056e-09
438.7,5.02399e-09
438.8,5.02741e-09
438.9,5.03084e-09
439,5.03427e-09
439.1,5.03753e-09
439.2,5.04079e-09
439.3,5.04405e-09
439.4,5.04732e-09
439.5,5.05058e-09
439.6,5.05385e-09
439.7,5.05712e-09
439.8,5.06039e-09
439.9,5.06366e-09
440,5.06693e-09
440.1,5.07079e-09
440.2,5.07465e-09
440.3,5.07851e-09
440.4,5.08237e-09
440.5,5.08624e-09
440.6,5.09011e-09
440.7,5.09398e-09
440.8,5.09785e-09
440.9,5.10172e-09
441,5.1056e-09
441.1,5.10944e-09
441.2,5.11328e-09
441.3,5.11712e-09
441.4,5.12097e-09
441.5,5.12481e-09
441.6,5.12866e-09
441.7,5.13251e-09
441.8,5.13637e-09
441.9,5.14022e-09
442,5.14408e-09
442.1,5.14794e-09
442.2,5.1518e-09
442.3,5.15566e-09
442.4,5.15953e-09
442.5,5.1634e-09
442.6,5.16727e-09
442.7,5.17114e-09
442.8,5.17501e-09
442.9,5.17889e-09
443,5.18276e-09
443.1,5.18635e-09
443.2,5.18995e-09
443.3,5.19354e-09
443.4,5.19713e-09
443.5,5.20073e-09
443.6,5.20433e-09
443.7,5.20793e-09
443.8,5.21153e-09
443.9,5.21514e-09
444,5.21874e-09
444.1,5.22215e-09
444.2,5.22556e-09
444.3,5.22897e-09
444.4,5.23238e-09
444.5,5.2358e-09
444.6,5.23921e-09
444.7,5.24263e-09
444.8,5.24605e-09
444.9,5.24947e-09
445,5.2529e-09
445.1,5.25426e-09
445.2,5.25562e-09
445.3,5.25698e-09
445.4,5.25834e-09
445.5,5.2597e-09
445.6,5.26105e-09
445.7,5.26241e-09
445.8,5.26377e-09
445.9,5.26513e-09
446,5.26649e-09
446.1,5.26792e-09
446.2,5.26935e-09
446.3,5.27078e-09
446.4,5.27221e-09
446.5,5.27364e-09
446.6,5.27507e-09
446.7,5.2765e-09
446.8,5.27793e-09
446.9,5.27936e-09
447,5.28079e-09
447.1,5.28222e-09
447.2,5.28365e-09
447.3,5.28508e-09
447.4,5.28651e-09
447.5,5.28793e-09
447.6,5.28936e-09
447.7,5.29079e-09
447.8,5.29222e-09
447.9,5.29365e-09
448,5.29508e-09
448.1,5.29629e-09
448.2,5.29751e-09
448.3,5.29873e-09
448.4,5.29995e-09
448.5,5.30116e-09
448.6,5.30238e-09
448.7,5.3036e-09
448.8,5.30481e-09
448.9,5.30603e-09
449,5.30724e-09
449.1,5.30831e-09
449.2,5.30938e-09
449.3,5.31044e-09
449.4,5.31151e-09
449.5,5.31257e-09
449.6,5.31364e-09
449.7,5.31471e-09
449.8,5.31577e-09
449.9,5.31684e-09
450,5.3179e-09
450.1,5.32118e-09
450.2,5.32445e-09
450.3,5.32773e-09
450.4,5.33101e-09
450.5,5.33429e-09
450.6,5.33757e-09
450.7,5.34086e-09
450.8,5.34415e-09
450.9,5.34743e-09
451,5.35072e-09
451.1,5.35406e-09
451.2,5.35741e-09
451.3,5.36075e-09
451.4,5.3641e-09
451.5,5.36745e-09
451.6,5.3708e-09
451.7,5.37415e-09
451.8,5.3775e-09
451.9,5.38086e-09
452,5.38421e-09
452.1,5.3876e-09
452.2,5.39099e-09
452.3,5.39438e-09
452.4,5.39777e-09
452.5,5.40116e-09
452.6,5.40455e-09
452.7,5.40795e-09
452.8,5.41135e-09
452.9,5.41475e-09
453,5.41815e-09
453.1,5.42171e-09
453.2,5.42526e-09
453.3,5.42883e-09
453.4,5.43239e-09
453.5,5.43595e-09
453.6,5.43952e-09
453.7,5.44309e-09
453.8,5.44666e-09
453.9,5.45023e-09
454,5.45381e-09
454.1,5.45751e-09
454.2,5.46122e-09
454.3,5.46494e-09
454.4,5.46865e-09
454.5,5.47237e-09
454.6,5.47608e-09
454.7,5.4798e-09
454.8,5.48352e-09
454.9,5.48725e-09
455,5.49097e-09
455.1,5.49188e-09
455.2,5.49279e-09
455.3,5.4937e-09
455.4,5.49461e-09
455.5,5.49552e-09
455.6,5.49643e-09
455.7,5.49734e-09
455.8,5.49824e-09
455.9,5.49915e-09
456,5.50006e-09
456.1,5.50096e-09
456.2,5.50187e-09
456.3,5.50277e-09
456.4,5.50368e-09
456.5,5.50458e-09
456.6,5.50549e-09
456.7,5.50639e-09
456.8,5.50729e-09
456.9,5.5082e-09
457,5.5091e-09
457.1,5.51e-09
457.2,5.5109e-09
457.3,5.5118e-09
457.4,5.5127e-09
457.5,5.5136e-09
457.6,5.5145e-09
457.7,5.5154e-09
457.8,5.5163e-09
457.9,5.5172e-09
458,5.5181e-09
458.1,5.51888e-09
458.2,5.51966e-09
458.3,5.52043e-09
458.4,5.52121e-09
458.5,5.52198e-09
458.6,5.52276e-09
458.7,5.52354e-09
458.8,5.52431e-09
458.9,5.52509e-09
459,5.52586e-09
459.1,5.52622e-09
459.2,5.52658e-09
459.3,5.52694e-09
459.4,5.5273e-09
459.5,5.52766e-09
459.6,5.52802e-09
459.7,5.52838e-09
459.8,5.52873e-09
459.9,5.52909e-09
460,5.52945e-09
460.1,5.53232e-09
460.2,5.5352e-09
460.3,5.53808e-09
460.4,5.54095e-09
460.5,5.54383e-09
460.6,5.54671e-09
460.7,5.54959e-09
460.8,5.55248e-09
460.9,5.55536e-09
461,5.55825e-09
461.1,5.56113e-09
461.2,5.56402e-09
461.3,5.56691e-09
461.4,5.5698e-09
461.5,5.57269e-09
461.6,5.57558e-09
461.7,5.57847e-09
461.8,5.58137e-09
461.9,5.58427e-09
462,5.58716e-09
462.1,5.58999e-09
462.2,5.59282e-09
462.3,5.59566e-09
462.4,5.59849e-09
462.5,5.60132e-09
462.6,5.60416e-09
462.7,5.607e-09
462.8,5.60984e-09
462.9,5.61268e-09
463,5.61552e-09
463.1,5.61799e-09
463.2,5.62045e-09
463.3,5.62293e-09
463.4,5.6254e-09
463.5,5.62787e-09
463.6,5.63034e-09
463.7,5.63282e-09
463.8,5.63529e-09
463.9,5.63777e-09
464,5.64025e-09
464.1,5.64173e-09
464.2,5.64321e-09
464.3,5.64469e-09
464.4,5.64617e-09
464.5,5.64765e-09
464.6,5.64914e-09
464.7,5.65062e-09
464.8,5.6521e-09
464.9,5.65359e-09
465,5.65507e-09
465.1,5.65514e-09
465.2,5.65522e-09
465.3,5.65529e-09
465.4,5.65536e-09
465.5,5.65543e-09
465.6,5.65551e-09
465.7,5.65558e-09
465.8,5.65565e-09
465.9,5.65572e-09
466,5.6558e-09
466.1,5.65587e-09
466.2,5.65594e-09
466.3,5.65601e-09
466.4,5.65608e-09
466.5,5.65616e-09
466.6,5.65623e-09
466.7,5.6563e-09
466.8,5.65637e-09
466.9,5.65644e-09
467,5.65651e-09
467.1,5.65655e-09
467.2,5.65658e-09
467.3,5.65661e-09
467.4,5.65665e-09
467.5,5.65668e-09
467.6,5.65672e-09
467.7,5.65675e-09
467.8,5.65679e-09
467.9,5.65682e-09
468,5.65685e-09
468.1,5.65684e-09
468.2,5.65683e-09
468.3,5.65681e-09
468.4,5.6568e-09
468.5,5.65679e-09
468.6,5.65677e-09
468.7,5.65676e-09
468.8,5.65674e-09
468.9,5.65673e-09
469,5.65672e-09
469.1,5.6567e-09
469.2,5.65669e-09
469.3,5.65667e-09
469.4,5.65666e-09
469.5,5.65664e-09
469.6,5.65662e-09
469.7,5.65661e-09
469.8,5.65659e-09
469.9,5.65658e-09
470,5.65656e-09
470.1,5.65698e-09
470.2,5.65739e-09
470.3,5.6578e-09
470.4,5.65822e-09
470.5,5.65863e-09
470.6,5.65904e-09
470.7,5.65945e-09
470.8,5.65987e-09
470.9,5.66028e-09
471,5.66069e-09
471.1,5.6611e-09
471.2,5.66152e-09
471.3,5.66193e-09
471.4,5.66234e-09
471.5,5.66275e-09
471.6,5.66316e-09
471.7,5.66358e-09
471.8,5.66399e-09
471.9,5.6644e-09
472,5.66481e-09
472.1,5.66522e-09
472.2,5.66564e-09
472.3,5.66605e-09
472.4,5.66646e-09
472.5,5.66688e-09
472.6,5.66729e-09
472.7,5.6677e-09
472.8,5.66812e-09
472.9,5.66853e-09
473,5.66894e-09
473.1,5.67019e-09
473.2,5.67144e-09
473.3,5.67269e-09
473.4,5.67394e-09
473.5,5.6752e-09
473.6,5.67645e-09
473.7,5.6777e-09
473.8,5.67895e-09
473.9,5.6802e-09
474,5.68145e-09
474.1,5.68398e-09
474.2,5.68651e-09
474.3,5.68903e-09
474.4,5.69156e-09
474.5,5.69409e-09
474.6,5.69662e-09
474.7,5.69914e-09
474.8,5.70167e-09
474.9,5.70421e-09
475,5.70674e-09
475.1,5.71048e-09
475.2,5.71422e-09
475.3,5.71796e-09
475.4,5.72171e-09
475.5,5.72545e-09
475.6,5.7292e-09
475.7,5.73295e-09
475.8,5.73671e-09
475.9,5.74046e-09
476,5.74422e-09
476.1,5.74798e-09
476.2,5.75174e-09
476.3,5.7555e-09
476.4,5.75927e-09
476.5,5.76303e-09
476.6,5.7668e-09
476.7,5.77057e-09
476.8,5.77434e-09
476.9,5.77811e-09
477,5.78189e-09
477.1,5.78567e-09
477.2,5.78945e-09
477.3,5.79323e-09
477.4,5.79701e-09
477.5,5.8008e-09
477.6,5.80458e-09
477.7,5.80837e-09
477.8,5.81216e-09
477.9,5.81596e-09
478,5.81975e-09
478.1,5.8236e-09
478.2,5.82745e-09
478.3,5.83131e-09
478.4,5.83516e-09
478.5,5.83902e-09
478.6,5.84288e-09
478.7,5.84674e-09
478.8,5.8506e-09
478.9,5.85447e-09
479,5.85834e-09
479.1,5.86232e-09
479.2,5.8663e-09
479.3,5.87028e-09
479.4,5.87426e-09
479.5,5.87825e-09
479.6,5.88224e-09
479.7,5.88623e-09
479.8,5.89023e-09
479.9,5.89422e-09
480,5.89822e-09
480.1,5.89994e-09
480.2,5.90165e-09
480.3,5.90337e-09
480.4,5.90509e-09
480.5,5.90681e-09
480.6,5.90853e-09
480.7,5.91024e-09
480.8,5.91196e-09
480.9,5.91368e-09
481,5.9154e-09
481.1,5.91719e-09
481.2,5.91899e-09
481.3,5.92078e-09
481.4,5.92258e-09
481.5,5.92438e-09
481.6,5.92617e-09
481.7,5.92797e-09
481.8,5.92977e-09
481.9,5.93156e-09
482,5.93336e-09
482.1,5.93516e-09
482.2,5.93696e-09
482.3,5.93877e-09
482.4,5.94057e-09
482.5,5.94237e-09
482.6,5.94418e-09
482.7,5.94598e-09
482.8,5.94778e-09
482.9,5.94958e-09
483,5.95139e-09
483.1,5.9528e-09
483.2,5.95421e-09
483.3,5.95562e-09
483.4,5.95702e-09
483.5,5.95843e-09
483.6,5.95984e-09
483.7,5.96125e-09
483.8,5.96266e-09
483.9,5.96407e-09
484,5.96548e-09
484.1,5.9654e-09
484.2,5.96532e-09
484.3,5.96524e-09
484.4,5.96516e-09
484.5,5.96508e-09
484.6,5.965e-09
484.7,5.96492e-09
484.8,5.96483e-09
484.9,5.96475e-09
485,5.96467e-09
485.1,5.9648e-09
485.2,5.96493e-09
485.3,5.96506e-09
485.4,5.96519e-09
485.5,5.96531e-09
485.6,5.96544e-09
485.7,5.96557e-09
485.8,5.9657e-09
485.9,5.96583e-09
486,5.96596e-09
486.1,5.96608e-09
486.2,5.96621e-09
486.3,5.96634e-09
486.4,5.96647e-09
486.5,5.96659e-09
486.6,5.96672e-09
486.7,5.96685e-09
486.8,5.96698e-09
486.9,5.96711e-09
487,5.96723e-09
487.1,5.96736e-09
487.2,5.96749e-09
487.3,5.96761e-09
487.4,5.96774e-09
487.5,5.96787e-09
487.6,5.968e-09
487.7,5.96812e-09
487.8,5.96825e-09
487.9,5.96838e-09
488,5.9685e-09
488.1,5.96863e-09
488.2,5.96876e-09
488.3,5.96888e-09
488.4,5.96901e-09
488.5,5.96914e-09
488.6,5.96926e-09
488.7,5.96939e-09
488.8,5.96952e-09
488.9,5.96964e-09
489,5.96977e-09
489.1,5.96941e-09
489.2,5.96904e-09
489.3,5.96868e-09
489.4,5.96832e-09
489.5,5.96796e-09
489.6,5.96759e-09
489.7,5.96723e-09
489.8,5.96687e-09
489.9,5.9665e-09
490,5.96614e-09
490.1,5.96589e-09
490.2,5.96565e-09
490.3,5.9654e-09
490.4,5.96515e-09
490.5,5.9649e-09
490.6,5.96466e-09
490.7,5.96441e-09
490.8,5.96416e-09
490.9,5.96391e-09
491,5.96366e-09
491.1,5.9634e-09
491.2,5.96313e-09
491.3,5.96286e-09
491.4,5.9626e-09
491.5,5.96233e-09
491.6,5.96206e-09
491.7,5.96179e-09
491.8,5.96153e-09
491.9,5.96126e-09
492,5.96099e-09
492.1,5.96057e-09
492.2,5.96015e-09
492.3,5.95972e-09
492.4,5.9593e-09
492.5,5.95888e-09
492.6,5.95846e-09
492.7,5.95803e-09
492.8,5.95761e-09
492.9,5.95719e-09
493,5.95676e-09
493.1,5.95631e-09
493.2,5.95585e-09
493.3,5.9554e-09
493.4,5.95494e-09
493.5,5.95449e-09
493.6,5.95403e-09
493.7,5.95357e-09
493.8,5.95312e-09
493.9,5.95266e-09
494,5.95221e-09
494.1,5.9511e-09
494.2,5.94998e-09
494.3,5.94887e-09
494.4,5.94776e-09
494.5,5.94665e-09
494.6,5.94553e-09
494.7,5.94442e-09
494.8,5.94331e-09
494.9,5.94219e-09
495,5.94108e-09
495.1,5.94e-09
495.2,5.93892e-09
495.3,5.93784e-09
495.4,5.93676e-09
495.5,5.93568e-09
495.6,5.9346e-09
495.7,5.93351e-09
495.8,5.93243e-09
495.9,5.93135e-09
496,5.93027e-09
496.1,5.92919e-09
496.2,5.9281e-09
496.3,5.92702e-09
496.4,5.92594e-09
496.5,5.92486e-09
496.6,5.92377e-09
496.7,5.92269e-09
496.8,5.92161e-09
496.9,5.92053e-09
497,5.91944e-09
497.1,5.91842e-09
497.2,5.9174e-09
497.3,5.91637e-09
497.4,5.91535e-09
497.5,5.91433e-09
497.6,5.9133e-09
497.7,5.91228e-09
497.8,5.91126e-09
497.9,5.91023e-09
498,5.90921e-09
498.1,5.90822e-09
498.2,5.90724e-09
498.3,5.90625e-09
498.4,5.90526e-09
498.5,5.90428e-09
498.6,5.90329e-09
498.7,5.9023e-09
498.8,5.90132e-09
498.9,5.90033e-09
499,5.89934e-09
499.1,5.89847e-09
499.2,5.8976e-09
499.3,5.89672e-09
499.4,5.89585e-09
499.5,5.89498e-09
499.6,5.89411e-09
499.7,5.89323e-09
499.8,5.89236e-09
499.9,5.89149e-09
500,5.89061e-09
500.1,5.89018e-09
500.2,5.88974e-09
500.3,5.8893e-09
500.4,5.88887e-09
500.5,5.88843e-09
500.6,5.88799e-09
500.7,5.88756e-09
500.8,5.88712e-09
500.9,5.88668e-09
501,5.88624e-09
501.1,5.88581e-09
501.2,5.88537e-09
501.3,5.88493e-09
501.4,5.88449e-09
501.5,5.88405e-09
501.6,5.88361e-09
501.7,5.88317e-09
501.8,5.88273e-09
501.9,5.88229e-09
502,5.88185e-09
502.1,5.88134e-09
502.2,5.88082e-09
502.3,5.8803e-09
502.4,5.87979e-09
502.5,5.87927e-09
502.6,5.87875e-09
502.7,5.87823e-09
502.8,5.87772e-09
502.9,5.8772e-09
503,5.87668e-09
503.1,5.87609e-09
503.2,5.87549e-09
503.3,5.8749e-09
503.4,5.8743e-09
503.5,5.87371e-09
503.6,5.87311e-09
503.7,5.87252e-09
503.8,5.87192e-09
503.9,5.87133e-09
504,5.87073e-09
504.1,5.87072e-09
504.2,5.8707e-09
504.3,5.87068e-09
504.4,5.87067e-09
504.5,5.87065e-09
504.6,5.87064e-09
504.7,5.87062e-09
504.8,5.8706e-09
504.9,5.87059e-09
505,5.87057e-09
505.1,5.8704e-09
505.2,5.87022e-09
505.3,5.87005e-09
505.4,5.86988e-09
505.5,5.8697e-09
505.6,5.86953e-09
505.7,5.86935e-09
505.8,5.86918e-09
505.9,5.869e-09
506,5.86883e-09
506.1,5.86866e-09
506.2,5.86848e-09
506.3,5.86831e-09
506.4,5.86813e-09
506.5,5.86796e-09
506.6,5.86778e-09
506.7,5.86761e-09
506.8,5.86743e-09
506.9,5.86726e-09
507,5.86708e-09
507.1,5.86691e-09
507.2,5.86674e-09
507.3,5.86656e-09
507.4,5.86639e-09
507.5,5.86621e-09
507.6,5.86604e-09
507.7,5.86586e-09
507.8,5.86568e-09
507.9,5.86551e-09
508,5.86533e-09
508.1,5.86516e-09
508.2,5.86499e-09
508.3,5.86482e-09
508.4,5.86465e-09
508.5,5.86447e-09
508.6,5.8643e-09
508.7,5.86413e-09
508.8,5.86396e-09
508.9,5.86379e-09
509,5.86361e-09
509.1,5.86345e-09
509.2,5.8633e-09
509.3,5.86314e-09
509.4,5.86298e-09
509.5,5.86282e-09
509.6,5.86266e-09
509.7,5.8625e-09
509.8,5.86234e-09
509.9,5.86218e-09
510,5.86202e-09
510.1,5.86159e-09
510.2,5.86116e-09
510.3,5.86073e-09
510.4,5.8603e-09
510.5,5.85987e-09
510.6,5.85944e-09
510.7,5.85901e-09
510.8,5.85858e-09
510.9,5.85816e-09
511,5.85773e-09
511.1,5.85737e-09
511.2,5.857e-09
511.3,5.85664e-09
511.4,5.85628e-09
511.5,5.85592e-09
511.6,5.85556e-09
511.7,5.8552e-09
511.8,5.85484e-09
511.9,5.85448e-09
512,5.85412e-09
512.1,5.85376e-09
512.2,5.8534e-09
512.3,5.85304e-09
512.4,5.85268e-09
512.5,5.85232e-09
512.6,5.85196e-09
512.7,5.8516e-09
512.8,5.85123e-09
512.9,5.85087e-09
513,5.85051e-09
513.1,5.85011e-09
513.2,5.84971e-09
513.3,5.84931e-09
513.4,5.8489e-09
513.5,5.8485e-09
513.6,5.8481e-09
513.7,5.84769e-09
513.8,5.84729e-09
513.9,5.84689e-09
514,5.84649e-09
514.1,5.84501e-09
514.2,5.84353e-09
514.3,5.84205e-09
514.4,5.84058e-09
514.5,5.8391e-09
514.6,5.83762e-09
514.7,5.83615e-09
514.8,5.83467e-09
514.9,5.83319e-09
515,5.83171e-09
515.1,5.83144e-09
515.2,5.83116e-09
515.3,5.83089e-09
515.4,5.83061e-09
515.5,5.83033e-09
515.6,5.83005e-09
515.7,5.82978e-09
515.8,5.8295e-09
515.9,5.82922e-09
516,5.82894e-09
516.1,5.82873e-09
516.2,5.82851e-09
516.3,5.8283e-09
516.4,5.82808e-09
516.5,5.82787e-09
516.6,5.82765e-09
516.7,5.82744e-09
516.8,5.82722e-09
516.9,5.82701e-09
517,5.82679e-09
517.1,5.82659e-09
517.2,5.82639e-09
517.3,5.82619e-09
517.4,5.82599e-09
517.5,5.82579e-09
517.6,5.82559e-09
517.7,5.82539e-09
517.8,5.82518e-09
517.9,5.82498e-09
518,5.82478e-09
518.1,5.82457e-09
518.2,5.82436e-09
518.3,5.82415e-09
518.4,5.82393e-09
518.5,5.82372e-09
518.6,5.82351e-09
518.7,5.8233e-09
518.8,5.82308e-09
518.9,5.82287e-09
519,5.82265e-09
519.1,5.82241e-09
519.2,5.82216e-09
519.3,5.82191e-09
519.4,5.82166e-09
519.5,5.82141e-09
519.6,5.82116e-09
519.7,5.82091e-09
519.8,5.82066e-09
519.9,5.82041e-09
520,5.82016e-09
520.1,5.81872e-09
520.2,5.81727e-09
520.3,5.81583e-09
520.4,5.81439e-09
520.5,5.81295e-09
520.6,5.81151e-09
520.7,5.81006e-09
520.8,5.80862e-09
520.9,5.80718e-09
521,5.80574e-09
521.1,5.80433e-09
521.2,5.80292e-09
521.3,5.80151e-09
521.4,5.8001e-09
521.5,5.79869e-09
521.6,5.79728e-09
521.7,5.79586e-09
521.8,5.79445e-09
521.9,5.79304e-09
522,5.79163e-09
522.1,5.79028e-09
522.2,5.78892e-09
522.3,5.78756e-09
522.4,5.7862e-09
522.5,5.78484e-09
522.6,5.78349e-09
522.7,5.78213e-09
522.8,5.78077e-09
522.9,5.77941e-09
523,5.77805e-09
523.1,5.77669e-09
523.2,5.77533e-09
523.3,5.77398e-09
523.4,5.77262e-09
523.5,5.77126e-09
523.6,5.7699e-09
523.7,5.76854e-09
523.8,5.76718e-09
523.9,5.76582e-09
524,5.76446e-09
524.1,5.76325e-09
524.2,5.76204e-09
524.3,5.76082e-09
524.4,5.75961e-09
524.5,5.7584e-09
524.6,5.75718e-09
524.7,5.75597e-09
524.8,5.75476e-09
524.9,5.75354e-09
525,5.75233e-09
525.1,5.75134e-09
525.2,5.75034e-09
525.3,5.74935e-09
525.4,5.74835e-09
525.5,5.74735e-09
525.6,5.74636e-09
525.7,5.74536e-09
525.8,5.74437e-09
525.9,5.74337e-09
526,5.74237e-09
526.1,5.74138e-09
526.2,5.74038e-09
526.3,5.73938e-09
526.4,5.73839e-09
526.5,5.73739e-09
526.6,5.73639e-09
526.7,5.73539e-09
526.8,5.7344e-09
526.9,5.7334e-09
527,5.7324e-09
527.1,5.73124e-09
527.2,5.73008e-09
527.3,5.72892e-09
527.4,5.72776e-09
527.5,5.72659e-09
527.6,5.72543e-09
527.7,5.72427e-09
527.8,5.72311e-09
527.9,5.72195e-09
528,5.72079e-09
528.1,5.71962e-09
528.2,5.71845e-09
528.3,5.71729e-09
528.4,5.71612e-09
528.5,5.71495e-09
528.6,5.71378e-09
528.7,5.71262e-09
528.8,5.71145e-09
528.9,5.71028e-09
529,5.70912e-09
529.1,5.708e-09
529.2,5.70688e-09
529.3,5.70577e-09
529.4,5.70465e-09
529.5,5.70353e-09
529.6,5.70241e-09
529.7,5.7013e-09
529.8,5.70018e-09
529.9,5.69906e-09
530,5.69795e-09
530.1,5.69723e-09
530.2,5.6965e-09
530.3,5.69578e-09
530.4,5.69506e-09
530.5,5.69434e-09
530.6,5.69362e-09
530.7,5.6929e-09
530.8,5.69218e-09
530.9,5.69146e-09
531,5.69074e-09
531.1,5.69001e-09
531.2,5.68929e-09
531.3,5.68857e-09
531.4,5.68785e-09
531.5,5.68712e-09
531.6,5.6864e-09
531.7,5.68568e-09
531.8,5.68495e-09
531.9,5.68423e-09
532,5.6835e-09
532.1,5.68288e-09
532.2,5.68224e-09
532.3,5.68161e-09
532.4,5.68098e-09
532.5,5.68035e-09
532.6,5.67972e-09
532.7,5.67909e-09
532.8,5.67846e-09
532.9,5.67783e-09
533,5.6772e-09
533.1,5.67664e-09
533.2,5.67607e-09
533.3,5.67551e-09
533.4,5.67495e-09
533.5,5.67439e-09
533.6,5.67383e-09
533.7,5.67327e-09
533.8,5.67271e-09
533.9,5.67214e-09
534,5.67158e-09
534.1,5.67081e-09
534.2,5.67005e-09
534.3,5.66928e-09
534.4,5.66851e-09
534.5,5.66774e-09
534.6,5.66697e-09
534.7,5.66621e-09
534.8,5.66544e-09
534.9,5.66467e-09
535,5.6639e-09
535.1,5.6634e-09
535.2,5.66291e-09
535.3,5.66241e-09
535.4,5.66191e-09
535.5,5.66141e-09
535.6,5.66091e-09
535.7,5.66042e-09
535.8,5.65992e-09
535.9,5.65942e-09
536,5.65892e-09
536.1,5.65842e-09
536.2,5.65792e-09
536.3,5.65742e-09
536.4,5.65692e-09
536.5,5.65641e-09
536.6,5.65591e-09
536.7,5.65541e-09
536.8,5.65491e-09
536.9,5.6544e-09
537,5.6539e-09
537.1,5.6534e-09
537.2,5.65289e-09
537.3,5.65239e-09
537.4,5.65188e-09
537.5,5.65138e-09
537.6,5.65087e-09
537.7,5.65037e-09
537.8,5.64986e-09
537.9,5.64935e-09
538,5.64884e-09
538.1,5.64834e-09
538.2,5.64783e-09
538.3,5.64732e-09
538.4,5.64681e-09
538.5,5.6463e-09
538.6,5.64579e-09
538.7,5.64528e-09
538.8,5.64477e-09
538.9,5.64426e-09
539,5.64375e-09
539.1,5.64306e-09
539.2,5.64237e-09
539.3,5.64168e-09
539.4,5.64099e-09
539.5,5.6403e-09
539.6,5.63961e-09
539.7,5.63892e-09
539.8,5.63823e-09
539.9,5.63754e-09
540,5.63684e-09
540.1,5.63355e-09
540.2,5.63026e-09
540.3,5.62697e-09
540.4,5.62368e-09
540.5,5.6204e-09
540.6,5.61711e-09
540.7,5.61383e-09
540.8,5.61054e-09
540.9,5.60726e-09
541,5.60398e-09
541.1,5.60061e-09
541.2,5.59725e-09
541.3,5.59388e-09
541.4,5.59052e-09
541.5,5.58715e-09
541.6,5.58379e-09
541.7,5.58043e-09
541.8,5.57707e-09
541.9,5.57372e-09
542,5.57036e-09
542.1,5.567e-09
542.2,5.56365e-09
542.3,5.5603e-09
542.4,5.55695e-09
542.5,5.5536e-09
542.6,5.55025e-09
542.7,5.5469e-09
542.8,5.54356e-09
542.9,5.54021e-09
543,5.53687e-09
543.1,5.53384e-09
543.2,5.5308e-09
543.3,5.52777e-09
543.4,5.52474e-09
543.5,5.52171e-09
543.6,5.51868e-09
543.7,5.51565e-09
543.8,5.51262e-09
543.9,5.5096e-09
544,5.50657e-09
544.1,5.50365e-09
544.2,5.50074e-09
544.3,5.49782e-09
544.4,5.49491e-09
544.5,5.49199e-09
544.6,5.48908e-09
544.7,5.48617e-09
544.8,5.48326e-09
544.9,5.48035e-09
545,5.47744e-09
545.1,5.47639e-09
545.2,5.47533e-09
545.3,5.47428e-09
545.4,5.47323e-09
545.5,5.47217e-09
545.6,5.47112e-09
545.7,5.47007e-09
545.8,5.46901e-09
545.9,5.46796e-09
546,5.4669e-09
546.1,5.46562e-09
546.2,5.46434e-09
546.3,5.46306e-09
546.4,5.46177e-09
546.5,5.46049e-09
546.6,5.45921e-09
546.7,5.45792e-09
546.8,5.45664e-09
546.9,5.45535e-09
547,5.45407e-09
547.1,5.45279e-09
547.2,5.4515e-09
547.3,5.45022e-09
547.4,5.44893e-09
547.5,5.44765e-09
547.6,5.44636e-09
547.7,5.44507e-09
547.8,5.44379e-09
547.9,5.4425e-09
548,5.44122e-09
548.1,5.43993e-09
548.2,5.43864e-09
548.3,5.43736e-09
548.4,5.43607e-09
548.5,5.43478e-09
548.6,5.4335e-09
548.7,5.43221e-09
548.8,5.43092e-09
548.9,5.42963e-09
549,5.42834e-09
549.1,5.42726e-09
549.2,5.42617e-09
549.3,5.42508e-09
549.4,5.42399e-09
549.5,5.4229e-09
549.6,5.4218e-09
549.7,5.42071e-09
549.8,5.41962e-09
549.9,5.41853e-09
550,5.41744e-09
550.1,5.41714e-09
550.2,5.41684e-09
550.3,5.41654e-09
550.4,5.41624e-09
550.5,5.41593e-09
550.6,5.41563e-09
550.7,5.41533e-09
550.8,5.41503e-09
550.9,5.41472e-09
551,5.41442e-09
551.1,5.41396e-09
551.2,5.4135e-09
551.3,5.41304e-09
551.4,5.41258e-09
551.5,5.41212e-09
551.6,5.41166e-09
551.7,5.4112e-09
551.8,5.41074e-09
551.9,5.41028e-09
552,5.40982e-09
552.1,5.40927e-09
552.2,5.40873e-09
552.3,5.40818e-09
552.4,5.40763e-09
552.5,5.40709e-09
552.6,5.40654e-09
552.7,5.40599e-09
552.8,5.40545e-09
552.9,5.4049e-09
553,5.40435e-09
553.1,5.4038e-09
553.2,5.40325e-09
553.3,5.4027e-09
553.4,5.40215e-09
553.5,5.40161e-09
553.6,5.40106e-09
553.7,5.4005e-09
553.8,5.39995e-09
553.9,5.3994e-09
554,5.39885e-09
554.1,5.39828e-09
554.2,5.3977e-09
554.3,5.39712e-09
554.4,5.39655e-09
554.5,5.39597e-09
554.6,5.39539e-09
554.7,5.39481e-09
554.8,5.39424e-09
554.9,5.39366e-09
555,5.39308e-09
555.1,5.39102e-09
555.2,5.38897e-09
555.3,5.38692e-09
555.4,5.38486e-09
555.5,5.38281e-09
555.6,5.38076e-09
555.7,5.3787e-09
555.8,5.37665e-09
555.9,5.3746e-09
556,5.37255e-09
556.1,5.37047e-09
556.2,5.3684e-09
556.3,5.36633e-09
556.4,5.36426e-09
556.5,5.36219e-09
556.6,5.36012e-09
556.7,5.35804e-09
556.8,5.35597e-09
556.9,5.3539e-09
557,5.35183e-09
557.1,5.3497e-09
557.2,5.34757e-09
557.3,5.34544e-09
557.4,5.34331e-09
557.5,5.34118e-09
557.6,5.33905e-09
557.7,5.33692e-09
557.8,5.33479e-09
557.9,5.33266e-09
558,5.33053e-09
558.1,5.3284e-09
558.2,5.32627e-09
558.3,5.32414e-09
558.4,5.32201e-09
558.5,5.31988e-09
558.6,5.31775e-09
558.7,5.31562e-09
558.8,5.3135e-09
558.9,5.31137e-09
559,5.30924e-09
559.1,5.3075e-09
559.2,5.30577e-09
559.3,5.30403e-09
559.4,5.3023e-09
559.5,5.30056e-09
559.6,5.29883e-09
559.7,5.2971e-09
559.8,5.29536e-09
559.9,5.29363e-09
560,5.29189e-09
560.1,5.29027e-09
560.2,5.28864e-09
560.3,5.28702e-09
560.4,5.28539e-09
560.5,5.28377e-09
560.6,5.28214e-09
560.7,5.28052e-09
560.8,5.27889e-09
560.9,5.27727e-09
561,5.27564e-09
561.1,5.27402e-09
561.2,5.27239e-09
561.3,5.27077e-09
561.4,5.26915e-09
561.5,5.26752e-09
561.6,5.2659e-09
561.7,5.26427e-09
561.8,5.26265e-09
561.9,5.26103e-09
562,5.25941e-09
562.1,5.25778e-09
562.2,5.25616e-09
562.3,5.25454e-09
562.4,5.25292e-09
562.5,5.25129e-09
562.6,5.24967e-09
562.7,5.24805e-09
562.8,5.24643e-09
562.9,5.24481e-09
563,5.24319e-09
563.1,5.24156e-09
563.2,5.23994e-09
563.3,5.23832e-09
563.4,5.2367e-09
563.5,5.23508e-09
563.6,5.23346e-09
563.7,5.23184e-09
563.8,5.23022e-09
563.9,5.2286e-09
564,5.22698e-09
564.1,5.22492e-09
564.2,5.22287e-09
564.3,5.22081e-09
564.4,5.21875e-09
564.5,5.21669e-09
564.6,5.21464e-09
564.7,5.21258e-09
564.8,5.21052e-09
564.9,5.20847e-09
565,5.20641e-09
565.1,5.20587e-09
565.2,5.20532e-09
565.3,5.20478e-09
565.4,5.20423e-09
565.5,5.20369e-09
565.6,5.20314e-09
565.7,5.20259e-09
565.8,5.20204e-09
565.9,5.20149e-09
566,5.20094e-09
566.1,5.20039e-09
566.2,5.19984e-09
566.3,5.19929e-09
566.4,5.19874e-09
566.5,5.19818e-09
566.6,5.19763e-09
566.7,5.19707e-09
566.8,5.19652e-09
566.9,5.19596e-09
567,5.1954e-09
567.1,5.19485e-09
567.2,5.19429e-09
567.3,5.19373e-09
567.4,5.19317e-09
567.5,5.19261e-09
567.6,5.19205e-09
567.7,5.19148e-09
567.8,5.19092e-09
567.9,5.19036e-09
568,5.18979e-09
568.1,5.18923e-09
568.2,5.18866e-09
568.3,5.1881e-09
568.4,5.18753e-09
568.5,5.18696e-09
568.6,5.18639e-09
568.7,5.18582e-09
568.8,5.18525e-09
568.9,5.18468e-09
569,5.18411e-09
569.1,5.18381e-09
569.2,5.1835e-09
569.3,5.1832e-09
569.4,5.18289e-09
569.5,5.18259e-09
569.6,5.18228e-09
569.7,5.18197e-09
569.8,5.18167e-09
569.9,5.18136e-09
570,5.18105e-09
570.1,5.17993e-09
570.2,5.17881e-09
570.3,5.17769e-09
570.4,5.17657e-09
570.5,5.17544e-09
570.6,5.17432e-09
570.7,5.1732e-09
570.8,5.17208e-09
570.9,5.17095e-09
571,5.16983e-09
571.1,5.16871e-09
571.2,5.16758e-09
571.3,5.16646e-09
571.4,5.16534e-09
571.5,5.16421e-09
571.6,5.16309e-09
571.7,5.16196e-09
571.8,5.16084e-09
571.9,5.15971e-09
572,5.15859e-09
572.1,5.15746e-09
572.2,5.15634e-09
572.3,5.15521e-09
572.4,5.15409e-09
572.5,5.15296e-09
572.6,5.15184e-09
572.7,5.15071e-09
572.8,5.14959e-09
572.9,5.14846e-09
573,5.14734e-09
573.1,5.14628e-09
573.2,5.14523e-09
573.3,5.14418e-09
573.4,5.14312e-09
573.5,5.14207e-09
573.6,5.14102e-09
573.7,5.13996e-09
573.8,5.13891e-09
573.9,5.13785e-09
574,5.1368e-09
574.1,5.13549e-09
574.2,5.13418e-09
574.3,5.13287e-09
574.4,5.13156e-09
574.5,5.13026e-09
574.6,5.12895e-09
574.7,5.12764e-09
574.8,5.12632e-09
574.9,5.12501e-09
575,5.1237e-09
575.1,5.12088e-09
575.2,5.11805e-09
575.3,5.11523e-09
575.4,5.1124e-09
575.5,5.10958e-09
575.6,5.10675e-09
575.7,5.10393e-09
575.8,5.10111e-09
575.9,5.09829e-09
576,5.09547e-09
576.1,5.0926e-09
576.2,5.08973e-09
576.3,5.08686e-09
576.4,5.08399e-09
576.5,5.08113e-09
576.6,5.07826e-09
576.7,5.07539e-09
576.8,5.07253e-09
576.9,5.06967e-09
577,5.0668e-09
577.1,5.06394e-09
577.2,5.06108e-09
577.3,5.05822e-09
577.4,5.05536e-09
577.5,5.0525e-09
577.6,5.04964e-09
577.7,5.04678e-09
577.8,5.04392e-09
577.9,5.04107e-09
578,5.03821e-09
578.1,5.03535e-09
578.2,5.0325e-09
578.3,5.02965e-09
578.4,5.02679e-09
578.5,5.02394e-09
578.6,5.02109e-09
578.7,5.01824e-09
578.8,5.01539e-09
578.9,5.01254e-09
579,5.00969e-09
579.1,5.00702e-09
579.2,5.00436e-09
579.3,5.00169e-09
579.4,4.99903e-09
579.5,4.99637e-09
579.6,4.9937e-09
579.7,4.99104e-09
579.8,4.98838e-09
579.9,4.98572e-09
580,4.98306e-09
580.1,4.98126e-09
580.2,4.97945e-09
580.3,4.97765e-09
580.4,4.97585e-09
580.5,4.97404e-09
580.6,4.97224e-09
580.7,4.97044e-09
580.8,4.96864e-09
580.9,4.96684e-09
581,4.96504e-09
581.1,4.96323e-09
581.2,4.96143e-09
581.3,4.95963e-09
581.4,4.95783e-09
581.5,4.95603e-09
581.6,4.95423e-09
581.7,4.95243e-09
581.8,4.95063e-09
581.9,4.94883e-09
582,4.94703e-09
582.1,4.94523e-09
582.2,4.94343e-09
582.3,4.94164e-09
582.4,4.93984e-09
582.5,4.93804e-09
582.6,4.93624e-09
582.7,4.93444e-09
582.8,4.93264e-09
582.9,4.93085e-09
583,4.92905e-09
583.1,4.92725e-09
583.2,4.92546e-09
583.3,4.92366e-09
583.4,4.92186e-09
583.5,4.92007e-09
583.6,4.91827e-09
583.7,4.91647e-09
583.8,4.91468e-09
583.9,4.91288e-09
584,4.91109e-09
584.1,4.90903e-09
584.2,4.90697e-09
584.3,4.90491e-09
584.4,4.90286e-09
584.5,4.9008e-09
584.6,4.89874e-09
584.7,4.89669e-09
584.8,4.89463e-09
584.9,4.89257e-09
585,4.89052e-09
585.1,4.88852e-09
585.2,4.88653e-09
585.3,4.88454e-09
585.4,4.88254e-09
585.5,4.88055e-09
585.6,4.87855e-09
585.7,4.87656e-09
585.8,4.87456e-09
585.9,4.87257e-09
586,4.87057e-09
586.1,4.86861e-09
586.2,4.86666e-09
586.3,4.8647e-09
586.4,4.86274e-09
586.5,4.86078e-09
586.6,4.85882e-09
586.7,4.85686e-09
586.8,4.8549e-09
586.9,4.85294e-09
587,4.85098e-09
587.1,4.84906e-09
587.2,4.84713e-09
587.3,4.84521e-09
587.4,4.84328e-09
587.5,4.84136e-09
587.6,4.83943e-09
587.7,4.8375e-09
587.8,4.83558e-09
587.9,4.83365e-09
588,4.83172e-09
588.1,4.8298e-09
588.2,4.82787e-09
588.3,4.82594e-09
588.4,4.82402e-09
588.5,4.82209e-09
588.6,4.82016e-09
588.7,4.81823e-09
588.8,4.8163e-09
588.9,4.81437e-09
589,4.81245e-09
589.1,4.81079e-09
589.2,4.80913e-09
589.3,4.80748e-09
589.4,4.80582e-09
589.5,4.80416e-09
589.6,4.80251e-09
589.7,4.80085e-09
589.8,4.79919e-09
589.9,4.79754e-09
590,4.79588e-09
590.1,4.79506e-09
590.2,4.79424e-09
590.3,4.79342e-09
590.4,4.7926e-09
590.5,4.79178e-09
590.6,4.79096e-09
590.7,4.79014e-09
590.8,4.78932e-09
590.9,4.7885e-09
591,4.78768e-09
591.1,4.78686e-09
591.2,4.78605e-09
591.3,4.78524e-09
591.4,4.78442e-09
591.5,4.7836e-09
591.6,4.78279e-09
591.7,4.78197e-09
591.8,4.78116e-09
591.9,4.78034e-09
592,4.77952e-09
592.1,4.77877e-09
592.2,4.77802e-09
592.3,4.77726e-09
592.4,4.77651e-09
592.5,4.77575e-09
592.6,4.775e-09
592.7,4.77424e-09
592.8,4.77348e-09
592.9,4.77273e-09
593,4.77197e-09
593.1,4.77121e-09
593.2,4.77046e-09
593.3,4.7697e-09
593.4,4.76894e-09
593.5,4.76818e-09
593.6,4.76742e-09
593.7,4.76666e-09
593.8,4.7659e-09
593.9,4.76514e-09
594,4.76439e-09
594.1,4.76301e-09
594.2,4.76164e-09
594.3,4.76026e-09
594.4,4.75888e-09
594.5,4.75751e-09
594.6,4.75613e-09
594.7,4.75475e-09
594.8,4.75338e-09
594.9,4.752e-09
595,4.75062e-09
595.1,4.74852e-09
595.2,4.74642e-09
595.3,4.74431e-09
595.4,4.74221e-09
595.5,4.7401e-09
595.6,4.738e-09
595.7,4.73589e-09
595.8,4.73379e-09
595.9,4.73168e-09
596,4.72958e-09
596.1,4.72747e-09
596.2,4.72537e-09
596.3,4.72326e-09
596.4,4.72115e-09
596.5,4.71905e-09
596.6,4.71694e-09
596.7,4.71483e-09
596.8,4.71273e-09
596.9,4.71062e-09
597,4.70851e-09
597.1,4.70679e-09
597.2,4.70507e-09
597.3,4.70335e-09
597.4,4.70163e-09
597.5,4.69991e-09
597.6,4.69819e-09
597.7,4.69647e-09
597.8,4.69475e-09
597.9,4.69303e-09
598,4.6913e-09
598.1,4.68975e-09
598.2,4.68819e-09
598.3,4.68663e-09
598.4,4.68507e-09
598.5,4.6835e-09
598.6,4.68194e-09
598.7,4.68038e-09
598.8,4.67881e-09
598.9,4.67725e-09
599,4.67568e-09
599.1,4.67441e-09
599.2,4.67313e-09
599.3,4.67186e-09
599.4,4.67058e-09
599.5,4.6693e-09
599.6,4.66802e-09
599.7,4.66674e-09
599.8,4.66546e-09
599.9,4.66418e-09
600,4.6629e-09
600.1,4.66134e-09
600.2,4.65977e-09
600.3,4.6582e-09
600.4,4.65663e-09
600.5,4.65506e-09
600.6,4.6535e-09
600.7,4.65193e-09
600.8,4.65036e-09
600.9,4.64879e-09
601,4.64722e-09
601.1,4.64565e-09
601.2,4.64408e-09
601.3,4.64251e-09
601.4,4.64094e-09
601.5,4.63937e-09
601.6,4.6378e-09
601.7,4.63623e-09
601.8,4.63466e-09
601.9,4.63309e-09
602,4.63152e-09
602.1,4.62978e-09
602.2,4.62805e-09
602.3,4.62631e-09
602.4,4.62458e-09
602.5,4.62285e-09
602.6,4.62111e-09
602.7,4.61938e-09
602.8,4.61764e-09
602.9,4.61591e-09
603,4.61417e-09
603.1,4.61206e-09
603.2,4.60994e-09
603.3,4.60782e-09
603.4,4.60571e-09
603.5,4.60359e-09
603.6,4.60148e-09
603.7,4.59936e-09
603.8,4.59724e-09
603.9,4.59513e-09
604,4.59301e-09
604.1,4.59058e-09
604.2,4.58814e-09
604.3,4.5857e-09
604.4,4.58326e-09
604.5,4.58083e-09
604.6,4.57839e-09
604.7,4.57596e-09
604.8,4.57352e-09
604.9,4.57108e-09
605,4.56865e-09
605.1,4.56513e-09
605.2,4.56162e-09
605.3,4.55811e-09
605.4,4.5546e-09
605.5,4.55109e-09
605.6,4.54758e-09
605.7,4.54407e-09
605.8,4.54056e-09
605.9,4.53705e-09
606,4.53355e-09
606.1,4.53018e-09
606.2,4.52681e-09
606.3,4.52344e-09
606.4,4.52008e-09
606.5,4.51671e-09
606.6,4.51334e-09
606.7,4.50998e-09
606.8,4.50661e-09
606.9,4.50325e-09
607,4.49989e-09
607.1,4.49653e-09
607.2,4.49317e-09
607.3,4.4898e-09
607.4,4.48644e-09
607.5,4.48309e-09
607.6,4.47973e-09
607.7,4.47637e-09
607.8,4.47301e-09
607.9,4.46966e-09
608,4.4663e-09
608.1,4.46295e-09
608.2,4.45959e-09
608.3,4.45624e-09
608.4,4.45289e-09
608.5,4.44953e-09
608.6,4.44618e-09
608.7,4.44283e-09
608.8,4.43948e-09
608.9,4.43613e-09
609,4.43278e-09
609.1,4.42957e-09
609.2,4.42635e-09
609.3,4.42314e-09
609.4,4.41993e-09
609.5,4.41671e-09
609.6,4.4135e-09
609.7,4.41029e-09
609.8,4.40708e-09
609.9,4.40387e-09
610,4.40066e-09
610.1,4.3994e-09
610.2,4.39814e-09
610.3,4.39688e-09
610.4,4.39562e-09
610.5,4.39436e-09
610.6,4.3931e-09
610.7,4.39184e-09
610.8,4.39058e-09
610.9,4.38931e-09
611,4.38805e-09
611.1,4.38674e-09
611.2,4.38542e-09
611.3,4.38411e-09
611.4,4.38279e-09
611.5,4.38148e-09
611.6,4.38016e-09
611.7,4.37884e-09
611.8,4.37753e-09
611.9,4.37621e-09
612,4.37489e-09
612.1,4.37358e-09
612.2,4.37226e-09
612.3,4.37094e-09
612.4,4.36963e-09
612.5,4.36831e-09
612.6,4.36699e-09
612.7,4.36567e-09
612.8,4.36435e-09
612.9,4.36304e-09
613,4.36172e-09
613.1,4.36043e-09
613.2,4.35914e-09
613.3,4.35785e-09
613.4,4.35657e-09
613.5,4.35528e-09
613.6,4.35399e-09
613.7,4.3527e-09
613.8,4.35141e-09
613.9,4.35012e-09
614,4.34883e-09
614.1,4.34754e-09
614.2,4.34625e-09
614.3,4.34496e-09
614.4,4.34367e-09
614.5,4.34238e-09
614.6,4.34109e-09
614.7,4.3398e-09
614.8,4.33851e-09
614.9,4.33722e-09
615,4.33592e-09
615.1,4.33417e-09
615.2,4.33241e-09
615.3,4.33065e-09
615.4,4.32889e-09
615.5,4.32714e-09
615.6,4.32538e-09
615.7,4.32362e-09
615.8,4.32186e-09
615.9,4.3201e-09
616,4.31834e-09
616.1,4.31659e-09
616.2,4.31483e-09
616.3,4.31307e-09
616.4,4.31131e-09
616.5,4.30955e-09
616.6,4.30779e-09
616.7,4.30604e-09
616.8,4.30428e-09
616.9,4.30252e-09
617,4.30076e-09
617.1,4.299e-09
617.2,4.29724e-09
617.3,4.29548e-09
617.4,4.29372e-09
617.5,4.29197e-09
617.6,4.29021e-09
617.7,4.28845e-09
617.8,4.28669e-09
617.9,4.28493e-09
618,4.28317e-09
618.1,4.28141e-09
618.2,4.27964e-09
618.3,4.27788e-09
618.4,4.27611e-09
618.5,4.27435e-09
618.6,4.27258e-09
618.7,4.27082e-09
618.8,4.26906e-09
618.9,4.26729e-09
619,4.26553e-09
619.1,4.26389e-09
619.2,4.26225e-09
619.3,4.26062e-09
619.4,4.25898e-09
619.5,4.25735e-09
619.6,4.25571e-09
619.7,4.25407e-09
619.8,4.25244e-09
619.9,4.2508e-09
620,4.24917e-09
620.1,4.24797e-09
620.2,4.24677e-09
620.3,4.24557e-09
620.4,4.24438e-09
620.5,4.24318e-09
620.6,4.24199e-09
620.7,4.24079e-09
620.8,4.23959e-09
620.9,4.2384e-09
621,4.2372e-09
621.1,4.23603e-09
621.2,4.23486e-09
621.3,4.23368e-09
621.4,4.23251e-09
621.5,4.23134e-09
621.6,4.23017e-09
621.7,4.229e-09
621.8,4.22783e-09
621.9,4.22666e-09
622,4.22548e-09
622.1,4.22435e-09
622.2,4.22322e-09
622.3,4.22209e-09
622.4,4.22096e-09
622.5,4.21982e-09
622.6,4.21869e-09
622.7,4.21756e-09
622.8,4.21643e-09
622.9,4.2153e-09
623,4.21416e-09
623.1,4.21303e-09
623.2,4.2119e-09
623.3,4.21077e-09
623.4,4.20964e-09
623.5,4.20851e-09
623.6,4.20738e-09
623.7,4.20625e-09
623.8,4.20512e-09
623.9,4.20398e-09
624,4.20285e-09
624.1,4.20151e-09
624.2,4.20017e-09
624.3,4.19882e-09
624.4,4.19748e-09
624.5,4.19613e-09
624.6,4.19479e-09
624.7,4.19345e-09
624.8,4.19211e-09
624.9,4.19076e-09
625,4.18942e-09
625.1,4.18786e-09
625.2,4.18631e-09
625.3,4.18475e-09
625.4,4.18319e-09
625.5,4.18164e-09
625.6,4.18008e-09
625.7,4.17852e-09
625.8,4.17697e-09
625.9,4.17541e-09
626,4.17386e-09
626.1,4.1723e-09
626.2,4.17074e-09
626.3,4.16919e-09
626.4,4.16763e-09
626.5,4.16607e-09
626.6,4.16452e-09
626.7,4.16296e-09
626.8,4.1614e-09
626.9,4.15985e-09
627,4.15829e-09
627.1,4.15679e-09
627.2,4.1553e-09
627.3,4.1538e-09
627.4,4.1523e-09
627.5,4.1508e-09
627.6,4.14931e-09
627.7,4.14781e-09
627.8,4.14631e-09
627.9,4.14482e-09
628,4.14332e-09
628.1,4.14182e-09
628.2,4.14033e-09
628.3,4.13883e-09
628.4,4.13733e-09
628.5,4.13584e-09
628.6,4.13434e-09
628.7,4.13285e-09
628.8,4.13135e-09
628.9,4.12985e-09
629,4.12836e-09
629.1,4.12692e-09
629.2,4.12549e-09
629.3,4.12405e-09
629.4,4.12262e-09
629.5,4.12118e-09
629.6,4.11975e-09
629.7,4.11831e-09
629.8,4.11687e-09
629.9,4.11544e-09
630,4.114e-09
630.1,4.11281e-09
630.2,4.11162e-09
630.3,4.11043e-09
630.4,4.10924e-09
630.5,4.10804e-09
630.6,4.10685e-09
630.7,4.10566e-09
630.8,4.10447e-09
630.9,4.10327e-09
631,4.10208e-09
631.1,4.10089e-09
631.2,4.09969e-09
631.3,4.0985e-09
631.4,4.09731e-09
631.5,4.09611e-09
631.6,4.09492e-09
631.7,4.09373e-09
631.8,4.09253e-09
631.9,4.09134e-09
632,4.09014e-09
632.1,4.23107e-09
632.2,4.29574e-08
632.3,1.85974e-07
632.4,1.35508e-07
632.5,9.84894e-09
632.6,2.39114e-08
632.7,3.30571e-08
632.8,3.74439e-08
632.9,2.32221e-08
633,1.38909e-08
633.1,1.75325e-08
633.2,2.46225e-08
633.3,3.28508e-08
633.4,4.09062e-08
633.5,3.5997e-08
633.6,2.13735e-08
633.7,2.49208e-08
633.8,3.42641e-08
633.9,5.19674e-08
634,1.22836e-07
634.1,1.95822e-07
634.2,2.3259e-07
634.3,2.06058e-07
634.4,1.46788e-07
634.5,1.59812e-07
634.6,5.82529e-07
634.7,1.48513e-06
634.8,7.62815e-07
634.9,6.96069e-08
635,3.86168e-08
635.1,2.5684e-08
635.2,2.12723e-08
635.3,2.26041e-08
635.4,1.08566e-07
635.5,2.71275e-07
635.6,4.53219e-07
635.7,4.74935e-07
635.8,1.96302e-07
635.9,7.7016e-08
636,1.79379e-08
636.1,8.08042e-09
636.2,4.01489e-09
636.3,4.01177e-09
636.4,4.00865e-09
636.5,4.00553e-09
636.6,4.00241e-09
636.7,3.99928e-09
636.8,3.99616e-09
636.9,3.99304e-09
637,3.98992e-09
637.1,3.98679e-09
637.2,3.98367e-09
637.3,3.98055e-09
637.4,3.97742e-09
637.5,3.9743e-09
637.6,3.97118e-09
637.7,3.96805e-09
637.8,3.96493e-09
637.9,3.9618e-09
638,3.95868e-09
638.1,3.95556e-09
638.2,3.95243e-09
638.3,3.94931e-09
638.4,3.94618e-09
638.5,3.94306e-09
638.6,3.93993e-09
638.7,3.93681e-09
638.8,3.93368e-09
638.9,3.93056e-09
639,3.92743e-09
639.1,3.9243e-09
639.2,3.92118e-09
639.3,3.91805e-09
639.4,3.91493e-09
639.5,3.9118e-09
639.6,3.90867e-09
639.7,3.90555e-09
639.8,3.90242e-09
639.9,3.89929e-09
640,3.89617e-09
640.1,3.89441e-09
640.2,3.89266e-09
640.3,3.89091e-09
640.4,3.88916e-09
640.5,8.77514e-09
640.6,1.35505e-08
640.7,6.85636e-09
640.8,1.281e-08
640.9,2.88671e-08
641,4.68286e-08
641.1,1.53319e-07
641.2,4.03441e-07
641.3,2.29375e-07
641.4,3.48073e-08
641.5,1.84646e-07
641.6,1.48904e-07
641.7,3.86723e-09
641.8,3.8656e-09
641.9,3.86397e-09
642,3.86234e-09
642.1,3.86071e-09
642.2,3.85908e-09
642.3,3.85745e-09
642.4,3.85582e-09
642.5,3.8542e-09
642.6,3.85257e-09
642.7,3.85094e-09
642.8,3.84931e-09
642.9,3.84768e-09
643,3.84605e-09
643.1,3.84446e-09
643.2,3.84288e-09
643.3,3.84129e-09
643.4,3.83971e-09
643.5,3.83812e-09
643.6,3.83654e-09
643.7,3.83495e-09
643.8,3.83336e-09
643.9,3.83178e-09
644,3.83019e-09
644.1,3.82862e-09
644.2,3.82705e-09
644.3,3.82548e-09
644.4,3.82391e-09
644.5,3.82233e-09
644.6,3.82076e-09
644.7,3.81919e-09
644.8,3.81762e-09
644.9,3.81605e-09
645,3.81448e-09
645.1,3.81192e-09
645.2,3.80936e-09
645.3,3.8068e-09
645.4,3.80424e-09
645.5,3.80169e-09
645.6,3.79913e-09
645.7,3.79657e-09
645.8,3.79402e-09
645.9,3.79147e-09
646,3.78891e-09
646.1,3.78608e-09
646.2,3.78324e-09
646.3,3.78041e-09
646.4,3.77757e-09
646.5,3.77474e-09
646.6,3.77191e-09
646.7,3.76908e-09
646.8,3.76625e-09
646.9,3.76342e-09
647,3.76059e-09
647.1,3.75777e-09
647.2,3.75494e-09
647.3,3.75212e-09
647.4,3.7493e-09
647.5,3.74647e-09
647.6,3.74365e-09
647.7,3.74083e-09
647.8,3.73801e-09
647.9,3.7352e-09
648,3.73238e-09
648.1,3.72978e-09
648.2,3.72718e-09
648.3,3.72458e-09
648.4,3.72198e-09
648.5,3.71939e-09
648.6,3.71679e-09
648.7,3.71419e-09
648.8,3.7116e-09
648.9,3.709e-09
649,3.70641e-09
649.1,3.70421e-09
649.2,3.70201e-09
649.3,3.69981e-09
649.4,3.69761e-09
649.5,3.69541e-09
649.6,3.69321e-09
649.7,3.69102e-09
649.8,3.68882e-09
649.9,3.68662e-09
650,3.68442e-09
650.1,3.68381e-09
650.2,3.68319e-09
650.3,3.68257e-09
650.4,3.68195e-09
650.5,3.68133e-09
650.6,3.68071e-09
650.7,3.68009e-09
650.8,3.67947e-09
650.9,3.67886e-09
651,3.67824e-09
651.1,3.67744e-09
651.2,3.67664e-09
651.3,3.67584e-09
651.4,3.67505e-09
651.5,3.67425e-09
651.6,3.67345e-09
651.7,3.67265e-09
651.8,3.67185e-09
651.9,3.67106e-09
652,3.67026e-09
652.1,3.66936e-09
652.2,3.66847e-09
652.3,3.66757e-09
652.4,3.66668e-09
652.5,3.66578e-09
652.6,3.66489e-09
652.7,3.66399e-09
652.8,3.6631e-09
652.9,3.6622e-09
653,3.66131e-09
653.1,3.66041e-09
653.2,3.65952e-09
653.3,3.65862e-09
653.4,3.65773e-09
653.5,3.65683e-09
653.6,3.65594e-09
653.7,3.65504e-09
653.8,3.65414e-09
653.9,3.65325e-09
654,3.65235e-09
654.1,3.65118e-09
654.2,3.65002e-09
654.3,3.64885e-09
654.4,3.64769e-09
654.5,3.64652e-09
654.6,3.64535e-09
654.7,3.64419e-09
654.8,4.08683e-08
654.9,1.01879e-06
655,4.33359e-06
655.1,0.000988602
655.2,0.027168
655.3,0.251319
655.4,0.358471
655.5,0.359522
655.6,0.358852
655.7,0.357836
655.8,0.356392
655.9,0.356226
656,0.356511
656.1,0.357053
656.2,0.357147
656.3,0.356925
656.4,0.356534
656.5,0.356277
656.6,0.35621
656.7,0.355425
656.8,0.354728
656.9,0.354803
657,0.354704
657.1,0.350849
657.2,0.292495
657.3,0.183796
657.4,0.0198241
657.5,0.000734167
657.6,3.19717e-05
657.7,9.01675e-06
657.8,1.47865e-06
657.9,2.56744e-07
658,1.11715e-07
658.1,3.30414e-08
658.2,1.08564e-08
658.3,6.04411e-09
658.4,3.54168e-09
658.5,3.53903e-09
658.6,3.53638e-09
658.7,3.53373e-09
658.8,3.53108e-09
658.9,3.52843e-09
659,3.52578e-09
659.1,3.52297e-09
659.2,3.52017e-09
659.3,3.51737e-09
659.4,3.51456e-09
659.5,3.51176e-09
659.6,3.50896e-09
659.7,3.50616e-09
659.8,3.50336e-09
659.9,3.50056e-09
660,3.49776e-09
660.1,3.4966e-09
660.2,3.49544e-09
660.3,3.49427e-09
660.4,3.49311e-09
660.5,3.49194e-09
660.6,3.49078e-09
660.7,3.48961e-09
660.8,3.48845e-09
660.9,3.48728e-09
661,3.48612e-09
661.1,3.48495e-09
661.2,3.48379e-09
661.3,3.48262e-09
661.4,3.48146e-09
661.5,3.48029e-09
661.6,3.47912e-09
661.7,3.47796e-09
661.8,3.47679e-09
661.9,3.47562e-09
662,3.47446e-09
662.1,3.47342e-09
662.2,3.47238e-09
662.3,3.47134e-09
662.4,3.47031e-09
662.5,3.46927e-09
662.6,3.46823e-09
662.7,3.46719e-09
662.8,3.46615e-09
662.9,3.46511e-09
663,3.46407e-09
663.1,3.46306e-09
663.2,3.46204e-09
663.3,3.46103e-09
663.4,3.46001e-09
663.5,3.459e-09
663.6,3.45798e-09
663.7,3.45697e-09
663.8,4.06389e-09
663.9,5.59426e-09
664,1.43837e-08
664.1,3.33782e-08
664.2,8.2112e-08
664.3,2.72389e-07
664.4,5.34387e-07
664.5,6.05361e-07
664.6,5.69995e-07
664.7,4.10063e-07
664.8,3.44037e-07
664.9,2.97135e-07
665,2.63863e-07
665.1,2.34277e-07
665.2,2.07508e-07
665.3,1.90101e-07
665.4,1.77514e-07
665.5,1.69302e-07
665.6,1.67096e-07
665.7,1.67398e-07
665.8,1.71607e-07
665.9,1.8137e-07
666,1.94341e-07
666.1,2.143e-07
666.2,2.38694e-07
666.3,2.66187e-07
666.4,2.94438e-07
666.5,3.16598e-07
666.6,3.30119e-07
666.7,3.21398e-07
666.8,3.03545e-07
666.9,2.71499e-07
667,2.38401e-07
667.1,2.05192e-07
667.2,1.78465e-07
667.3,1.55515e-07
667.4,1.36709e-07
667.5,1.23613e-07
667.6,1.12695e-07
667.7,1.05146e-07
667.8,1.00209e-07
667.9,9.66973e-08
668,9.57978e-08
668.1,9.64422e-08
668.2,9.84032e-08
668.3,1.03517e-07
668.4,1.1039e-07
668.5,1.20048e-07
668.6,1.34467e-07
668.7,1.51721e-07
668.8,1.75289e-07
668.9,2.02549e-07
669,2.32121e-07
669.1,2.55573e-07
669.2,2.67861e-07
669.3,2.65305e-07
669.4,2.41906e-07
669.5,2.13591e-07
669.6,1.82327e-07
669.7,1.56257e-07
669.8,1.33482e-07
669.9,1.18671e-07
670,1.07157e-07
670.1,9.90442e-08
670.2,9.55884e-08
670.3,9.41083e-08
670.4,9.58146e-08
670.5,1.01521e-07
670.6,1.09888e-07
670.7,1.25376e-07
670.8,1.49462e-07
670.9,1.80406e-07
671,2.43876e-07
671.1,3.37263e-07
671.2,4.77485e-07
671.3,6.8036e-07
671.4,8.45733e-07
671.5,8.04951e-07
671.6,6.56354e-07
671.7,4.44661e-07
671.8,3.26539e-07
671.9,2.37096e-07
672,1.83408e-07
672.1,1.54272e-07
672.2,1.33113e-07
672.3,1.22427e-07
672.4,1.18162e-07
672.5,1.17748e-07
672.6,1.25556e-07
672.7,1.39625e-07
672.8,1.59749e-07
672.9,1.9324e-07
673,2.21006e-07
673.1,2.35027e-07
673.2,1.96688e-07
673.3,1.41422e-07
673.4,9.05595e-08
673.5,5.57313e-08
673.6,3.29139e-08
673.7,2.29488e-08
673.8,1.52628e-08
673.9,1.07127e-08
674,7.95752e-09
674.1,5.85668e-09
674.2,4.56246e-09
674.3,3.74486e-09
674.4,3.22695e-09
674.5,3.22434e-09
674.6,3.22174e-09
674.7,3.21914e-09
674.8,3.21653e-09
674.9,3.21393e-09
675,3.21133e-09
675.1,3.20977e-09
675.2,3.20821e-09
675.3,3.20665e-09
675.4,3.20509e-09
675.5,3.20353e-09
675.6,3.20197e-09
675.7,3.20041e-09
675.8,3.19885e-09
675.9,3.19729e-09
676,3.19573e-09
676.1,3.19439e-09
676.2,3.19305e-09
676.3,3.19171e-09
676.4,3.19037e-09
676.5,3.18903e-09
676.6,3.18769e-09
676.7,3.18635e-09
676.8,3.18501e-09
676.9,3.18366e-09
677,3.18232e-09
677.1,3.18098e-09
677.2,3.17964e-09
677.3,3.1783e-09
677.4,3.17695e-09
677.5,3.17561e-09
677.6,3.17427e-09
677.7,3.17292e-09
677.8,3.17158e-09
677.9,3.17024e-09
678,3.16889e-09
678.1,3.16761e-09
678.2,3.16632e-09
678.3,3.16503e-09
678.4,3.16375e-09
678.5,3.16246e-09
678.6,3.16117e-09
678.7,3.15989e-09
678.8,3.1586e-09
678.9,3.15731e-09
679,3.16277e-09
679.1,3.58634e-09
679.2,4.29411e-09
679.3,5.38056e-09
679.4,7.18196e-09
679.5,9.59626e-09
679.6,1.34161e-08
679.7,2.05288e-08
679.8,3.06228e-08
679.9,5.62413e-08
680,1.26867e-07
680.1,2.43849e-07
680.2,8.50407e-07
680.3,1.12093e-06
680.4,5.59934e-07
680.5,2.88541e-07
680.6,1.41864e-07
680.7,1.01366e-07
680.8,7.49641e-08
680.9,5.98262e-08
681,5.28089e-08
681.1,4.75027e-08
681.2,4.45394e-08
681.3,4.33123e-08
681.4,4.28669e-08
681.5,4.36912e-08
681.6,4.54196e-08
681.7,4.77534e-08
681.8,5.16315e-08
681.9,5.63825e-08
682,6.22243e-08
682.1,7.0325e-08
682.2,7.98027e-08
682.3,9.19991e-08
682.4,1.07944e-07
682.5,1.26415e-07
682.6,1.5242e-07
682.7,1.84844e-07
682.8,2.23472e-07
682.9,2.7876e-07
683,3.42005e-07
683.1,4.18343e-07
683.2,4.95357e-07
683.3,5.64843e-07
683.4,5.93488e-07
683.5,5.80399e-07
683.6,5.36072e-07
683.7,4.60692e-07
683.8,3.8851e-07
683.9,3.21895e-07
684,2.70687e-07
684.1,2.26611e-07
684.2,1.9467e-07
684.3,1.69549e-07
684.4,1.48695e-07
684.5,1.34635e-07
684.6,1.2282e-07
684.7,1.13627e-07
684.8,1.07467e-07
684.9,1.02513e-07
685,9.94652e-08
685.1,9.79976e-08
685.2,9.74409e-08
685.3,9.87557e-08
685.4,1.01231e-07
685.5,1.0476e-07
685.6,1.10718e-07
685.7,1.17995e-07
685.8,1.27425e-07
685.9,1.40307e-07
686,1.55403e-07
686.1,1.75879e-07
686.2,2.02127e-07
686.3,2.32416e-07
686.4,2.7795e-07
686.5,3.32634e-07
686.6,4.00344e-07
686.7,4.11965e-07
686.8,4.1173e-07
686.9,4.11495e-07
687,4.11261e-07
687.1,4.10999e-07
687.2,4.10737e-07
687.3,4.10475e-07
687.4,4.10213e-07
687.5,4.09951e-07
687.6,4.09689e-07
687.7,4.09426e-07
687.8,4.09164e-07
687.9,4.08902e-07
688,4.08639e-07
688.1,4.08377e-07
688.2,4.08114e-07
688.3,4.07852e-07
688.4,4.07589e-07
688.5,4.07326e-07
688.6,4.07064e-07
688.7,4.06801e-07
688.8,4.06538e-07
688.9,4.06275e-07
689,4.06012e-07
689.1,4.05803e-07
689.2,4.05594e-07
689.3,4.05385e-07
689.4,4.05176e-07
689.5,4.04967e-07
689.6,4.04758e-07
689.7,4.04549e-07
689.8,4.04339e-07
689.9,4.0413e-07
690,4.0392e-07
690.1,4.03764e-07
690.2,4.03608e-07
690.3,4.03452e-07
690.4,4.03297e-07
690.5,4.03141e-07
690.6,4.02985e-07
690.7,4.02829e-07
690.8,4.02673e-07
690.9,4.02517e-07
691,4.02361e-07
691.1,4.02219e-07
691.2,4.02076e-07
691.3,4.01933e-07
691.4,4.0179e-07
691.5,4.01647e-07
691.6,4.01504e-07
691.7,4.01361e-07
691.8,4.01218e-07
691.9,4.01076e-07
692,4.00933e-07
692.1,4.00752e-07
692.2,4.00572e-07
692.3,4.00391e-07
692.4,4.00211e-07
692.5,4.0003e-07
692.6,3.9985e-07
692.7,3.9967e-07
692.8,3.99489e-07
692.9,3.99309e-07
693,3.99129e-07
693.1,3.98949e-07
693.2,3.98768e-07
693.3,3.98588e-07
693.4,3.98408e-07
693.5,3.98228e-07
693.6,3.98048e-07
693.7,3.97868e-07
693.8,3.97688e-07
693.9,3.97508e-07
694,3.97328e-07
694.1,3.97153e-07
694.2,3.96978e-07
694.3,3.96803e-07
694.4,3.96628e-07
694.5,3.96453e-07
694.6,3.96278e-07
694.7,3.96103e-07
694.8,3.95928e-07
694.9,3.95753e-07
695,3.95579e-07
695.1,3.95326e-07
695.2,3.95073e-07
695.3,3.9482e-07
695.4,3.94567e-07
695.5,3.94315e-07
695.6,3.94062e-07
695.7,3.9381e-07
695.8,3.93557e-07
695.9,3.93305e-07
696,3.93053e-07
696.1,3.92774e-07
696.2,3.92496e-07
696.3,3.92218e-07
696.4,3.91939e-07
696.5,3.91661e-07
696.6,3.91383e-07
696.7,3.91105e-07
696.8,3.90827e-07
696.9,3.90549e-07
697,3.90271e-07
697.1,3.89985e-07
697.2,3.897e-07
697.3,3.89414e-07
697.4,3.89128e-07
697.5,3.88842e-07
697.6,3.88557e-07
697.7,3.88271e-07
697.8,3.87986e-07
697.9,3.877e-07
698,3.87415e-07
698.1,3.87127e-07
698.2,3.86838e-07
698.3,3.86549e-07
698.4,3.86261e-07
698.5,3.85973e-07
698.6,3.85685e-07
698.7,3.85396e-07
698.8,3.85108e-07
698.9,3.8482e-07
699,3.84533e-07
699.1,3.84245e-07
699.2,3.83957e-07
699.3,3.83669e-07
699.4,3.83382e-07
699.5,3.83095e-07
699.6,3.82807e-07
699.7,3.8252e-07
699.8,3.82233e-07
699.9,3.81946e-07
700,3.81659e-07
700.1,3.81431e-07
700.2,3.81202e-07
700.3,3.80974e-07
700.4,3.80746e-07
700.5,3.80518e-07
700.6,3.8029e-07
700.7,3.80062e-07
700.8,3.79834e-07
700.9,3.79606e-07
701,3.79379e-07
701.1,3.79181e-07
701.2,3.78983e-07
701.3,3.78786e-07
701.4,3.78588e-07
701.5,3.7839e-07
701.6,3.78193e-07
701.7,3.77995e-07
701.8,3.77798e-07
701.9,3.77601e-07
702,3.77403e-07
702.1,3.77211e-07
702.2,3.77019e-07
702.3,3.76826e-07
702.4,3.76634e-07
702.5,3.76442e-07
702.6,3.7625e-07
702.7,3.76058e-07
702.8,3.75865e-07
702.9,3.75673e-07
703,3.75481e-07
703.1,3.75301e-07
703.2,3.75121e-07
703.3,3.74941e-07
703.4,3.74761e-07
703.5,3.74581e-07
703.6,3.74401e-07
703.7,3.74221e-07
703.8,3.74041e-07
703.9,3.73861e-07
704,3.73681e-07
704.1,3.73501e-07
704.2,3.73321e-07
704.3,3.73142e-07
704.4,3.72962e-07
704.5,3.72782e-07
704.6,3.72602e-07
704.7,3.72422e-07
704.8,3.72242e-07
704.9,3.72062e-07
705,3.71883e-07
705.1,3.71565e-07
705.2,3.71247e-07
705.3,3.7093e-07
705.4,3.70612e-07
705.5,3.70295e-07
705.6,3.69978e-07
705.7,3.69661e-07
705.8,3.69343e-07
705.9,3.69026e-07
706,3.6871e-07
706.1,3.68303e-07
706.2,3.67897e-07
706.3,3.67491e-07
706.4,3.67086e-07
706.5,3.6668e-07
706.6,3.66274e-07
706.7,3.65869e-07
706.8,3.65464e-07
706.9,3.65058e-07
707,3.64653e-07
707.1,3.49678e-07
707.2,1.20068e-07
707.3,0
707.4,0
707.5,0
707.6,0
707.7,0
707.8,0
707.9,0
708,0
708.1,0
708.2,0
708.3,0
708.4,0
708.5,0
708.6,0
708.7,0
708.8,0
708.9,0
709,0
709.1,0
709.2,0
709.3,0
709.4,0
709.5,0
709.6,0
709.7,0
709.8,0
709.9,0
710,0
710.1,0
710.2,0
710.3,0
710.4,0
710.5,0
710.6,0
710.7,0
710.8,0
710.9,0
711,0
711.1,0
711.2,0
711.3,0
711.4,0
711.5,0
711.6,0
711.7,0
711.8,0
711.9,0
712,0
712.1,0
712.2,0
712.3,0
712.4,0
712.5,0
712.6,0
712.7,0
712.8,0
712.9,0
713,0
713.1,0
713.2,0
713.3,0
713.4,0
713.5,0
713.6,0
713.7,0
713.8,0
713.9,0
714,0
714.1,0
714.2,0
714.3,0
714.4,0
714.5,0
714.6,0
714.7,0
714.8,0
714.9,0
715,0
715.1,0
715.2,0
715.3,0
715.4,0
715.5,0
715.6,0
715.7,0
715.8,0
715.9,0
716,0
716.1,0
716.2,0
716.3,0
716.4,0
716.5,0
716.6,0
716.7,0
716.8,0
716.9,0
717,0
717.1,0
717.2,0
717.3,0
717.4,0
717.5,0
717.6,0
717.7,0
717.8,0
717.9,0
718,0
718.1,0
718.2,0
718.3,0
718.4,0
718.5,0
718.6,0
718.7,0
718.8,0
718.9,0
719,0
719.1,0
719.2,0
719.3,0
719.4,0
719.5,0
719.6,0
719.7,0
719.8,0
719.9,0
720,0
720.1,0
720.2,0
720.3,0
720.4,0
720.5,0
720.6,0
720.7,0
720.8,0
720.9,0
721,0
721.1,0
721.2,0
721.3,0
721.4,0
721.5,0
721.6,0
721.7,0
721.8,0
721.9,0
722,0
722.1,0
722.2,0
722.3,0
722.4,0
722.5,0
722.6,0
722.7,0
722.8,0
722.9,0
723,0
723.1,0
723.2,0
723.3,0
723.4,0
723.5,0
723.6,0
723.7,0
723.8,0
723.9,0
724,0
724.1,0
724.2,0
724.3,0
724.4,0
724.5,0
724.6,0
724.7,0
724.8,0
724.9,0
725,0
725.1,0
725.2,0
725.3,0
725.4,0
725.5,0
725.6,0
725.7,0
725.8,0
725.9,0
726,0
726.1,0
726.2,0
726.3,0
726.4,0
726.5,0
726.6,0
726.7,0
726.8,0
726.9,0
727,0
727.1,0
727.2,0
727.3,0
727.4,0
727.5,0
727.6,0
727.7,0
727.8,0
727.9,0
728,0
728.1,0
728.2,0
728.3,0
728.4,0
728.5,0
728.6,0
728.7,0
728.8,0
728.9,0
729,0
729.1,0
729.2,0
729.3,0
729.4,0
729.5,0
729.6,0
729.7,0
729.8,0
729.9,0
730,0
730.1,0
730.2,0
730.3,0
730.4,0
730.5,0
730.6,0
730.7,0
730.8,0
730.9,0
731,2.24138e-09
731.1,2.23995e-09
731.2,2.23853e-09
731.3,2.23711e-09
731.4,2.23569e-09
731.5,2.23426e-09
731.6,2.23284e-09
731.7,2.23142e-09
731.8,2.23e-09
731.9,2.22858e-09
732,2.22716e-09
732.1,2.22595e-09
732.2,2.22474e-09
732.3,2.22353e-09
732.4,2.22232e-09
732.5,2.22111e-09
732.6,2.2199e-09
732.7,2.21869e-09
732.8,2.21748e-09
732.9,2.21628e-09
733,2.21507e-09
733.1,2.21402e-09
733.2,2.21297e-09
733.3,2.21192e-09
733.4,2.21087e-09
733.5,2.20982e-09
733.6,2.20877e-09
733.7,2.20772e-09
733.8,2.20667e-09
733.9,2.20562e-09
734,2.20457e-09
734.1,2.20352e-09
734.2,2.20247e-09
734.3,2.20142e-09
734.4,2.20037e-09
734.5,2.19931e-09
734.6,2.19826e-09
734.7,2.19721e-09
734.8,2.19616e-09
734.9,2.19511e-09
735,2.19405e-09
735.1,2.19234e-09
735.2,2.19063e-09
735.3,2.18891e-09
735.4,2.1872e-09
735.5,2.18548e-09
735.6,2.18377e-09
735.7,2.18206e-09
735.8,2.18035e-09
735.9,2.17863e-09
736,2.17692e-09
736.1,2.17433e-09
736.2,2.17173e-09
736.3,2.16914e-09
736.4,2.16654e-09
736.5,2.16395e-09
736.6,2.16136e-09
736.7,2.15876e-09
736.8,2.15617e-09
736.9,2.15358e-09
737,2.15099e-09
737.1,2.14841e-09
737.2,2.14583e-09
737.3,2.14325e-09
737.4,2.14067e-09
737.5,2.13809e-09
737.6,2.13551e-09
737.7,2.13294e-09
737.8,2.13036e-09
737.9,2.12778e-09
738,2.1252e-09
738.1,2.12268e-09
738.2,2.12016e-09
738.3,2.11764e-09
738.4,2.11512e-09
738.5,2.11259e-09
738.6,2.11007e-09
738.7,2.10755e-09
738.8,2.10503e-09
738.9,2.10251e-09
739,2.09999e-09
739.1,2.09747e-09
739.2,2.09495e-09
739.3,2.09243e-09
739.4,2.08991e-09
739.5,2.08739e-09
739.6,2.08487e-09
739.7,2.08236e-09
739.8,2.07984e-09
739.9,2.07732e-09
740,2.0748e-09
740.1,2.0728e-09
740.2,2.0708e-09
740.3,2.0688e-09
740.4,2.0668e-09
740.5,2.0648e-09
740.6,2.0628e-09
740.7,2.0608e-09
740.8,2.0588e-09
740.9,2.0568e-09
741,2.0548e-09
741.1,2.05375e-09
741.2,2.05271e-09
741.3,2.05167e-09
741.4,2.05063e-09
741.5,2.04959e-09
741.6,2.04855e-09
741.7,2.04751e-09
741.8,2.04647e-09
741.9,2.04543e-09
742,2.04439e-09
742.1,2.04335e-09
742.2,2.04231e-09
742.3,2.04126e-09
742.4,2.04022e-09
742.5,2.03918e-09
742.6,2.03814e-09
742.7,2.0371e-09
742.8,2.03606e-09
742.9,2.03502e-09
743,2.03398e-09
743.1,2.03299e-09
743.2,2.032e-09
743.3,2.03101e-09
743.4,2.03001e-09
743.5,2.02902e-09
743.6,2.02803e-09
743.7,2.02704e-09
743.8,2.02604e-09
743.9,2.02505e-09
744,2.02406e-09
744.1,2.02308e-09
744.2,2.0221e-09
744.3,2.02113e-09
744.4,2.02015e-09
744.5,2.01917e-09
744.6,2.01819e-09
744.7,2.01722e-09
744.8,2.01624e-09
744.9,2.01526e-09
745,2.01428e-09
745.1,2.01303e-09
745.2,2.01178e-09
745.3,2.01053e-09
745.4,2.00929e-09
745.5,2.00804e-09
745.6,2.00679e-09
745.7,2.00554e-09
745.8,2.00429e-09
745.9,2.00304e-09
746,2.0018e-09
746.1,2.00048e-09
746.2,1.99916e-09
746.3,1.99784e-09
746.4,1.99652e-09
746.5,1.9952e-09
746.6,1.99388e-09
746.7,1.99256e-09
746.8,1.99124e-09
746.9,1.98992e-09
747,1.98861e-09
747.1,1.98729e-09
747.2,1.98597e-09
747.3,1.98466e-09
747.4,1.98334e-09
747.5,1.98203e-09
747.6,1.98071e-09
747.7,1.9794e-09
747.8,1.97809e-09
747.9,1.97677e-09
748,1.97546e-09
748.1,1.97414e-09
748.2,1.97281e-09
748.3,1.97149e-09
748.4,1.97017e-09
748.5,1.96885e-09
748.6,1.96753e-09
748.7,1.96621e-09
748.8,1.96488e-09
748.9,1.96357e-09
749,1.96225e-09
749.1,1.96091e-09
749.2,1.95957e-09
749.3,1.95823e-09
749.4,1.95689e-09
749.5,1.95556e-09
749.6,1.95422e-09
749.7,1.95289e-09
749.8,1.95155e-09
749.9,1.95022e-09
750,1.94888e-09
750.1,1.94793e-09
750.2,1.94698e-09
750.3,1.94603e-09
750.4,1.94508e-09
750.5,1.94413e-09
750.6,1.94318e-09
750.7,1.94223e-09
750.8,1.94128e-09
750.9,1.94033e-09
751,1.93938e-09
751.1,1.93851e-09
751.2,1.93764e-09
751.3,1.93677e-09
751.4,1.9359e-09
751.5,1.93503e-09
751.6,1.93416e-09
751.7,1.93329e-09
751.8,1.93242e-09
751.9,1.93155e-09
752,1.93068e-09
752.1,1.92985e-09
752.2,1.92902e-09
752.3,1.92819e-09
752.4,1.92736e-09
752.5,1.92653e-09
752.6,1.9257e-09
752.7,1.92487e-09
752.8,1.92404e-09
752.9,1.92321e-09
753,1.92238e-09
753.1,1.92155e-09
753.2,1.92072e-09
753.3,1.91989e-09
753.4,1.91906e-09
753.5,1.91823e-09
753.6,1.9174e-09
753.7,1.91657e-09
753.8,1.91574e-09
753.9,1.91491e-09
754,1.91408e-09
754.1,1.91322e-09
754.2,1.91236e-09
754.3,1.9115e-09
754.4,1.91064e-09
754.5,1.90978e-09
754.6,1.90892e-09
754.7,1.90806e-09
754.8,1.9072e-09
754.9,1.90634e-09
755,1.90549e-09
755.1,1.90421e-09
755.2,1.90294e-09
755.3,1.90167e-09
755.4,1.90039e-09
755.5,1.89912e-09
755.6,1.89785e-09
755.7,1.89657e-09
755.8,1.8953e-09
755.9,1.89403e-09
756,1.89276e-09
756.1,1.89067e-09
756.2,1.88859e-09
756.3,1.8865e-09
756.4,1.88442e-09
756.5,1.88233e-09
756.6,1.88025e-09
756.7,1.87816e-09
756.8,1.87608e-09
756.9,1.87399e-09
757,1.87191e-09
757.1,1.86987e-09
757.2,1.86783e-09
757.3,1.86579e-09
757.4,1.86375e-09
757.5,1.86171e-09
757.6,1.85967e-09
757.7,1.85763e-09
757.8,1.85559e-09
757.9,1.85355e-09
758,1.85151e-09
758.1,1.84947e-09
758.2,1.84743e-09
758.3,1.84539e-09
758.4,1.84335e-09
758.5,1.84132e-09
758.6,1.83928e-09
758.7,1.83724e-09
758.8,1.8352e-09
758.9,1.83316e-09
759,1.83112e-09
759.1,1.82896e-09
759.2,1.8268e-09
759.3,1.82464e-09
759.4,1.82248e-09
759.5,1.82033e-09
759.6,1.81817e-09
759.7,1.81601e-09
759.8,1.81385e-09
759.9,1.8117e-09
760,1.80954e-09
760.1,1.80741e-09
760.2,1.80527e-09
760.3,1.80314e-09
760.4,1.80101e-09
760.5,1.79887e-09
760.6,1.79674e-09
760.7,1.79461e-09
760.8,1.79248e-09
760.9,1.79035e-09
761,1.78822e-09
761.1,1.78697e-09
761.2,1.78573e-09
761.3,1.78449e-09
761.4,1.78325e-09
761.5,1.78201e-09
761.6,1.78077e-09
761.7,1.77953e-09
761.8,1.77829e-09
761.9,1.77705e-09
762,1.77581e-09
762.1,1.77475e-09
762.2,1.77369e-09
762.3,1.77263e-09
762.4,1.77158e-09
762.5,1.77052e-09
762.6,1.76946e-09
762.7,1.7684e-09
762.8,1.76735e-09
762.9,1.76629e-09
763,1.76523e-09
763.1,1.76421e-09
763.2,1.76319e-09
763.3,1.76216e-09
763.4,1.76114e-09
763.5,1.76012e-09
763.6,1.75909e-09
763.7,1.75807e-09
763.8,1.75705e-09
763.9,1.75602e-09
764,1.755e-09
764.1,1.75396e-09
764.2,1.75291e-09
764.3,1.75186e-09
764.4,1.75082e-09
764.5,1.74977e-09
764.6,1.74873e-09
764.7,1.74768e-09
764.8,1.74664e-09
764.9,1.74559e-09
765,1.74454e-09
765.1,1.74344e-09
765.2,1.74235e-09
765.3,1.74125e-09
765.4,1.74015e-09
765.5,1.73905e-09
765.6,1.73795e-09
765.7,1.73685e-09
765.8,1.73575e-09
765.9,1.73465e-09
766,1.73355e-09
766.1,1.73218e-09
766.2,1.7308e-09
766.3,1.72943e-09
766.4,1.72805e-09
766.5,1.72667e-09
766.6,1.7253e-09
766.7,1.72392e-09
766.8,1.72255e-09
766.9,1.72117e-09
767,1.7198e-09
767.1,1.71849e-09
767.2,1.71718e-09
767.3,1.71587e-09
767.4,1.71456e-09
767.5,1.71326e-09
767.6,1.71195e-09
767.7,1.71064e-09
767.8,1.70933e-09
767.9,1.70802e-09
768,1.70671e-09
768.1,1.7055e-09
768.2,1.70428e-09
768.3,1.70306e-09
768.4,1.70184e-09
768.5,1.70061e-09
768.6,1.69939e-09
768.7,1.69817e-09
768.8,1.69695e-09
768.9,1.69573e-09
769,1.69451e-09
769.1,1.69329e-09
769.2,1.69206e-09
769.3,1.69084e-09
769.4,1.68962e-09
769.5,1.68839e-09
769.6,1.68717e-09
769.7,1.68595e-09
769.8,1.68472e-09
769.9,1.6835e-09
770,1.68227e-09
770.1,1.68081e-09
770.2,1.67935e-09
770.3,1.67788e-09
770.4,1.67642e-09
770.5,1.67496e-09
770.6,1.6735e-09
770.7,1.67203e-09
770.8,1.67057e-09
770.9,1.66911e-09
771,1.66765e-09
771.1,1.6669e-09
771.2,1.66614e-09
771.3,1.66539e-09
771.4,1.66464e-09
771.5,1.66388e-09
771.6,1.66313e-09
771.7,1.66238e-09
771.8,1.66162e-09
771.9,1.66087e-09
772,1.66012e-09
772.1,1.65936e-09
772.2,1.6586e-09
772.3,1.65784e-09
772.4,1.65709e-09
772.5,1.65633e-09
772.6,1.65557e-09
772.7,1.65481e-09
772.8,1.65406e-09
772.9,1.6533e-09
773,1.65254e-09
773.1,1.65159e-09
773.2,1.65063e-09
773.3,1.64968e-09
773.4,1.64873e-09
773.5,1.64777e-09
773.6,1.64682e-09
773.7,1.64587e-09
773.8,1.64491e-09
773.9,1.64396e-09
774,1.64301e-09
774.1,1.64206e-09
774.2,1.64111e-09
774.3,1.64016e-09
774.4,1.63921e-09
774.5,1.63826e-09
774.6,1.63731e-09
774.7,1.63636e-09
774.8,1.63541e-09
774.9,1.63446e-09
775,1.63351e-09
775.1,1.63272e-09
775.2,1.63192e-09
775.3,1.63113e-09
775.4,1.63034e-09
775.5,1.62954e-09
775.6,1.62875e-09
775.7,1.62796e-09
775.8,1.62716e-09
775.9,1.62637e-09
776,1.62558e-09
776.1,1.62483e-09
776.2,1.62409e-09
776.3,1.62335e-09
776.4,1.6226e-09
776.5,1.62186e-09
776.6,1.62112e-09
776.7,1.62037e-09
776.8,1.61963e-09
776.9,1.61889e-09
777,1.61814e-09
777.1,1.6174e-09
777.2,1.61665e-09
777.3,1.61591e-09
777.4,1.61517e-09
777.5,1.61442e-09
777.6,1.61368e-09
777.7,1.61294e-09
777.8,1.61219e-09
777.9,1.61145e-09
778,1.61071e-09
778.1,1.6099e-09
778.2,1.6091e-09
778.3,1.60829e-09
778.4,1.60749e-09
778.5,1.60668e-09
778.6,1.60588e-09
778.7,1.60507e-09
778.8,1.60427e-09
778.9,1.60347e-09
779,1.60266e-09
779.1,1.60182e-09
779.2,1.60098e-09
779.3,1.60014e-09
779.4,1.5993e-09
779.5,1.59845e-09
779.6,1.59761e-09
779.7,1.59677e-09
779.8,1.59593e-09
779.9,1.59509e-09
780,1.59425e-09
780.1,1.59355e-09
780.2,1.59284e-09
780.3,1.59214e-09
780.4,1.59143e-09
780.5,1.59072e-09
780.6,1.59002e-09
780.7,1.58931e-09
780.8,1.58861e-09
780.9,1.5879e-09
781,1.5872e-09
781.1,1.58647e-09
781.2,1.58573e-09
781.3,1.585e-09
781.4,1.58427e-09
781.5,1.58353e-09
781.6,1.5828e-09
781.7,1.58207e-09
781.8,1.58134e-09
781.9,1.5806e-09
782,1.57987e-09
782.1,1.57914e-09
782.2,1.57841e-09
782.3,1.57768e-09
782.4,1.57695e-09
782.5,1.57622e-09
782.6,1.57549e-09
782.7,1.57476e-09
782.8,1.57403e-09
782.9,1.5733e-09
783,1.57257e-09
783.1,1.57181e-09
783.2,1.57104e-09
783.3,1.57027e-09
783.4,1.56951e-09
783.5,1.56874e-09
783.6,1.56797e-09
783.7,1.56721e-09
783.8,1.56644e-09
783.9,1.56567e-09
784,1.56491e-09
784.1,1.56401e-09
784.2,1.56311e-09
784.3,1.56221e-09
784.4,1.56131e-09
784.5,1.56041e-09
784.6,1.55951e-09
784.7,1.55861e-09
784.8,1.55771e-09
784.9,1.55681e-09
785,1.55591e-09
785.1,1.55487e-09
785.2,1.55383e-09
785.3,1.55279e-09
785.4,1.55174e-09
785.5,1.5507e-09
785.6,1.54966e-09
785.7,1.54862e-09
785.8,1.54758e-09
785.9,1.54654e-09
786,1.5455e-09
786.1,1.54424e-09
786.2,1.54298e-09
786.3,1.54172e-09
786.4,1.54046e-09
786.5,1.5392e-09
786.6,1.53794e-09
786.7,1.53668e-09
786.8,1.53542e-09
786.9,1.53416e-09
787,1.53291e-09
787.1,1.53175e-09
787.2,1.5306e-09
787.3,1.52944e-09
787.4,1.52829e-09
787.5,1.52714e-09
787.6,1.52598e-09
787.7,1.52483e-09
787.8,1.52367e-09
787.9,1.52252e-09
788,1.52137e-09
788.1,1.52021e-09
788.2,1.51906e-09
788.3,1.5179e-09
788.4,1.51675e-09
788.5,1.5156e-09
788.6,1.51444e-09
788.7,1.51329e-09
788.8,1.51213e-09
788.9,1.51098e-09
789,1.50983e-09
789.1,1.50864e-09
789.2,1.50744e-09
789.3,1.50625e-09
789.4,1.50506e-09
789.5,1.50387e-09
789.6,1.50268e-09
789.7,1.50149e-09
789.8,1.5003e-09
789.9,1.49911e-09
790,1.49791e-09
790.1,1.49686e-09
790.2,1.4958e-09
790.3,1.49474e-09
790.4,1.49368e-09
790.5,1.49262e-09
790.6,1.49156e-09
790.7,1.4905e-09
790.8,1.48944e-09
790.9,1.48838e-09
791,1.48732e-09
791.1,1.4864e-09
791.2,1.48547e-09
791.3,1.48455e-09
791.4,1.48363e-09
791.5,1.48271e-09
791.6,1.48179e-09
791.7,1.48087e-09
791.8,1.47994e-09
791.9,1.47902e-09
792,1.4781e-09
792.1,1.47721e-09
792.2,1.47633e-09
792.3,1.47544e-09
792.4,1.47455e-09
792.5,1.47367e-09
792.6,1.47278e-09
792.7,1.4719e-09
792.8,1.47101e-09
792.9,1.47012e-09
793,1.46924e-09
793.1,1.46835e-09
793.2,1.46746e-09
793.3,1.46657e-09
793.4,1.46569e-09
793.5,1.4648e-09
793.6,1.46391e-09
793.7,1.46303e-09
793.8,1.46214e-09
793.9,1.46125e-09
794,1.46036e-09
794.1,1.45948e-09
794.2,1.45861e-09
794.3,1.45773e-09
794.4,1.45685e-09
794.5,1.45597e-09
794.6,1.45509e-09
794.7,1.45421e-09
794.8,1.45333e-09
794.9,1.45245e-09
795,1.45157e-09
795.1,1.45077e-09
795.2,1.44997e-09
795.3,1.44918e-09
795.4,1.44838e-09
795.5,1.44758e-09
795.6,1.44678e-09
795.7,1.44598e-09
795.8,1.44518e-09
795.9,1.44438e-09
796,1.44358e-09
796.1,1.44235e-09
796.2,1.44112e-09
796.3,1.4399e-09
796.4,1.43867e-09
796.5,1.43744e-09
796.6,1.43621e-09
796.7,1.43498e-09
796.8,1.43375e-09
796.9,1.43252e-09
797,1.43129e-09
797.1,1.42995e-09
797.2,1.42861e-09
797.3,1.42728e-09
797.4,1.42594e-09
797.5,1.4246e-09
797.6,1.42325e-09
797.7,1.42191e-09
797.8,1.42057e-09
797.9,1.41923e-09
798,1.41789e-09
798.1,1.41654e-09
798.2,1.41518e-09
798.3,1.41383e-09
798.4,1.41247e-09
798.5,1.41111e-09
798.6,1.40976e-09
798.7,1.4084e-09
798.8,1.40705e-09
798.9,1.40569e-09
799,1.40433e-09
799.1,1.40298e-09
799.2,1.40162e-09
799.3,1.40026e-09
799.4,1.3989e-09
799.5,1.39754e-09
799.6,1.39619e-09
799.7,1.39483e-09
799.8,1.39347e-09
799.9,1.39211e-09
800,1.39075e-09
800.1,1.38926e-09
800.2,1.38778e-09
800.3,1.38629e-09
800.4,1.3848e-09
800.5,1.38332e-09
800.6,1.38183e-09
800.7,1.38035e-09
800.8,1.37886e-09
800.9,1.37737e-09
801,1.37589e-09
801.1,1.37524e-09
801.2,1.37459e-09
801.3,1.37394e-09
801.4,1.37329e-09
801.5,1.37264e-09
801.6,1.37199e-09
801.7,1.37133e-09
801.8,1.37068e-09
801.9,1.37003e-09
802,1.36938e-09
802.1,1.36884e-09
802.2,1.36831e-09
802.3,1.36777e-09
802.4,1.36723e-09
802.5,1.36669e-09
802.6,1.36615e-09
802.7,1.36561e-09
802.8,1.36507e-09
802.9,1.36453e-09
803,1.36399e-09
803.1,1.36349e-09
803.2,1.363e-09
803.3,1.3625e-09
803.4,1.36201e-09
803.5,1.36151e-09
803.6,1.36102e-09
803.7,1.36052e-09
803.8,1.36003e-09
803.9,1.35953e-09
804,1.35904e-09
804.1,1.35854e-09
804.2,1.35805e-09
804.3,1.35755e-09
804.4,1.35705e-09
804.5,1.35656e-09
804.6,1.35606e-09
804.7,1.35557e-09
804.8,1.35507e-09
804.9,1.35458e-09
805,1.35408e-09
805.1,1.35338e-09
805.2,1.35269e-09
805.3,1.35199e-09
805.4,1.3513e-09
805.5,1.3506e-09
805.6,1.34991e-09
805.7,1.34921e-09
805.8,1.34852e-09
805.9,1.34782e-09
806,1.34713e-09
806.1,1.3465e-09
806.2,1.34588e-09
806.3,1.34525e-09
806.4,1.34463e-09
806.5,1.344e-09
806.6,1.34338e-09
806.7,1.34275e-09
806.8,1.34213e-09
806.9,1.3415e-09
807,1.34088e-09
807.1,1.34026e-09
807.2,1.33964e-09
807.3,1.33902e-09
807.4,1.3384e-09
807.5,1.33777e-09
807.6,1.33715e-09
807.7,1.33653e-09
807.8,1.33591e-09
807.9,1.33529e-09
808,1.33467e-09
808.1,1.33403e-09
808.2,1.33339e-09
808.3,1.33275e-09
808.4,1.33212e-09
808.5,1.33148e-09
808.6,1.33084e-09
808.7,1.3302e-09
808.8,1.32956e-09
808.9,1.32893e-09
809,1.32829e-09
809.1,1.32765e-09
809.2,1.32701e-09
809.3,1.32637e-09
809.4,1.32573e-09
809.5,1.32509e-09
809.6,1.32445e-09
809.7,1.32381e-09
809.8,1.32317e-09
809.9,1.32253e-09
810,1.32189e-09
810.1,1.32141e-09
810.2,1.32093e-09
810.3,1.32045e-09
810.4,1.31997e-09
810.5,1.31949e-09
810.6,1.31901e-09
810.7,1.31853e-09
810.8,1.31805e-09
810.9,1.31757e-09
811,1.31709e-09
811.1,1.31682e-09
811.2,1.31655e-09
811.3,1.31628e-09
811.4,1.31601e-09
811.5,1.31574e-09
811.6,1.31548e-09
811.7,1.31521e-09
811.8,1.31494e-09
811.9,1.31467e-09
812,1.3144e-09
812.1,1.31413e-09
812.2,1.31387e-09
812.3,1.3136e-09
812.4,1.31333e-09
812.5,1.31306e-09
812.6,1.31279e-09
812.7,1.31253e-09
812.8,1.31226e-09
812.9,1.31199e-09
813,1.31172e-09
813.1,1.31145e-09
813.2,1.31118e-09
813.3,1.31092e-09
813.4,1.31065e-09
813.5,1.31038e-09
813.6,1.31011e-09
813.7,1.30984e-09
813.8,1.30957e-09
813.9,1.30931e-09
814,1.30904e-09
814.1,1.30877e-09
814.2,1.3085e-09
814.3,1.30823e-09
814.4,1.30796e-09
814.5,1.3077e-09
814.6,1.30743e-09
814.7,1.30716e-09
814.8,1.30689e-09
814.9,1.30662e-09
815,1.30635e-09
815.1,1.306e-09
815.2,1.30564e-09
815.3,1.30528e-09
815.4,1.30492e-09
815.5,1.30457e-09
815.6,1.30421e-09
815.7,1.30385e-09
815.8,1.3035e-09
815.9,1.30314e-09
816,1.30278e-09
816.1,1.30214e-09
816.2,1.30149e-09
816.3,1.30084e-09
816.4,1.3002e-09
816.5,1.29955e-09
816.6,1.2989e-09
816.7,1.29826e-09
816.8,1.29761e-09
816.9,1.29697e-09
817,1.29632e-09
817.1,1.2956e-09
817.2,1.29488e-09
817.3,1.29415e-09
817.4,1.29343e-09
817.5,1.29271e-09
817.6,1.29199e-09
817.7,1.29127e-09
817.8,1.29055e-09
817.9,1.28982e-09
818,1.2891e-09
818.1,1.28838e-09
818.2,1.28766e-09
818.3,1.28694e-09
818.4,1.28622e-09
818.5,1.2855e-09
818.6,1.28478e-09
818.7,1.28406e-09
818.8,1.28333e-09
818.9,1.28261e-09
819,1.28189e-09
819.1,1.28117e-09
819.2,1.28045e-09
819.3,1.27973e-09
819.4,1.27901e-09
819.5,1.27829e-09
819.6,1.27757e-09
819.7,1.27685e-09
819.8,1.27613e-09
819.9,1.27541e-09
820,1.27469e-09
820.1,1.27409e-09
820.2,1.27349e-09
820.3,1.27289e-09
820.4,1.27229e-09
820.5,1.27169e-09
820.6,1.27108e-09
820.7,1.27048e-09
820.8,1.26988e-09
820.9,1.26928e-09
821,1.26868e-09
821.1,1.26714e-09
821.2,1.26561e-09
821.3,1.26407e-09
821.4,1.26254e-09
821.5,1.261e-09
821.6,1.25946e-09
821.7,1.25793e-09
821.8,1.25639e-09
821.9,1.25485e-09
822,1.25332e-09
822.1,1.25108e-09
822.2,1.24884e-09
822.3,1.2466e-09
822.4,1.24437e-09
822.5,1.24213e-09
822.6,1.23989e-09
822.7,1.23765e-09
822.8,1.23541e-09
822.9,1.23317e-09
823,1.23093e-09
823.1,1.2287e-09
823.2,1.22646e-09
823.3,1.22422e-09
823.4,1.22198e-09
823.5,1.21974e-09
823.6,1.2175e-09
823.7,1.21526e-09
823.8,1.21302e-09
823.9,1.21077e-09
824,1.20853e-09
824.1,1.20628e-09
824.2,1.20403e-09
824.3,1.20177e-09
824.4,1.19952e-09
824.5,1.19726e-09
824.6,1.19501e-09
824.7,1.19276e-09
824.8,1.1905e-09
824.9,1.18825e-09
825,1.18599e-09
825.1,1.18369e-09
825.2,1.18139e-09
825.3,1.17909e-09
825.4,1.17678e-09
825.5,1.17448e-09
825.6,1.17218e-09
825.7,1.16988e-09
825.8,1.16758e-09
825.9,1.16528e-09
826,1.16297e-09
826.1,1.16078e-09
826.2,1.15858e-09
826.3,1.15639e-09
826.4,1.15419e-09
826.5,1.15199e-09
826.6,1.1498e-09
826.7,1.1476e-09
826.8,1.14541e-09
826.9,1.14321e-09
827,1.14101e-09
827.1,1.1389e-09
827.2,1.13678e-09
827.3,1.13467e-09
827.4,1.13255e-09
827.5,1.13044e-09
827.6,1.12832e-09
827.7,1.1262e-09
827.8,1.12409e-09
827.9,1.12197e-09
828,1.11986e-09
828.1,1.11774e-09
828.2,1.11562e-09
828.3,1.11351e-09
828.4,1.11139e-09
828.5,1.10928e-09
828.6,1.10716e-09
828.7,1.10505e-09
828.8,1.10293e-09
828.9,1.10082e-09
829,1.0987e-09
829.1,1.09658e-09
829.2,1.09447e-09
829.3,1.09235e-09
829.4,1.09024e-09
829.5,1.08812e-09
829.6,1.08601e-09
829.7,1.08389e-09
829.8,1.08178e-09
829.9,1.07966e-09
830,1.07754e-09
830.1,1.07548e-09
830.2,1.07342e-09
830.3,1.07137e-09
830.4,1.06931e-09
830.5,1.06724e-09
830.6,1.06518e-09
830.7,1.06312e-09
830.8,1.06106e-09
830.9,1.059e-09
831,1.05694e-09
831.1,1.05678e-09
831.2,1.05662e-09
831.3,1.05646e-09
831.4,1.0563e-09
831.5,1.05614e-09
831.6,1.05598e-09
831.7,1.05582e-09
831.8,1.05566e-09
831.9,1.0555e-09
832,1.05534e-09
832.1,1.05607e-09
832.2,1.0568e-09
832.3,1.05753e-09
832.4,1.05826e-09
832.5,1.05899e-09
832.6,1.05972e-09
832.7,1.06046e-09
832.8,1.06119e-09
832.9,1.06192e-09
833,1.06265e-09
833.1,1.06338e-09
833.2,1.06411e-09
833.3,1.06484e-09
833.4,1.06557e-09
833.5,1.0663e-09
833.6,1.06703e-09
833.7,1.06777e-09
833.8,1.0685e-09
833.9,1.06923e-09
834,1.06996e-09
834.1,1.07069e-09
834.2,1.07142e-09
834.3,1.07216e-09
834.4,1.07289e-09
834.5,1.07362e-09
834.6,1.07435e-09
834.7,1.07508e-09
834.8,1.07582e-09
834.9,1.07655e-09
835,1.07728e-09
835.1,1.07787e-09
835.2,1.07847e-09
835.3,1.07906e-09
835.4,1.07965e-09
835.5,1.08024e-09
835.6,1.08083e-09
835.7,1.08143e-09
835.8,1.08202e-09
835.9,1.08261e-09
836,1.0832e-09
836.1,1.08436e-09
836.2,1.08553e-09
836.3,1.08669e-09
836.4,1.08785e-09
836.5,1.08902e-09
836.6,1.09018e-09
836.7,1.09134e-09
836.8,1.09251e-09
836.9,1.09367e-09
837,1.09483e-09
837.1,1.0962e-09
837.2,1.09756e-09
837.3,1.09893e-09
837.4,1.1003e-09
837.5,1.10166e-09
837.6,1.10303e-09
837.7,1.1044e-09
837.8,1.10576e-09
837.9,1.10713e-09
838,1.10849e-09
838.1,1.10986e-09
838.2,1.11122e-09
838.3,1.11258e-09
838.4,1.11395e-09
838.5,1.11531e-09
838.6,1.11668e-09
838.7,1.11804e-09
838.8,1.1194e-09
838.9,1.12077e-09
839,1.12213e-09
839.1,1.12349e-09
839.2,1.12486e-09
839.3,1.12622e-09
839.4,1.12758e-09
839.5,1.12894e-09
839.6,1.1303e-09
839.7,1.13166e-09
839.8,1.13303e-09
839.9,1.13439e-09
840,1.13575e-09
840.1,1.13718e-09
840.2,1.13861e-09
840.3,1.14004e-09
840.4,1.14147e-09
840.5,1.14291e-09
840.6,1.14434e-09
840.7,1.14577e-09
840.8,1.1472e-09
840.9,1.14863e-09
841,1.15006e-09
841.1,1.14989e-09
841.2,1.14971e-09
841.3,1.14953e-09
841.4,1.14936e-09
841.5,1.14918e-09
841.6,1.149e-09
841.7,1.14883e-09
841.8,1.14865e-09
841.9,1.14847e-09
842,1.1483e-09
842.1,1.14768e-09
842.2,1.14707e-09
842.3,1.14646e-09
842.4,1.14585e-09
842.5,1.14524e-09
842.6,1.14463e-09
842.7,1.14402e-09
842.8,1.1434e-09
842.9,1.14279e-09
843,1.14218e-09
843.1,1.14149e-09
843.2,1.1408e-09
843.3,1.1401e-09
843.4,1.13941e-09
843.5,1.13872e-09
843.6,1.13803e-09
843.7,1.13734e-09
843.8,1.13665e-09
843.9,1.13596e-09
844,1.13526e-09
844.1,1.13455e-09
844.2,1.13383e-09
844.3,1.13311e-09
844.4,1.1324e-09
844.5,1.13168e-09
844.6,1.13096e-09
844.7,1.13025e-09
844.8,1.12953e-09
844.9,1.12882e-09
845,1.1281e-09
845.1,1.12741e-09
845.2,1.12671e-09
845.3,1.12602e-09
845.4,1.12533e-09
845.5,1.12463e-09
845.6,1.12394e-09
845.7,1.12325e-09
845.8,1.12256e-09
845.9,1.12186e-09
846,1.12117e-09
846.1,1.11984e-09
846.2,1.11851e-09
846.3,1.11718e-09
846.4,1.11585e-09
846.5,1.11451e-09
846.6,1.11318e-09
846.7,1.11185e-09
846.8,1.11052e-09
846.9,1.10918e-09
847,1.10785e-09
847.1,1.10594e-09
847.2,1.10403e-09
847.3,1.10211e-09
847.4,1.1002e-09
847.5,1.09829e-09
847.6,1.09638e-09
847.7,1.09446e-09
847.8,1.09255e-09
847.9,1.09064e-09
848,1.08872e-09
848.1,1.08679e-09
848.2,1.08486e-09
848.3,1.08293e-09
848.4,1.081e-09
848.5,1.07906e-09
848.6,1.07713e-09
848.7,1.0752e-09
848.8,1.07326e-09
848.9,1.07133e-09
849,1.0694e-09
849.1,1.06743e-09
849.2,1.06546e-09
849.3,1.0635e-09
849.4,1.06153e-09
849.5,1.05957e-09
849.6,1.0576e-09
849.7,1.05563e-09
849.8,1.05367e-09
849.9,1.0517e-09
850,1.04973e-09
850.1,1.04806e-09
850.2,1.04639e-09
850.3,1.04472e-09
850.4,1.04304e-09
850.5,1.04137e-09
850.6,1.03969e-09
850.7,1.03801e-09
850.8,1.03633e-09
850.9,1.03465e-09
851,1.03297e-09
851.1,1.03139e-09
851.2,1.0298e-09
851.3,1.02821e-09
851.4,1.02662e-09
851.5,1.02503e-09
851.6,1.02343e-09
851.7,1.02184e-09
851.8,1.02024e-09
851.9,1.01865e-09
852,1.01705e-09
852.1,1.01559e-09
852.2,1.01412e-09
852.3,1.01266e-09
852.4,1.01119e-09
852.5,1.00973e-09
852.6,1.00826e-09
852.7,1.00679e-09
852.8,1.00532e-09
852.9,1.00385e-09
853,1.00237e-09
853.1,1.0009e-09
853.2,9.99422e-10
853.3,9.97945e-10
853.4,9.96468e-10
853.5,9.94988e-10
853.6,9.93508e-10
853.7,9.92027e-10
853.8,9.90544e-10
853.9,9.89061e-10
854,9.87576e-10
854.1,9.8596e-10
854.2,9.84344e-10
854.3,9.82728e-10
854.4,9.8111e-10
854.5,9.79492e-10
854.6,9.77872e-10
854.7,9.76253e-10
854.8,9.74632e-10
854.9,9.7301e-10
855,9.71388e-10
855.1,9.69234e-10
855.2,9.67081e-10
855.3,9.64929e-10
855.4,9.62779e-10
855.5,9.60629e-10
855.6,9.58482e-10
855.7,9.56335e-10
855.8,9.5419e-10
855.9,9.52046e-10
856,9.49903e-10
856.1,9.47864e-10
856.2,9.45826e-10
856.3,9.4379e-10
856.4,9.41754e-10
856.5,9.3972e-10
856.6,9.37687e-10
856.7,9.35655e-10
856.8,9.33624e-10
856.9,9.31594e-10
857,9.29565e-10
857.1,9.27726e-10
857.2,9.25888e-10
857.3,9.24051e-10
857.4,9.22215e-10
857.5,9.20379e-10
857.6,9.18544e-10
857.7,9.16709e-10
857.8,9.14876e-10
857.9,9.13043e-10
858,9.11211e-10
858.1,9.0938e-10
858.2,9.07549e-10
858.3,9.05719e-10
858.4,9.0389e-10
858.5,9.02062e-10
858.6,9.00235e-10
858.7,8.98408e-10
858.8,8.96582e-10
858.9,8.94756e-10
859,8.92932e-10
859.1,8.9116e-10
859.2,8.89389e-10
859.3,8.87618e-10
859.4,8.85848e-10
859.5,8.84078e-10
859.6,8.82309e-10
859.7,8.8054e-10
859.8,8.78772e-10
859.9,8.77005e-10
860,8.75237e-10
860.1,8.73779e-10
860.2,8.72319e-10
860.3,8.70859e-10
860.4,8.69398e-10
860.5,8.67937e-10
860.6,8.66475e-10
860.7,8.65013e-10
860.8,8.6355e-10
860.9,8.62086e-10
861,8.60622e-10
861.1,8.59906e-10
861.2,8.5919e-10
861.3,8.58473e-10
861.4,8.57756e-10
861.5,8.57038e-10
861.6,8.56321e-10
861.7,8.55603e-10
861.8,8.54885e-10
861.9,8.54166e-10
862,8.53447e-10
862.1,8.53471e-10
862.2,8.53496e-10
862.3,8.5352e-10
862.4,8.53545e-10
862.5,8.53569e-10
862.6,8.53593e-10
862.7,8.53618e-10
862.8,8.53642e-10
862.9,8.53666e-10
863,8.53691e-10
863.1,8.5369e-10
863.2,8.53689e-10
863.3,8.53688e-10
863.4,8.53686e-10
863.5,8.53685e-10
863.6,8.53684e-10
863.7,8.53683e-10
863.8,8.53682e-10
863.9,8.53681e-10
864,8.5368e-10
864.1,8.53689e-10
864.2,8.53699e-10
864.3,8.53708e-10
864.4,8.53718e-10
864.5,8.53728e-10
864.6,8.53737e-10
864.7,8.53747e-10
864.8,8.53756e-10
864.9,8.53766e-10
865,8.53775e-10
865.1,8.53836e-10
865.2,8.53896e-10
865.3,8.53957e-10
865.4,8.54018e-10
865.5,8.54078e-10
865.6,8.54139e-10
865.7,8.542e-10
865.8,8.5426e-10
865.9,8.54321e-10
866,8.54381e-10
866.1,8.54748e-10
866.2,8.55114e-10
866.3,8.5548e-10
866.4,8.55846e-10
866.5,8.56213e-10
866.6,8.56579e-10
866.7,8.56945e-10
866.8,8.57312e-10
866.9,8.57678e-10
867,8.58045e-10
867.1,8.58675e-10
867.2,8.59305e-10
867.3,8.59935e-10
867.4,8.60565e-10
867.5,8.61196e-10
867.6,8.61826e-10
867.7,8.62456e-10
867.8,8.63087e-10
867.9,8.63717e-10
868,8.64348e-10
868.1,8.64948e-10
868.2,8.65549e-10
868.3,8.6615e-10
868.4,8.6675e-10
868.5,8.67351e-10
868.6,8.67951e-10
868.7,8.68552e-10
868.8,8.69153e-10
868.9,8.69753e-10
869,8.70354e-10
869.1,8.70955e-10
869.2,8.71555e-10
869.3,8.72156e-10
869.4,8.72757e-10
869.5,8.73357e-10
869.6,8.73958e-10
869.7,8.74559e-10
869.8,8.7516e-10
869.9,8.7576e-10
870,8.76361e-10
870.1,8.77066e-10
870.2,8.77771e-10
870.3,8.78476e-10
870.4,8.79182e-10
870.5,8.79887e-10
870.6,8.80593e-10
870.7,8.81299e-10
870.8,8.82005e-10
870.9,8.82711e-10
871,8.83417e-10
871.1,8.83602e-10
871.2,8.83786e-10
871.3,8.8397e-10
871.4,8.84154e-10
871.5,8.84339e-10
871.6,8.84523e-10
871.7,8.84707e-10
871.8,8.84892e-10
871.9,8.85076e-10
872,8.8526e-10
872.1,8.85033e-10
872.2,8.84806e-10
872.3,8.84578e-10
872.4,8.84351e-10
872.5,8.84123e-10
872.6,8.83895e-10
872.7,8.83667e-10
872.8,8.83439e-10
872.9,8.83211e-10
873,8.82983e-10
873.1,8.8265e-10
873.2,8.82317e-10
873.3,8.81984e-10
873.4,8.81651e-10
873.5,8.81318e-10
873.6,8.80985e-10
873.7,8.80651e-10
873.8,8.80318e-10
873.9,8.79985e-10
874,8.79652e-10
874.1,8.79319e-10
874.2,8.78985e-10
874.3,8.78652e-10
874.4,8.78319e-10
874.5,8.77985e-10
874.6,8.77652e-10
874.7,8.77319e-10
874.8,8.76985e-10
874.9,8.76652e-10
875,8.76318e-10
875.1,8.75955e-10
875.2,8.75591e-10
875.3,8.75228e-10
875.4,8.74864e-10
875.5,8.74501e-10
875.6,8.74138e-10
875.7,8.73774e-10
875.8,8.73411e-10
875.9,8.73047e-10
876,8.72684e-10
876.1,8.72386e-10
876.2,8.72088e-10
876.3,8.7179e-10
876.4,8.71492e-10
876.5,8.71194e-10
876.6,8.70896e-10
876.7,8.70597e-10
876.8,8.70299e-10
876.9,8.7e-10
877,8.69701e-10
877.1,8.69308e-10
877.2,8.68915e-10
877.3,8.68521e-10
877.4,8.68128e-10
877.5,8.67734e-10
877.6,8.6734e-10
877.7,8.66946e-10
877.8,8.66552e-10
877.9,8.66158e-10
878,8.65764e-10
878.1,8.65271e-10
878.2,8.64779e-10
878.3,8.64286e-10
878.4,8.63793e-10
878.5,8.63301e-10
878.6,8.62808e-10
878.7,8.62315e-10
878.8,8.61823e-10
878.9,8.6133e-10
879,8.60837e-10
879.1,8.60285e-10
879.2,8.59733e-10
879.3,8.59181e-10
879.4,8.58629e-10
879.5,8.58078e-10
879.6,8.57526e-10
879.7,8.56974e-10
879.8,8.56422e-10
879.9,8.55871e-10
880,8.55319e-10
880.1,8.54909e-10
880.2,8.54498e-10
880.3,8.54087e-10
880.4,8.53676e-10
880.5,8.53265e-10
880.6,8.52854e-10
880.7,8.52442e-10
880.8,8.52031e-10
880.9,8.5162e-10
881,8.51208e-10
881.1,8.50635e-10
881.2,8.50063e-10
881.3,8.4949e-10
881.4,8.48916e-10
881.5,8.48343e-10
881.6,8.4777e-10
881.7,8.47196e-10
881.8,8.46623e-10
881.9,8.46049e-10
882,8.45475e-10
882.1,8.4384e-10
882.2,8.42205e-10
882.3,8.40569e-10
882.4,8.38933e-10
882.5,8.37296e-10
882.6,8.35659e-10
882.7,8.34022e-10
882.8,8.32385e-10
882.9,8.30747e-10
883,8.29108e-10
883.1,8.27502e-10
883.2,8.25895e-10
883.3,8.24288e-10
883.4,8.2268e-10
883.5,8.21072e-10
883.6,8.19463e-10
883.7,8.17854e-10
883.8,8.16244e-10
883.9,8.14634e-10
884,8.13023e-10
884.1,8.11528e-10
884.2,8.10031e-10
884.3,8.08534e-10
884.4,8.07035e-10
884.5,8.05536e-10
884.6,8.04035e-10
884.7,8.02534e-10
884.8,8.01032e-10
884.9,7.99528e-10
885,7.98024e-10
885.1,7.96401e-10
885.2,7.94778e-10
885.3,7.93154e-10
885.4,7.9153e-10
885.5,7.89905e-10
885.6,7.88279e-10
885.7,7.86653e-10
885.8,7.85027e-10
885.9,7.834e-10
886,7.81773e-10
886.1,7.79965e-10
886.2,7.78158e-10
886.3,7.76351e-10
886.4,7.74543e-10
886.5,7.72735e-10
886.6,7.70927e-10
886.7,7.69119e-10
886.8,7.67311e-10
886.9,7.65502e-10
887,7.63694e-10
887.1,7.61375e-10
887.2,7.59056e-10
887.3,7.56737e-10
887.4,7.54419e-10
887.5,7.52101e-10
887.6,7.49783e-10
887.7,7.47466e-10
887.8,7.45149e-10
887.9,7.42831e-10
888,7.40515e-10
888.1,7.38198e-10
888.2,7.35882e-10
888.3,7.33565e-10
888.4,7.31249e-10
888.5,7.28934e-10
888.6,7.26618e-10
888.7,7.24303e-10
888.8,7.21988e-10
888.9,7.19673e-10
889,7.17359e-10
889.1,7.15062e-10
889.2,7.12765e-10
889.3,7.10469e-10
889.4,7.08172e-10
889.5,7.05876e-10
889.6,7.0358e-10
889.7,7.01284e-10
889.8,6.98988e-10
889.9,6.96692e-10
890,6.94396e-10
890.1,6.92216e-10
890.2,6.90035e-10
890.3,6.87853e-10
890.4,6.8567e-10
890.5,6.83487e-10
890.6,6.81304e-10
890.7,6.7912e-10
890.8,6.76935e-10
890.9,6.74749e-10
891,6.72563e-10
891.1,6.70771e-10
891.2,6.68978e-10
891.3,6.67185e-10
891.4,6.65391e-10
891.5,6.63596e-10
891.6,6.61801e-10
891.7,6.60006e-10
891.8,6.5821e-10
891.9,6.56413e-10
892,6.54616e-10
892.1,6.54079e-10
892.2,6.53542e-10
892.3,6.53005e-10
892.4,6.52467e-10
892.5,6.5193e-10
892.6,6.51391e-10
892.7,6.50853e-10
892.8,6.50314e-10
892.9,6.49776e-10
893,6.49237e-10
893.1,6.48697e-10
893.2,6.48158e-10
893.3,6.47618e-10
893.4,6.47078e-10
893.5,6.46537e-10
893.6,6.45997e-10
893.7,6.45456e-10
893.8,6.44915e-10
893.9,6.44374e-10
894,6.43832e-10
894.1,6.43298e-10
894.2,6.42764e-10
894.3,6.42229e-10
894.4,6.41695e-10
894.5,6.4116e-10
894.6,6.40624e-10
894.7,6.40089e-10
894.8,6.39553e-10
894.9,6.39017e-10
895,6.3848e-10
895.1,6.37883e-10
895.2,6.37285e-10
895.3,6.36688e-10
895.4,6.3609e-10
895.5,6.35492e-10
895.6,6.34893e-10
895.7,6.34295e-10
895.8,6.33697e-10
895.9,6.33098e-10
896,6.32499e-10
896.1,6.32106e-10
896.2,6.31713e-10
896.3,6.3132e-10
896.4,6.30927e-10
896.5,6.30533e-10
896.6,6.3014e-10
896.7,6.29746e-10
896.8,6.29353e-10
896.9,6.28959e-10
897,6.28565e-10
897.1,6.28621e-10
897.2,6.28676e-10
897.3,6.28731e-10
897.4,6.28787e-10
897.5,6.28842e-10
897.6,6.28897e-10
897.7,6.28953e-10
897.8,6.29008e-10
897.9,6.29063e-10
898,6.29119e-10
898.1,6.29157e-10
898.2,6.29196e-10
898.3,6.29234e-10
898.4,6.29273e-10
898.5,6.29311e-10
898.6,6.2935e-10
898.7,6.29388e-10
898.8,6.29427e-10
898.9,6.29465e-10
899,6.29504e-10
899.1,6.29542e-10
899.2,6.29581e-10
899.3,6.29619e-10
899.4,6.29658e-10
899.5,6.29696e-10
899.6,6.29735e-10
899.7,6.29773e-10
899.8,6.29812e-10
899.9,6.2985e-10
900,6.29889e-10
900.1,6.29849e-10
900.2,6.2981e-10
900.3,6.2977e-10
900.4,6.2973e-10
900.5,6.29691e-10
900.6,6.29651e-10
900.7,6.29612e-10
900.8,6.29572e-10
900.9,6.29532e-10
901,6.29493e-10
901.1,6.29446e-10
901.2,6.29398e-10
901.3,6.29351e-10
901.4,6.29304e-10
901.5,6.29256e-10
901.6,6.29209e-10
901.7,6.29162e-10
901.8,6.29115e-10
901.9,6.29067e-10
902,6.2902e-10
902.1,6.28976e-10
902.2,6.28931e-10
902.3,6.28887e-10
902.4,6.28842e-10
902.5,6.28798e-10
902.6,6.28753e-10
902.7,6.28709e-10
902.8,6.28664e-10
902.9,6.2862e-10
903,6.28575e-10
903.1,6.28571e-10
903.2,6.28566e-10
903.3,6.28561e-10
903.4,6.28556e-10
903.5,6.28552e-10
903.6,6.28547e-10
903.7,6.28542e-10
903.8,6.28537e-10
903.9,6.28533e-10
904,6.28528e-10
904.1,6.28523e-10
904.2,6.28518e-10
904.3,6.28513e-10
904.4,6.28509e-10
904.5,6.28504e-10
904.6,6.28499e-10
904.7,6.28494e-10
904.8,6.28489e-10
904.9,6.28484e-10
905,6.28479e-10
905.1,6.28306e-10
905.2,6.28132e-10
905.3,6.27959e-10
905.4,6.27785e-10
905.5,6.27612e-10
905.6,6.27439e-10
905.7,6.27265e-10
905.8,6.27092e-10
905.9,6.26918e-10
906,6.26745e-10
906.1,6.26544e-10
906.2,6.26344e-10
906.3,6.26143e-10
906.4,6.25942e-10
906.5,6.25742e-10
906.6,6.25541e-10
906.7,6.2534e-10
906.8,6.2514e-10
906.9,6.2494e-10
907,6.24739e-10
907.1,6.24477e-10
907.2,6.24215e-10
907.3,6.23953e-10
907.4,6.23691e-10
907.5,6.23429e-10
907.6,6.23167e-10
907.7,6.22906e-10
907.8,6.22644e-10
907.9,6.22383e-10
908,6.22121e-10
908.1,6.21935e-10
908.2,6.21748e-10
908.3,6.21561e-10
908.4,6.21375e-10
908.5,6.21188e-10
908.6,6.21002e-10
908.7,6.20815e-10
908.8,6.20629e-10
908.9,6.20443e-10
909,6.20256e-10
909.1,6.20079e-10
909.2,6.19901e-10
909.3,6.19724e-10
909.4,6.19547e-10
909.5,6.19369e-10
909.6,6.19192e-10
909.7,6.19015e-10
909.8,6.18837e-10
909.9,6.1866e-10
910,6.18483e-10
910.1,6.18709e-10
910.2,6.18936e-10
910.3,6.19162e-10
910.4,6.19388e-10
910.5,6.19615e-10
910.6,6.19841e-10
910.7,6.20068e-10
910.8,6.20294e-10
910.9,6.20521e-10
911,6.20748e-10
911.1,6.20907e-10
911.2,6.21066e-10
911.3,6.21225e-10
911.4,6.21384e-10
911.5,6.21543e-10
911.6,6.21702e-10
911.7,6.21861e-10
911.8,6.22021e-10
911.9,6.2218e-10
912,6.22339e-10
912.1,6.21019e-10
912.2,6.19698e-10
912.3,6.18376e-10
912.4,6.17052e-10
912.5,6.15728e-10
912.6,6.14403e-10
912.7,6.13076e-10
912.8,6.11749e-10
912.9,6.1042e-10
913,6.09091e-10
913.1,6.07648e-10
913.2,6.06204e-10
913.3,6.04759e-10
913.4,6.03312e-10
913.5,6.01864e-10
913.6,6.00415e-10
913.7,5.98964e-10
913.8,5.97512e-10
913.9,5.96059e-10
914,5.94604e-10
914.1,5.9318e-10
914.2,5.91755e-10
914.3,5.90328e-10
914.4,5.88899e-10
914.5,5.87469e-10
914.6,5.86038e-10
914.7,5.84605e-10
914.8,5.83171e-10
914.9,5.81735e-10
915,5.80297e-10
915.1,5.78665e-10
915.2,5.77032e-10
915.3,5.75399e-10
915.4,5.73766e-10
915.5,5.72131e-10
915.6,5.70497e-10
915.7,5.68862e-10
915.8,5.67227e-10
915.9,5.65591e-10
916,5.63955e-10
916.1,5.62299e-10
916.2,5.60642e-10
916.3,5.58985e-10
916.4,5.57328e-10
916.5,5.55671e-10
916.6,5.54013e-10
916.7,5.52355e-10
916.8,5.50696e-10
916.9,5.49038e-10
917,5.47379e-10
917.1,5.46561e-10
917.2,5.45744e-10
917.3,5.44926e-10
917.4,5.44109e-10
917.5,5.43291e-10
917.6,5.42473e-10
917.7,5.41655e-10
917.8,5.40837e-10
917.9,5.40018e-10
918,5.392e-10
918.1,5.38404e-10
918.2,5.37607e-10
918.3,5.36811e-10
918.4,5.36014e-10
918.5,5.35218e-10
918.6,5.34421e-10
918.7,5.33624e-10
918.8,5.32827e-10
918.9,5.3203e-10
919,5.31233e-10
919.1,5.30363e-10
919.2,5.29493e-10
919.3,5.28624e-10
919.4,5.27754e-10
919.5,5.26885e-10
919.6,5.26016e-10
919.7,5.25147e-10
919.8,5.24278e-10
919.9,5.23409e-10
920,5.2254e-10
920.1,5.21626e-10
920.2,5.20712e-10
920.3,5.19799e-10
920.4,5.18886e-10
920.5,5.17973e-10
920.6,5.1706e-10
920.7,5.16148e-10
920.8,5.15235e-10
920.9,5.14324e-10
921,5.13412e-10
921.1,5.12557e-10
921.2,5.11701e-10
921.3,5.10846e-10
921.4,5.09991e-10
921.5,5.09136e-10
921.6,5.08281e-10
921.7,5.07426e-10
921.8,5.06572e-10
921.9,5.05717e-10
922,5.04862e-10
922.1,5.04272e-10
922.2,5.03682e-10
922.3,5.03091e-10
922.4,5.02501e-10
922.5,5.0191e-10
922.6,5.01319e-10
922.7,5.00728e-10
922.8,5.00136e-10
922.9,4.99545e-10
923,4.98953e-10
923.1,4.98361e-10
923.2,4.9777e-10
923.3,4.97178e-10
923.4,4.96585e-10
923.5,4.95993e-10
923.6,4.954e-10
923.7,4.94808e-10
923.8,4.94215e-10
923.9,4.93622e-10
924,4.93029e-10
924.1,4.92351e-10
924.2,4.91674e-10
924.3,4.90997e-10
924.4,4.9032e-10
924.5,4.89644e-10
924.6,4.88967e-10
924.7,4.8829e-10
924.8,4.87613e-10
924.9,4.86937e-10
925,4.8626e-10
925.1,4.85544e-10
925.2,4.84828e-10
925.3,4.84112e-10
925.4,4.83396e-10
925.5,4.82681e-10
925.6,4.81965e-10
925.7,4.8125e-10
925.8,4.80535e-10
925.9,4.7982e-10
926,4.79106e-10
926.1,4.78557e-10
926.2,4.78009e-10
926.3,4.77461e-10
926.4,4.76913e-10
926.5,4.76365e-10
926.6,4.75818e-10
926.7,4.7527e-10
926.8,4.74723e-10
926.9,4.74176e-10
927,4.73629e-10
927.1,4.7327e-10
927.2,4.7291e-10
927.3,4.72551e-10
927.4,4.72192e-10
927.5,4.71833e-10
927.6,4.71473e-10
927.7,4.71114e-10
927.8,4.70754e-10
927.9,4.70395e-10
928,4.70035e-10
928.1,4.69678e-10
928.2,4.69321e-10
928.3,4.68964e-10
928.4,4.68607e-10
928.5,4.68249e-10
928.6,4.67892e-10
928.7,4.67535e-10
928.8,4.67177e-10
928.9,4.6682e-10
929,4.66462e-10
929.1,4.66088e-10
929.2,4.65714e-10
929.3,4.65339e-10
929.4,4.64965e-10
929.5,4.6459e-10
929.6,4.64216e-10
929.7,4.63841e-10
929.8,4.63467e-10
929.9,4.63093e-10
930,4.62718e-10
930.1,4.62397e-10
930.2,4.62076e-10
930.3,4.61755e-10
930.4,4.61434e-10
930.5,4.61112e-10
930.6,4.60791e-10
930.7,4.60469e-10
930.8,4.60148e-10
930.9,4.59826e-10
931,4.59504e-10
931.1,4.59185e-10
931.2,4.58866e-10
931.3,4.58546e-10
931.4,4.58227e-10
931.5,4.57907e-10
931.6,4.57587e-10
931.7,4.57268e-10
931.8,4.56948e-10
931.9,4.56628e-10
932,4.56308e-10
932.1,4.5609e-10
932.2,4.55873e-10
932.3,4.55655e-10
932.4,4.55437e-10
932.5,4.55219e-10
932.6,4.55001e-10
932.7,4.54783e-10
932.8,4.54565e-10
932.9,4.54346e-10
933,4.54128e-10
933.1,4.53938e-10
933.2,4.53748e-10
933.3,4.53558e-10
933.4,4.53368e-10
933.5,4.53178e-10
933.6,4.52988e-10
933.7,4.52797e-10
933.8,4.52607e-10
933.9,4.52416e-10
934,4.52225e-10
934.1,4.52034e-10
934.2,4.51842e-10
934.3,4.51651e-10
934.4,4.51459e-10
934.5,4.51267e-10
934.6,4.51076e-10
934.7,4.50884e-10
934.8,4.50691e-10
934.9,4.50499e-10
935,4.50306e-10
935.1,4.50005e-10
935.2,4.49703e-10
935.3,4.49401e-10
935.4,4.49099e-10
935.5,4.48797e-10
935.6,4.48495e-10
935.7,4.48193e-10
935.8,4.47891e-10
935.9,4.47589e-10
936,4.47287e-10
936.1,4.46974e-10
936.2,4.46662e-10
936.3,4.46349e-10
936.4,4.46036e-10
936.5,4.45723e-10
936.6,4.45411e-10
936.7,4.45098e-10
936.8,4.44785e-10
936.9,4.44472e-10
937,4.44159e-10
937.1,4.43903e-10
937.2,4.43646e-10
937.3,4.4339e-10
937.4,4.43133e-10
937.5,4.42877e-10
937.6,4.4262e-10
937.7,4.42364e-10
937.8,4.42107e-10
937.9,4.41851e-10
938,4.41594e-10
938.1,4.41433e-10
938.2,4.41273e-10
938.3,4.41112e-10
938.4,4.40951e-10
938.5,4.4079e-10
938.6,4.40629e-10
938.7,4.40468e-10
938.8,4.40307e-10
938.9,4.40146e-10
939,4.39985e-10
939.1,4.39824e-10
939.2,4.39662e-10
939.3,4.39501e-10
939.4,4.3934e-10
939.5,4.39178e-10
939.6,4.39017e-10
939.7,4.38855e-10
939.8,4.38694e-10
939.9,4.38532e-10
940,4.3837e-10
940.1,4.38118e-10
940.2,4.37866e-10
940.3,4.37615e-10
940.4,4.37363e-10
940.5,4.37111e-10
940.6,4.36859e-10
940.7,4.36608e-10
940.8,4.36356e-10
940.9,4.36104e-10
941,4.35853e-10
941.1,4.3558e-10
941.2,4.35308e-10
941.3,4.35036e-10
941.4,4.34763e-10
941.5,4.34491e-10
941.6,4.34219e-10
941.7,4.33947e-10
941.8,4.33675e-10
941.9,4.33403e-10
942,4.33131e-10
942.1,4.32494e-10
942.2,4.31856e-10
942.3,4.31219e-10
942.4,4.30582e-10
942.5,4.29945e-10
942.6,4.29309e-10
942.7,4.28672e-10
942.8,4.28035e-10
942.9,4.27399e-10
943,4.26763e-10
943.1,4.25974e-10
943.2,4.25185e-10
943.3,4.24396e-10
943.4,4.23608e-10
943.5,4.2282e-10
943.6,4.22031e-10
943.7,4.21243e-10
943.8,4.20455e-10
943.9,4.19667e-10
944,4.1888e-10
944.1,4.18095e-10
944.2,4.17311e-10
944.3,4.16526e-10
944.4,4.15742e-10
944.5,4.14958e-10
944.6,4.14174e-10
944.7,4.1339e-10
944.8,4.12606e-10
944.9,4.11823e-10
945,4.11039e-10
945.1,4.10285e-10
945.2,4.09531e-10
945.3,4.08776e-10
945.4,4.08022e-10
945.5,4.07268e-10
945.6,4.06514e-10
945.7,4.05759e-10
945.8,4.05005e-10
945.9,4.04251e-10
946,4.03497e-10
946.1,4.02748e-10
946.2,4.02e-10
946.3,4.01251e-10
946.4,4.00502e-10
946.5,3.99754e-10
946.6,3.99005e-10
946.7,3.98256e-10
946.8,3.97508e-10
946.9,3.96759e-10
947,3.9601e-10
947.1,3.95295e-10
947.2,3.94579e-10
947.3,3.93863e-10
947.4,3.93148e-10
947.5,3.92432e-10
947.6,3.91716e-10
947.7,3.91001e-10
947.8,3.90285e-10
947.9,3.89569e-10
948,3.88853e-10
948.1,3.88145e-10
948.2,3.87436e-10
948.3,3.86728e-10
948.4,3.86019e-10
948.5,3.8531e-10
948.6,3.84602e-10
948.7,3.83893e-10
948.8,3.83185e-10
948.9,3.82476e-10
949,3.81768e-10
949.1,3.81052e-10
949.2,3.80336e-10
949.3,3.7962e-10
949.4,3.78904e-10
949.5,3.78189e-10
949.6,3.77473e-10
949.7,3.76758e-10
949.8,3.76042e-10
949.9,3.75326e-10
950,3.74611e-10
950.1,3.73943e-10
950.2,3.73276e-10
950.3,3.72608e-10
950.4,3.7194e-10
950.5,3.71272e-10
950.6,3.70604e-10
950.7,3.69936e-10
950.8,3.69267e-10
950.9,3.68599e-10
951,3.6793e-10
951.1,3.67261e-10
951.2,3.66592e-10
951.3,3.65923e-10
951.4,3.65254e-10
951.5,3.64584e-10
951.6,3.63915e-10
951.7,3.63245e-10
951.8,3.62575e-10
951.9,3.61905e-10
952,3.61235e-10
952.1,3.60618e-10
952.2,3.60001e-10
952.3,3.59383e-10
952.4,3.58766e-10
952.5,3.58148e-10
952.6,3.5753e-10
952.7,3.56913e-10
952.8,3.56295e-10
952.9,3.55676e-10
953,3.55058e-10
953.1,3.54453e-10
953.2,3.53847e-10
953.3,3.53242e-10
953.4,3.52636e-10
953.5,3.5203e-10
953.6,3.51425e-10
953.7,3.50818e-10
953.8,3.50212e-10
953.9,3.49606e-10
954,3.49e-10
954.1,3.48388e-10
954.2,3.47777e-10
954.3,3.47165e-10
954.4,3.46553e-10
954.5,3.45941e-10
954.6,3.45329e-10
954.7,3.44717e-10
954.8,3.44105e-10
954.9,3.43493e-10
955,3.4288e-10
955.1,3.42248e-10
955.2,3.41615e-10
955.3,3.40983e-10
955.4,3.4035e-10
955.5,3.39717e-10
955.6,3.39085e-10
955.7,3.38452e-10
955.8,3.37819e-10
955.9,3.37186e-10
956,3.36554e-10
956.1,3.35922e-10
956.2,3.3529e-10
956.3,3.34659e-10
956.4,3.34027e-10
956.5,3.33395e-10
956.6,3.32763e-10
956.7,3.32131e-10
956.8,3.31499e-10
956.9,3.30867e-10
957,3.30235e-10
957.1,3.29778e-10
957.2,3.29321e-10
957.3,3.28863e-10
957.4,3.28406e-10
957.5,3.27949e-10
957.6,3.27491e-10
957.7,3.27034e-10
957.8,3.26577e-10
957.9,3.26119e-10
958,3.25662e-10
958.1,3.25233e-10
958.2,3.24803e-10
958.3,3.24374e-10
958.4,3.23945e-10
958.5,3.23516e-10
958.6,3.23087e-10
958.7,3.22658e-10
958.8,3.22228e-10
958.9,3.21799e-10
959,3.2137e-10
959.1,3.2094e-10
959.2,3.20511e-10
959.3,3.20081e-10
959.4,3.19652e-10
959.5,3.19222e-10
959.6,3.18792e-10
959.7,3.18363e-10
959.8,3.17933e-10
959.9,3.17503e-10
960,3.17074e-10
960.1,3.16613e-10
960.2,3.16152e-10
960.3,3.15691e-10
960.4,3.15231e-10
960.5,3.1477e-10
960.6,3.14309e-10
960.7,3.13849e-10
960.8,3.13388e-10
960.9,3.12928e-10
961,3.12467e-10
961.1,3.12007e-10
961.2,3.11547e-10
961.3,3.11086e-10
961.4,3.10626e-10
961.5,3.10166e-10
961.6,3.09706e-10
961.7,3.09246e-10
961.8,3.08786e-10
961.9,3.08326e-10
962,3.07866e-10
962.1,3.07284e-10
962.2,3.06703e-10
962.3,3.06121e-10
962.4,3.0554e-10
962.5,3.04959e-10
962.6,3.04378e-10
962.7,3.03797e-10
962.8,3.03215e-10
962.9,3.02634e-10
963,3.02053e-10
963.1,3.01461e-10
963.2,3.00868e-10
963.3,3.00276e-10
963.4,2.99683e-10
963.5,2.99091e-10
963.6,2.98498e-10
963.7,2.97906e-10
963.8,2.97314e-10
963.9,2.96722e-10
964,2.9613e-10
964.1,2.95538e-10
964.2,2.94946e-10
964.3,2.94354e-10
964.4,2.93762e-10
964.5,2.9317e-10
964.6,2.92578e-10
964.7,2.91987e-10
964.8,2.91395e-10
964.9,2.90803e-10
965,2.90212e-10
965.1,2.89642e-10
965.2,2.89072e-10
965.3,2.88501e-10
965.4,2.87931e-10
965.5,2.87361e-10
965.6,2.86791e-10
965.7,2.8622e-10
965.8,2.8565e-10
965.9,2.8508e-10
966,2.84509e-10
966.1,2.83939e-10
966.2,2.83369e-10
966.3,2.82798e-10
966.4,2.82228e-10
966.5,2.81657e-10
966.6,2.81087e-10
966.7,2.80516e-10
966.8,2.79946e-10
966.9,2.79375e-10
967,2.78805e-10
967.1,2.78303e-10
967.2,2.77801e-10
967.3,2.77299e-10
967.4,2.76797e-10
967.5,2.76294e-10
967.6,2.75792e-10
967.7,2.7529e-10
967.8,2.74788e-10
967.9,2.74286e-10
968,2.73784e-10
968.1,2.73284e-10
968.2,2.72784e-10
968.3,2.72284e-10
968.4,2.71784e-10
968.5,2.71284e-10
968.6,2.70784e-10
968.7,2.70284e-10
968.8,2.69784e-10
968.9,2.69284e-10
969,2.68784e-10
969.1,2.68284e-10
969.2,2.67784e-10
969.3,2.67284e-10
969.4,2.66784e-10
969.5,2.66284e-10
969.6,2.65783e-10
969.7,2.65283e-10
969.8,2.64783e-10
969.9,2.64283e-10
970,2.63782e-10
970.1,2.63273e-10
970.2,2.62764e-10
970.3,2.62255e-10
970.4,2.61746e-10
970.5,2.61237e-10
970.6,2.60728e-10
970.7,2.60218e-10
970.8,2.59709e-10
970.9,2.592e-10
971,2.58691e-10
971.1,2.58611e-10
971.2,2.5853e-10
971.3,2.58449e-10
971.4,2.58369e-10
971.5,2.58288e-10
971.6,2.58208e-10
971.7,2.58127e-10
971.8,2.58046e-10
971.9,2.57966e-10
972,2.57885e-10
972.1,2.57882e-10
972.2,2.5788e-10
972.3,2.57877e-10
972.4,2.57874e-10
972.5,2.57871e-10
972.6,2.57868e-10
972.7,2.57866e-10
972.8,2.57863e-10
972.9,2.5786e-10
973,2.57857e-10
973.1,2.57851e-10
973.2,2.57844e-10
973.3,2.57838e-10
973.4,2.57831e-10
973.5,2.57825e-10
973.6,2.57818e-10
973.7,2.57812e-10
973.8,2.57805e-10
973.9,2.57799e-10
974,2.57792e-10
974.1,2.57786e-10
974.2,2.57779e-10
974.3,2.57773e-10
974.4,2.57766e-10
974.5,2.5776e-10
974.6,2.57753e-10
974.7,2.57747e-10
974.8,2.5774e-10
974.9,2.57734e-10
975,2.57727e-10
975.1,2.57724e-10
975.2,2.5772e-10
975.3,2.57716e-10
975.4,2.57712e-10
975.5,2.57708e-10
975.6,2.57705e-10
975.7,2.57701e-10
975.8,2.57697e-10
975.9,2.57693e-10
976,2.5769e-10
976.1,2.57683e-10
976.2,2.57677e-10
976.3,2.57671e-10
976.4,2.57664e-10
976.5,2.57658e-10
976.6,2.57652e-10
976.7,2.57645e-10
976.8,2.57639e-10
976.9,2.57633e-10
977,2.57626e-10
977.1,2.5762e-10
977.2,2.57614e-10
977.3,2.57607e-10
977.4,2.57601e-10
977.5,2.57595e-10
977.6,2.57588e-10
977.7,2.57582e-10
977.8,2.57576e-10
977.9,2.57569e-10
978,2.57563e-10
978.1,2.57566e-10
978.2,2.57569e-10
978.3,2.57572e-10
978.4,2.57575e-10
978.5,2.57579e-10
978.6,2.57582e-10
978.7,2.57585e-10
978.8,2.57588e-10
978.9,2.57591e-10
979,2.57594e-10
979.1,2.57603e-10
979.2,2.57611e-10
979.3,2.5762e-10
979.4,2.57629e-10
979.5,2.57638e-10
979.6,2.57647e-10
979.7,2.57655e-10
979.8,2.57664e-10
979.9,2.57673e-10
980,2.57682e-10
980.1,2.57708e-10
980.2,2.57735e-10
980.3,2.57761e-10
980.4,2.57788e-10
980.5,2.57815e-10
980.6,2.57841e-10
980.7,2.57868e-10
980.8,2.57894e-10
980.9,2.57921e-10
981,2.57948e-10
981.1,2.57688e-10
981.2,2.57428e-10
981.3,2.57168e-10
981.4,2.56909e-10
981.5,2.56649e-10
981.6,2.56389e-10
981.7,2.56129e-10
981.8,2.55869e-10
981.9,2.55609e-10
982,2.55349e-10
982.1,2.54685e-10
982.2,2.54021e-10
982.3,2.53357e-10
982.4,2.52693e-10
982.5,2.52029e-10
982.6,2.51365e-10
982.7,2.50701e-10
982.8,2.50036e-10
982.9,2.49372e-10
983,2.48707e-10
983.1,2.48044e-10
983.2,2.4738e-10
983.3,2.46716e-10
983.4,2.46052e-10
983.5,2.45387e-10
983.6,2.44723e-10
983.7,2.44059e-10
983.8,2.43394e-10
983.9,2.4273e-10
984,2.42065e-10
984.1,2.41403e-10
984.2,2.40741e-10
984.3,2.40079e-10
984.4,2.39417e-10
984.5,2.38755e-10
984.6,2.38092e-10
984.7,2.3743e-10
984.8,2.36767e-10
984.9,2.36105e-10
985,2.35442e-10
985.1,2.34766e-10
985.2,2.3409e-10
985.3,2.33414e-10
985.4,2.32738e-10
985.5,2.32062e-10
985.6,2.31386e-10
985.7,2.3071e-10
985.8,2.30034e-10
985.9,2.29358e-10
986,2.28681e-10
986.1,2.28007e-10
986.2,2.27332e-10
986.3,2.26658e-10
986.4,2.25983e-10
986.5,2.25309e-10
986.6,2.24634e-10
986.7,2.23959e-10
986.8,2.23285e-10
986.9,2.2261e-10
987,2.21935e-10
987.1,2.21262e-10
987.2,2.20589e-10
987.3,2.19915e-10
987.4,2.19242e-10
987.5,2.18569e-10
987.6,2.17895e-10
987.7,2.17222e-10
987.8,2.16548e-10
987.9,2.15874e-10
988,2.15201e-10
988.1,2.14527e-10
988.2,2.13853e-10
988.3,2.1318e-10
988.4,2.12506e-10
988.5,2.11832e-10
988.6,2.11158e-10
988.7,2.10484e-10
988.8,2.0981e-10
988.9,2.09136e-10
989,2.08462e-10
989.1,2.07793e-10
989.2,2.07123e-10
989.3,2.06454e-10
989.4,2.05785e-10
989.5,2.05115e-10
989.6,2.04446e-10
989.7,2.03776e-10
989.8,2.03106e-10
989.9,2.02436e-10
990,2.01766e-10
990.1,2.01096e-10
990.2,2.00426e-10
990.3,1.99756e-10
990.4,1.99086e-10
990.5,1.98415e-10
990.6,1.97745e-10
990.7,1.97075e-10
990.8,1.96404e-10
990.9,1.95733e-10
991,1.95063e-10
991.1,1.9439e-10
991.2,1.93717e-10
991.3,1.93043e-10
991.4,1.9237e-10
991.5,1.91697e-10
991.6,1.91024e-10
991.7,1.9035e-10
991.8,1.89677e-10
991.9,1.89004e-10
992,1.8833e-10
992.1,1.87639e-10
992.2,1.86949e-10
992.3,1.86258e-10
992.4,1.85568e-10
992.5,1.84877e-10
992.6,1.84187e-10
992.7,1.83497e-10
992.8,1.82806e-10
992.9,1.82116e-10
993,1.81426e-10
993.1,1.80736e-10
993.2,1.80046e-10
993.3,1.79356e-10
993.4,1.78666e-10
993.5,1.77976e-10
993.6,1.77287e-10
993.7,1.76597e-10
993.8,1.75907e-10
993.9,1.75218e-10
994,1.74528e-10
994.1,1.73844e-10
994.2,1.7316e-10
994.3,1.72475e-10
994.4,1.71791e-10
994.5,1.71107e-10
994.6,1.70423e-10
994.7,1.69739e-10
994.8,1.69055e-10
994.9,1.6837e-10
995,1.67686e-10
995.1,1.67009e-10
995.2,1.66331e-10
995.3,1.65653e-10
995.4,1.64975e-10
995.5,1.64297e-10
995.6,1.63619e-10
995.7,1.62941e-10
995.8,1.62264e-10
995.9,1.61586e-10
996,1.60908e-10
996.1,1.60229e-10
996.2,1.59551e-10
996.3,1.58873e-10
996.4,1.58195e-10
996.5,1.57517e-10
996.6,1.56839e-10
996.7,1.56161e-10
996.8,1.55482e-10
996.9,1.54804e-10
997,1.54126e-10
997.1,1.53444e-10
997.2,1.52763e-10
997.3,1.52081e-10
997.4,1.514e-10
997.5,1.50718e-10
997.6,1.50037e-10
997.7,1.49355e-10
997.8,1.48674e-10
997.9,1.47992e-10
998,1.47311e-10
998.1,1.46628e-10
998.2,1.45945e-10
998.3,1.45263e-10
998.4,1.4458e-10
998.5,1.43897e-10
998.6,1.43214e-10
998.7,1.42532e-10
998.8,1.41849e-10
998.9,1.41166e-10
999,1.40484e-10
999.1,1.39801e-10
999.2,1.39118e-10
999.3,1.38436e-10
999.4,1.37753e-10
999.5,1.3707e-10
999.6,1.36388e-10
999.7,1.35705e-10
999.8,1.35023e-10
999.9,1.3434e-10
1000,1.33657e-10
1000.1,1.33534e-10
1000.2,1.3341e-10
1000.3,1.33287e-10
1000.4,1.33163e-10
1000.5,1.33039e-10
1000.6,1.32916e-10
1000.7,1.32792e-10
1000.8,1.32668e-10
1000.9,1.32545e-10
1001,1.32421e-10
1001.1,1.32297e-10
1001.2,1.32173e-10
1001.3,1.3205e-10
1001.4,1.31926e-10
1001.5,1.31802e-10
1001.6,1.31678e-10
1001.7,1.31554e-10
1001.8,1.3143e-10
1001.9,1.31306e-10
1002,1.31182e-10
1002.1,1.31058e-10
1002.2,1.30933e-10
1002.3,1.30809e-10
1002.4,1.30684e-10
1002.5,1.3056e-10
1002.6,1.30435e-10
1002.7,1.3031e-10
1002.8,1.30186e-10
1002.9,1.30061e-10
1003,1.29936e-10
1003.1,1.2981e-10
1003.2,1.29684e-10
1003.3,1.29558e-10
1003.4,1.29432e-10
1003.5,1.29306e-10
1003.6,1.2918e-10
1003.7,1.29054e-10
1003.8,1.28927e-10
1003.9,1.28801e-10
1004,1.28675e-10
1004.1,1.28549e-10
1004.2,1.28423e-10
1004.3,1.28296e-10
1004.4,1.2817e-10
1004.5,1.28044e-10
1004.6,1.27918e-10
1004.7,1.27791e-10
1004.8,1.27665e-10
1004.9,1.27539e-10
1005,1.27412e-10
1005.1,1.2727e-10
1005.2,1.27128e-10
1005.3,1.26987e-10
1005.4,1.26845e-10
1005.5,1.26703e-10
1005.6,1.26561e-10
1005.7,1.26419e-10
1005.8,1.26277e-10
1005.9,1.26136e-10
1006,1.25994e-10
1006.1,1.25852e-10
1006.2,1.2571e-10
1006.3,1.25569e-10
1006.4,1.25427e-10
1006.5,1.25285e-10
1006.6,1.25143e-10
1006.7,1.25002e-10
1006.8,1.2486e-10
1006.9,1.24719e-10
1007,1.24577e-10
1007.1,1.24435e-10
1007.2,1.24294e-10
1007.3,1.24152e-10
1007.4,1.24011e-10
1007.5,1.23869e-10
1007.6,1.23728e-10
1007.7,1.23586e-10
1007.8,1.23445e-10
1007.9,1.23303e-10
1008,1.23162e-10
1008.1,1.23022e-10
1008.2,1.22882e-10
1008.3,1.22742e-10
1008.4,1.22603e-10
1008.5,1.22463e-10
1008.6,1.22323e-10
1008.7,1.22183e-10
1008.8,1.22044e-10
1008.9,1.21904e-10
1009,1.21764e-10
1009.1,1.21625e-10
1009.2,1.21485e-10
1009.3,1.21346e-10
1009.4,1.21206e-10
1009.5,1.21067e-10
1009.6,1.20927e-10
1009.7,1.20788e-10
1009.8,1.20649e-10
1009.9,1.20509e-10
1010,1.2037e-10
1010.1,1.2025e-10
1010.2,1.20129e-10
1010.3,1.20009e-10
1010.4,1.19889e-10
1010.5,1.19768e-10
1010.6,1.19648e-10
1010.7,1.19527e-10
1010.8,1.19407e-10
1010.9,1.19286e-10
1011,1.19166e-10
1011.1,1.19045e-10
1011.2,1.18925e-10
1011.3,1.18804e-10
1011.4,1.18684e-10
1011.5,1.18563e-10
1011.6,1.18442e-10
1011.7,1.18322e-10
1011.8,1.18201e-10
1011.9,1.1808e-10
1012,1.17959e-10
1012.1,1.17838e-10
1012.2,1.17718e-10
1012.3,1.17597e-10
1012.4,1.17476e-10
1012.5,1.17355e-10
1012.6,1.17234e-10
1012.7,1.17113e-10
1012.8,1.16992e-10
1012.9,1.16871e-10
1013,1.1675e-10
1013.1,1.16628e-10
1013.2,1.16507e-10
1013.3,1.16386e-10
1013.4,1.16265e-10
1013.5,1.16144e-10
1013.6,1.16022e-10
1013.7,1.15901e-10
1013.8,1.1578e-10
1013.9,1.15658e-10
1014,1.15537e-10
1014.1,1.15416e-10
1014.2,1.15294e-10
1014.3,1.15173e-10
1014.4,1.15051e-10
1014.5,1.1493e-10
1014.6,1.14808e-10
1014.7,1.14687e-10
1014.8,1.14565e-10
1014.9,1.14443e-10
1015,1.14322e-10
1015.1,1.14184e-10
1015.2,1.14047e-10
1015.3,1.1391e-10
1015.4,1.13772e-10
1015.5,1.13635e-10
1015.6,1.13498e-10
1015.7,1.1336e-10
1015.8,1.13223e-10
1015.9,1.13086e-10
1016,1.12949e-10
1016.1,1.1281e-10
1016.2,1.12671e-10
1016.3,1.12533e-10
1016.4,1.12394e-10
1016.5,1.12256e-10
1016.6,1.12117e-10
1016.7,1.11979e-10
1016.8,1.1184e-10
1016.9,1.11702e-10
1017,1.11563e-10
1017.1,1.11425e-10
1017.2,1.11286e-10
1017.3,1.11147e-10
1017.4,1.11008e-10
1017.5,1.10869e-10
1017.6,1.10731e-10
1017.7,1.10592e-10
1017.8,1.10453e-10
1017.9,1.10314e-10
1018,1.10176e-10
1018.1,1.10037e-10
1018.2,1.09899e-10
1018.3,1.0976e-10
1018.4,1.09622e-10
1018.5,1.09483e-10
1018.6,1.09344e-10
1018.7,1.09206e-10
1018.8,1.09067e-10
1018.9,1.08929e-10
1019,1.0879e-10
1019.1,1.08653e-10
1019.2,1.08516e-10
1019.3,1.08379e-10
1019.4,1.08242e-10
1019.5,1.08105e-10
1019.6,1.07969e-10
1019.7,1.07832e-10
1019.8,1.07695e-10
1019.9,1.07558e-10
1020,1.07421e-10
1020.1,1.07292e-10
1020.2,1.07164e-10
1020.3,1.07036e-10
1020.4,1.06908e-10
1020.5,1.06779e-10
1020.6,1.06651e-10
1020.7,1.06523e-10
1020.8,1.06395e-10
1020.9,1.06266e-10
1021,1.06138e-10
1021.1,1.06008e-10
1021.2,1.05879e-10
1021.3,1.05749e-10
1021.4,1.0562e-10
1021.5,1.0549e-10
1021.6,1.05361e-10
1021.7,1.05231e-10
1021.8,1.05101e-10
1021.9,1.04972e-10
1022,1.04842e-10
1022.1,1.04711e-10
1022.2,1.04579e-10
1022.3,1.04448e-10
1022.4,1.04316e-10
1022.5,1.04184e-10
1022.6,1.04053e-10
1022.7,1.03921e-10
1022.8,1.0379e-10
1022.9,1.03658e-10
1023,1.03526e-10
1023.1,1.03395e-10
1023.2,1.03263e-10
1023.3,1.03132e-10
1023.4,1.03e-10
1023.5,1.02868e-10
1023.6,1.02737e-10
1023.7,1.02605e-10
1023.8,1.02473e-10
1023.9,1.02342e-10
1024,1.0221e-10
1024.1,1.02079e-10
1024.2,1.01949e-10
1024.3,1.01818e-10
1024.4,1.01687e-10
1024.5,1.01556e-10
1024.6,1.01426e-10
1024.7,1.01295e-10
1024.8,1.01164e-10
1024.9,1.01033e-10
1025,1.00903e-10
1025.1,1.00772e-10
1025.2,1.00641e-10
1025.3,1.0051e-10
1025.4,1.0038e-10
1025.5,1.00249e-10
1025.6,1.00118e-10
1025.7,9.99873e-11
1025.8,9.98565e-11
1025.9,9.97257e-11
1026,9.95948e-11
1026.1,9.9464e-11
1026.2,9.93332e-11
1026.3,9.92023e-11
1026.4,9.90714e-11
1026.5,9.89406e-11
1026.6,9.88097e-11
1026.7,9.86788e-11
1026.8,9.85479e-11
1026.9,9.84169e-11
1027,9.8286e-11
1027.1,9.81606e-11
1027.2,9.80353e-11
1027.3,9.79098e-11
1027.4,9.77844e-11
1027.5,9.76589e-11
1027.6,9.75334e-11
1027.7,9.74079e-11
1027.8,9.72824e-11
1027.9,9.71568e-11
1028,9.70312e-11
1028.1,9.69058e-11
1028.2,9.67803e-11
1028.3,9.66548e-11
1028.4,9.65292e-11
1028.5,9.64037e-11
1028.6,9.62781e-11
1028.7,9.61525e-11
1028.8,9.60268e-11
1028.9,9.59012e-11
1029,9.57755e-11
1029.1,9.56483e-11
1029.2,9.5521e-11
1029.3,9.53938e-11
1029.4,9.52665e-11
1029.5,9.51392e-11
1029.6,9.50118e-11
1029.7,9.48845e-11
1029.8,9.47571e-11
1029.9,9.46297e-11
1030,9.45023e-11
1030.1,9.43683e-11
1030.2,9.42342e-11
1030.3,9.41002e-11
1030.4,9.39661e-11
1030.5,9.38321e-11
1030.6,9.3698e-11
1030.7,9.35639e-11
1030.8,9.34299e-11
1030.9,9.32958e-11
1031,9.31617e-11
1031.1,9.30276e-11
1031.2,9.28936e-11
1031.3,9.27595e-11
1031.4,9.26254e-11
1031.5,9.24913e-11
1031.6,9.23572e-11
1031.7,9.22231e-11
1031.8,9.20891e-11
1031.9,9.1955e-11
1032,9.18209e-11
1032.1,9.16875e-11
1032.2,9.15542e-11
1032.3,9.14208e-11
1032.4,9.12875e-11
1032.5,9.11541e-11
1032.6,9.10207e-11
1032.7,9.08873e-11
1032.8,9.0754e-11
1032.9,9.06206e-11
1033,9.04872e-11
1033.1,9.03544e-11
1033.2,9.02215e-11
1033.3,9.00887e-11
1033.4,8.99559e-11
1033.5,8.9823e-11
1033.6,8.96902e-11
1033.7,8.95573e-11
1033.8,8.94244e-11
1033.9,8.92915e-11
1034,8.91587e-11
1034.1,8.90258e-11
1034.2,8.88929e-11
1034.3,8.876e-11
1034.4,8.86271e-11
1034.5,8.84941e-11
1034.6,8.83612e-11
1034.7,8.82283e-11
1034.8,8.80954e-11
1034.9,8.79624e-11
1035,8.78295e-11
1035.1,8.76965e-11
1035.2,8.75634e-11
1035.3,8.74304e-11
1035.4,8.72974e-11
1035.5,8.71644e-11
1035.6,8.70313e-11
1035.7,8.68983e-11
1035.8,8.67652e-11
1035.9,8.66321e-11
1036,8.64991e-11
1036.1,8.63658e-11
1036.2,8.62326e-11
1036.3,8.60993e-11
1036.4,8.59661e-11
1036.5,8.58328e-11
1036.6,8.56995e-11
1036.7,8.55663e-11
1036.8,8.5433e-11
1036.9,8.52997e-11
1037,8.51664e-11
1037.1,8.50333e-11
1037.2,8.49002e-11
1037.3,8.4767e-11
1037.4,8.46339e-11
1037.5,8.45008e-11
1037.6,8.43677e-11
1037.7,8.42345e-11
1037.8,8.41014e-11
1037.9,8.39682e-11
1038,8.38351e-11
1038.1,8.37029e-11
1038.2,8.35708e-11
1038.3,8.34386e-11
1038.4,8.33064e-11
1038.5,8.31742e-11
1038.6,8.3042e-11
1038.7,8.29098e-11
1038.8,8.27776e-11
1038.9,8.26454e-11
1039,8.25131e-11
1039.1,8.23809e-11
1039.2,8.22486e-11
1039.3,8.21164e-11
1039.4,8.19841e-11
1039.5,8.18518e-11
1039.6,8.17195e-11
1039.7,8.15872e-11
1039.8,8.14549e-11
1039.9,8.13226e-11
1040,8.11902e-11
1040.1,8.10516e-11
1040.2,8.09129e-11
1040.3,8.07742e-11
1040.4,8.06355e-11
1040.5,8.04969e-11
1040.6,8.03583e-11
1040.7,8.02196e-11
1040.8,8.0081e-11
1040.9,7.99424e-11
1041,7.98038e-11
1041.1,7.96653e-11
1041.2,7.95267e-11
1041.3,7.93881e-11
1041.4,7.92496e-11
1041.5,7.91111e-11
1041.6,7.89725e-11
1041.7,7.8834e-11
1041.8,7.86955e-11
1041.9,7.8557e-11
1042,7.84186e-11
1042.1,7.82801e-11
1042.2,7.81417e-11
1042.3,7.80032e-11
1042.4,7.78648e-11
1042.5,7.77264e-11
1042.6,7.7588e-11
1042.7,7.74496e-11
1042.8,7.73112e-11
1042.9,7.71728e-11
1043,7.70344e-11
1043.1,7.68961e-11
1043.2,7.67577e-11
1043.3,7.66194e-11
1043.4,7.64811e-11
1043.5,7.63428e-11
1043.6,7.62045e-11
1043.7,7.60662e-11
1043.8,7.59279e-11
1043.9,7.57897e-11
1044,7.56514e-11
1044.1,7.55132e-11
1044.2,7.5375e-11
1044.3,7.52367e-11
1044.4,7.50985e-11
1044.5,7.49603e-11
1044.6,7.48222e-11
1044.7,7.4684e-11
1044.8,7.45458e-11
1044.9,7.44077e-11
1045,7.42695e-11
1045.1,7.41372e-11
1045.2,7.40049e-11
1045.3,7.38725e-11
1045.4,7.37402e-11
1045.5,7.36078e-11
1045.6,7.34754e-11
1045.7,7.33431e-11
1045.8,7.32107e-11
1045.9,7.30783e-11
1046,7.29458e-11
1046.1,7.28124e-11
1046.2,7.2679e-11
1046.3,7.25455e-11
1046.4,7.24121e-11
1046.5,7.22786e-11
1046.6,7.21452e-11
1046.7,7.20117e-11
1046.8,7.18783e-11
1046.9,7.17448e-11
1047,7.16113e-11
1047.1,7.14778e-11
1047.2,7.13443e-11
1047.3,7.12108e-11
1047.4,7.10773e-11
1047.5,7.09438e-11
1047.6,7.08103e-11
1047.7,7.06768e-11
1047.8,7.05432e-11
1047.9,7.04097e-11
1048,7.02762e-11
1048.1,7.0143e-11
1048.2,7.00098e-11
1048.3,6.98766e-11
1048.4,6.97434e-11
1048.5,6.96101e-11
1048.6,6.94769e-11
1048.7,6.93437e-11
1048.8,6.92104e-11
1048.9,6.90772e-11
1049,6.89439e-11
1049.1,6.88113e-11
1049.2,6.86787e-11
1049.3,6.8546e-11
1049.4,6.84134e-11
1049.5,6.82807e-11
1049.6,6.81481e-11
1049.7,6.80154e-11
1049.8,6.78827e-11
1049.9,6.775e-11
1050,6.76173e-11
1050.1,6.74832e-11
1050.2,6.73491e-11
1050.3,6.72149e-11
1050.4,6.70808e-11
1050.5,6.69467e-11
1050.6,6.68125e-11
1050.7,6.66784e-11
1050.8,6.65442e-11
1050.9,6.64101e-11
1051,6.62759e-11
1051.1,6.61417e-11
1051.2,6.60076e-11
1051.3,6.58734e-11
1051.4,6.57392e-11
1051.5,6.5605e-11
1051.6,6.54708e-11
1051.7,6.53366e-11
1051.8,6.52024e-11
1051.9,6.50682e-11
1052,6.4934e-11
1052.1,6.47998e-11
1052.2,6.46656e-11
1052.3,6.45314e-11
1052.4,6.43972e-11
1052.5,6.42629e-11
1052.6,6.41287e-11
1052.7,6.39945e-11
1052.8,6.38602e-11
1052.9,6.3726e-11
1053,6.35917e-11
1053.1,6.34575e-11
1053.2,6.33232e-11
1053.3,6.3189e-11
1053.4,6.30547e-11
1053.5,6.29204e-11
1053.6,6.27861e-11
1053.7,6.26519e-11
1053.8,6.25176e-11
1053.9,6.23833e-11
1054,6.2249e-11
1054.1,6.21138e-11
1054.2,6.19787e-11
1054.3,6.18435e-11
1054.4,6.17084e-11
1054.5,6.15732e-11
1054.6,6.1438e-11
1054.7,6.13029e-11
1054.8,6.11677e-11
1054.9,6.10326e-11
1055,6.08974e-11
1055.1,6.07638e-11
1055.2,6.06301e-11
1055.3,6.04965e-11
1055.4,6.03628e-11
1055.5,6.02292e-11
1055.6,6.00955e-11
1055.7,5.99618e-11
1055.8,5.98282e-11
1055.9,5.96945e-11
1056,5.95608e-11
1056.1,5.94273e-11
1056.2,5.92938e-11
1056.3,5.91603e-11
1056.4,5.90267e-11
1056.5,5.88932e-11
1056.6,5.87597e-11
1056.7,5.86261e-11
1056.8,5.84926e-11
1056.9,5.8359e-11
1057,5.82254e-11
1057.1,5.80925e-11
1057.2,5.79595e-11
1057.3,5.78266e-11
1057.4,5.76936e-11
1057.5,5.75606e-11
1057.6,5.74276e-11
1057.7,5.72946e-11
1057.8,5.71616e-11
1057.9,5.70286e-11
1058,5.68955e-11
1058.1,5.67625e-11
1058.2,5.66294e-11
1058.3,5.64963e-11
1058.4,5.63632e-11
1058.5,5.62301e-11
1058.6,5.6097e-11
1058.7,5.59639e-11
1058.8,5.58307e-11
1058.9,5.56976e-11
1059,5.55644e-11
1059.1,5.54313e-11
1059.2,5.52981e-11
1059.3,5.51649e-11
1059.4,5.50317e-11
1059.5,5.48985e-11
1059.6,5.47652e-11
1059.7,5.4632e-11
1059.8,5.44988e-11
1059.9,5.43655e-11
1060,5.42322e-11
1060.1,5.40961e-11
1060.2,5.396e-11
1060.3,5.38239e-11
1060.4,5.36878e-11
1060.5,5.35517e-11
1060.6,5.34156e-11
1060.7,5.32795e-11
1060.8,5.31434e-11
1060.9,5.30073e-11
1061,5.28713e-11
1061.1,5.27352e-11
1061.2,5.25991e-11
1061.3,5.2463e-11
1061.4,5.23269e-11
1061.5,5.21909e-11
1061.6,5.20548e-11
1061.7,5.19187e-11
1061.8,5.17827e-11
1061.9,5.16466e-11
1062,5.15105e-11
1062.1,5.13745e-11
1062.2,5.12384e-11
1062.3,5.11024e-11
1062.4,5.09663e-11
1062.5,5.08303e-11
1062.6,5.06943e-11
1062.7,5.05582e-11
1062.8,5.04222e-11
1062.9,5.02861e-11
1063,5.01501e-11
1063.1,5.00141e-11
1063.2,4.9878e-11
1063.3,4.9742e-11
1063.4,4.9606e-11
1063.5,4.947e-11
1063.6,4.9334e-11
1063.7,4.9198e-11
1063.8,4.90619e-11
1063.9,4.89259e-11
1064,4.87899e-11
1064.1,4.86538e-11
1064.2,4.85177e-11
1064.3,4.83816e-11
1064.4,4.82455e-11
1064.5,4.81095e-11
1064.6,4.79734e-11
1064.7,4.78373e-11
1064.8,4.77012e-11
1064.9,4.75651e-11
1065,4.74291e-11
1065.1,4.72926e-11
1065.2,4.71562e-11
1065.3,4.70198e-11
1065.4,4.68833e-11
1065.5,4.67469e-11
1065.6,4.66105e-11
1065.7,4.64741e-11
1065.8,4.63377e-11
1065.9,4.62013e-11
1066,4.60649e-11
1066.1,4.59285e-11
1066.2,4.57921e-11
1066.3,4.56558e-11
1066.4,4.55194e-11
1066.5,4.5383e-11
1066.6,4.52467e-11
1066.7,4.51103e-11
1066.8,4.4974e-11
1066.9,4.48376e-11
1067,4.47013e-11
1067.1,4.45652e-11
1067.2,4.44292e-11
1067.3,4.42931e-11
1067.4,4.41571e-11
1067.5,4.4021e-11
1067.6,4.3885e-11
1067.7,4.3749e-11
1067.8,4.36129e-11
1067.9,4.34769e-11
1068,4.33409e-11
1068.1,4.32052e-11
1068.2,4.30696e-11
1068.3,4.29339e-11
1068.4,4.27983e-11
1068.5,4.26626e-11
1068.6,4.25269e-11
1068.7,4.23913e-11
1068.8,4.22556e-11
1068.9,4.212e-11
1069,4.19843e-11
1069.1,4.18487e-11
1069.2,4.1713e-11
1069.3,4.15774e-11
1069.4,4.14418e-11
1069.5,4.13061e-11
1069.6,4.11705e-11
1069.7,4.10348e-11
1069.8,4.08992e-11
1069.9,4.07636e-11
1070,4.06279e-11
1070.1,4.0494e-11
1070.2,4.03601e-11
1070.3,4.02262e-11
1070.4,4.00923e-11
1070.5,3.99583e-11
1070.6,3.98244e-11
1070.7,3.96904e-11
1070.8,3.95565e-11
1070.9,3.94225e-11
1071,3.92885e-11
1071.1,3.91545e-11
1071.2,3.90205e-11
1071.3,3.88865e-11
1071.4,3.87525e-11
1071.5,3.86184e-11
1071.6,3.84844e-11
1071.7,3.83503e-11
1071.8,3.82163e-11
1071.9,3.80822e-11
1072,3.79481e-11
1072.1,3.7814e-11
1072.2,3.76799e-11
1072.3,3.75457e-11
1072.4,3.74116e-11
1072.5,3.72774e-11
1072.6,3.71433e-11
1072.7,3.70091e-11
1072.8,3.68749e-11
1072.9,3.67407e-11
1073,3.66065e-11
1073.1,3.64718e-11
1073.2,3.63371e-11
1073.3,3.62023e-11
1073.4,3.60676e-11
1073.5,3.59328e-11
1073.6,3.57981e-11
1073.7,3.56633e-11
1073.8,3.55285e-11
1073.9,3.53937e-11
1074,3.52589e-11
1074.1,3.51242e-11
1074.2,3.49894e-11
1074.3,3.48546e-11
1074.4,3.47197e-11
1074.5,3.45849e-11
1074.6,3.44501e-11
1074.7,3.43153e-11
1074.8,3.41804e-11
1074.9,3.40456e-11
1075,3.39107e-11
1075.1,3.37753e-11
1075.2,3.36398e-11
1075.3,3.35043e-11
1075.4,3.33689e-11
1075.5,3.32334e-11
1075.6,3.30979e-11
1075.7,3.29625e-11
1075.8,3.2827e-11
1075.9,3.26915e-11
1076,3.2556e-11
1076.1,3.24202e-11
1076.2,3.22844e-11
1076.3,3.21486e-11
1076.4,3.20128e-11
1076.5,3.18771e-11
1076.6,3.17413e-11
1076.7,3.16055e-11
1076.8,3.14697e-11
1076.9,3.13339e-11
1077,3.11981e-11
1077.1,3.10623e-11
1077.2,3.09265e-11
1077.3,3.07908e-11
1077.4,3.0655e-11
1077.5,3.05192e-11
1077.6,3.03834e-11
1077.7,3.02476e-11
1077.8,3.01119e-11
1077.9,2.99761e-11
1078,2.98403e-11
1078.1,2.97053e-11
1078.2,2.95704e-11
1078.3,2.94354e-11
1078.4,2.93004e-11
1078.5,2.91654e-11
1078.6,2.90304e-11
1078.7,2.88954e-11
1078.8,2.87604e-11
1078.9,2.86254e-11
1079,2.84903e-11
1079.1,2.83558e-11
1079.2,2.82212e-11
1079.3,2.80866e-11
1079.4,2.7952e-11
1079.5,2.78174e-11
1079.6,2.76828e-11
1079.7,2.75482e-11
1079.8,2.74135e-11
1079.9,2.72789e-11
1080,2.71442e-11
1080.1,2.70117e-11
1080.2,2.68792e-11
1080.3,2.67466e-11
1080.4,2.6614e-11
1080.5,2.64814e-11
1080.6,2.63487e-11
1080.7,2.6216e-11
1080.8,2.60833e-11
1080.9,2.59505e-11
1081,2.58177e-11
1081.1,2.56845e-11
1081.2,2.55513e-11
1081.3,2.54181e-11
1081.4,2.52848e-11
1081.5,2.51516e-11
1081.6,2.50182e-11
1081.7,2.48849e-11
1081.8,2.47515e-11
1081.9,2.46181e-11
1082,2.44847e-11
1082.1,2.43512e-11
1082.2,2.42177e-11
1082.3,2.40842e-11
1082.4,2.39506e-11
1082.5,2.3817e-11
1082.6,2.36834e-11
1082.7,2.35497e-11
1082.8,2.3416e-11
1082.9,2.32823e-11
1083,2.31486e-11
1083.1,2.30147e-11
1083.2,2.28809e-11
1083.3,2.2747e-11
1083.4,2.26131e-11
1083.5,2.24791e-11
1083.6,2.23451e-11
1083.7,2.22111e-11
1083.8,2.20771e-11
1083.9,2.1943e-11
1084,2.1809e-11
1084.1,2.16746e-11
1084.2,2.15402e-11
1084.3,2.14058e-11
1084.4,2.12714e-11
1084.5,2.11369e-11
1084.6,2.10024e-11
1084.7,2.08679e-11
1084.8,2.07334e-11
1084.9,2.05988e-11
1085,2.04643e-11
1085.1,2.03284e-11
1085.2,2.01925e-11
1085.3,2.00565e-11
1085.4,1.99206e-11
1085.5,1.97847e-11
1085.6,1.96488e-11
1085.7,1.95128e-11
1085.8,1.93769e-11
1085.9,1.92409e-11
1086,1.9105e-11
1086.1,1.89691e-11
1086.2,1.88333e-11
1086.3,1.86974e-11
1086.4,1.85616e-11
1086.5,1.84257e-11
1086.6,1.82899e-11
1086.7,1.8154e-11
1086.8,1.80181e-11
1086.9,1.78822e-11
1087,1.77463e-11
1087.1,1.76105e-11
1087.2,1.74747e-11
1087.3,1.73389e-11
1087.4,1.7203e-11
1087.5,1.70672e-11
1087.6,1.69313e-11
1087.7,1.67955e-11
1087.8,1.66596e-11
1087.9,1.65237e-11
1088,1.63878e-11
1088.1,1.62519e-11
1088.2,1.6116e-11
1088.3,1.59801e-11
1088.4,1.58441e-11
1088.5,1.57082e-11
1088.6,1.55722e-11
1088.7,1.54363e-11
1088.8,1.53003e-11
1088.9,1.51643e-11
1089,1.50283e-11
1089.1,1.48923e-11
1089.2,1.47562e-11
1089.3,1.46202e-11
1089.4,1.44841e-11
1089.5,1.43481e-11
1089.6,1.4212e-11
1089.7,1.40759e-11
1089.8,1.39398e-11
1089.9,1.38037e-11
1090,1.36676e-11
1090.1,1.35312e-11
1090.2,1.33948e-11
1090.3,1.32585e-11
1090.4,1.31221e-11
1090.5,1.29857e-11
1090.6,1.28492e-11
1090.7,1.27128e-11
1090.8,1.25764e-11
1090.9,1.244e-11
1091,1.23035e-11
1091.1,1.21671e-11
1091.2,1.20306e-11
1091.3,1.18941e-11
1091.4,1.17577e-11
1091.5,1.16212e-11
1091.6,1.14847e-11
1091.7,1.13482e-11
1091.8,1.12117e-11
1091.9,1.10752e-11
1092,1.09387e-11
1092.1,1.0802e-11
1092.2,1.06654e-11
1092.3,1.05287e-11
1092.4,1.03921e-11
1092.5,1.02554e-11
1092.6,1.01187e-11
1092.7,9.98208e-12
1092.8,9.84541e-12
1092.9,9.70874e-12
1093,9.57207e-12
1093.1,9.43539e-12
1093.2,9.29872e-12
1093.3,9.16204e-12
1093.4,9.02536e-12
1093.5,8.88868e-12
1093.6,8.75199e-12
1093.7,8.61531e-12
1093.8,8.47862e-12
1093.9,8.34193e-12
1094,8.20524e-12
1094.1,8.06859e-12
1094.2,7.93194e-12
1094.3,7.79528e-12
1094.4,7.65863e-12
1094.5,7.52196e-12
1094.6,7.3853e-12
1094.7,7.24863e-12
1094.8,7.11196e-12
1094.9,6.97528e-12
1095,6.8386e-12
1095.1,6.70128e-12
1095.2,6.56398e-12
1095.3,6.4267e-12
1095.4,6.28944e-12
1095.5,6.1522e-12
1095.6,6.01499e-12
1095.7,5.8778e-12
1095.8,5.74064e-12
1095.9,5.60349e-12
1096,5.46637e-12
1096.1,5.32927e-12
1096.2,5.1922e-12
1096.3,5.05514e-12
1096.4,4.91811e-12
1096.5,4.7811e-12
1096.6,4.64412e-12
1096.7,4.50715e-12
1096.8,4.37021e-12
1096.9,4.2333e-12
1097,4.0964e-12
1097.1,3.95953e-12
1097.2,3.82268e-12
1097.3,3.68585e-12
1097.4,3.54904e-12
1097.5,3.41226e-12
1097.6,3.2755e-12
1097.7,3.13876e-12
1097.8,3.00204e-12
1097.9,2.86535e-12
1098,2.72868e-12
1098.1,2.59203e-12
1098.2,2.45541e-12
1098.3,2.3188e-12
1098.4,2.18222e-12
1098.5,2.04567e-12
1098.6,1.90913e-12
1098.7,1.77262e-12
1098.8,1.63613e-12
1098.9,1.49966e-12
1099,1.36321e-12
1099.1,1.22679e-12
1099.2,1.09039e-12
1099.3,9.54014e-13
1099.4,8.17659e-13
1099.5,6.81326e-13
1099.6,5.45016e-13
1099.7,4.08728e-13
1099.8,2.72463e-13
1099.9,1.3622e-13
1100,0
